player_slug,name,elo,matches,elo_hard,matches_hard,elo_clay,matches_clay,elo_grass,matches_grass,elo_indoors,matches_indoors
/player/sinner-8b8e8/,Sinner J.,2089.6,30,1676.1,3.0,2001.5,19.0,1907.2,8.0,,
/player/gauff/,Gauff C.,2022.2,42,1889.0,21.0,1821.5,14.0,1728.6,7.0,,
/player/alcaraz-5ab70/,Alcaraz C.,2019.0,16,1881.4,9.0,1740.3,6.0,,,1565.7,1.0
/player/kachmazov/,Kachmazov A.,2016.9,31,1876.8,18.0,1901.6,13.0,,,,
/player/seyboth-wild/,Seyboth Wild T.,2015.8,41,1490.5,2.0,2026.1,39.0,,,,
/player/aguilar-cardozo/,Aguilar Cardozo J.,2010.6,41,2004.0,15.0,1842.9,21.0,1629.7,4.0,,
/player/rybakina/,Rybakina E.,2002.7,37,1939.9,18.0,1761.6,13.0,1577.0,6.0,,
/player/dencheva/,Dencheva R.,2002.7,46,1687.2,5.0,1983.4,38.0,,,,
/player/oktiabreva/,Oktiabreva A.,2002.3,23,1468.9,1.0,2002.0,22.0,,,,
/player/dietrich-fa350/,Dietrich D.,2001.1,39,1773.5,6.0,1872.4,28.0,1434.3,1.0,1750.9,4.0
/player/zverev-6f768/,Zverev A.,1997.3,56,1836.5,17.0,1961.7,24.0,1832.1,11.0,1517.4,2.0
/player/ritschard/,Ritschard A.,1991.7,26,1754.8,5.0,1900.1,21.0,,,,
/player/schoen-d4727/,Schoen P.,1987.3,54,1796.5,11.0,1925.9,43.0,,,,
/player/swiatek/,Swiatek I.,1978.8,34,1890.0,18.0,1807.3,12.0,1575.8,4.0,,
/player/kumstat/,Kumstat J.,1978.0,41,1493.2,2.0,1961.8,39.0,,,,
/player/pegula/,Pegula J.,1974.5,40,1857.4,19.0,1750.8,12.0,1759.7,9.0,,
/player/noskova/,Noskova L.,1973.7,40,1759.8,12.0,1588.3,10.0,1955.9,13.0,,
/player/liutova/,Liutova K.,1972.6,26,1924.7,17.0,1837.3,9.0,,,,
/player/hurkacz/,Hurkacz H.,1963.9,42,1906.5,21.0,1615.8,13.0,1621.8,8.0,,
/player/papoe/,Papoe R.,1959.9,51,1889.2,15.0,1878.6,35.0,,,,
/player/dotsenko/,Dotsenko E.,1959.8,12,1972.1,12.0,,,,,,
/player/trynkina/,Trynkina A.,1957.8,19,1970.7,18.0,,,,,1425.9,1.0
/player/shubladze-d599f/,Shubladze A.,1956.2,49,1982.8,40.0,1712.3,5.0,1425.8,1.0,1460.6,3.0
/player/kostyuk-ea2bf/,Kostyuk M.,1953.0,36,1697.4,12.0,1998.1,17.0,1790.4,6.0,,
/player/andreeva-7d55d/,Andreeva M.,1952.8,44,1851.5,14.0,2029.0,25.0,1492.6,3.0,1529.0,2.0
/player/fils/,Fils A.,1951.2,33,1819.3,19.0,1853.4,10.0,1526.8,4.0,,
/player/tarvet/,Tarvet O.,1951.2,31,1873.1,17.0,1664.3,5.0,1557.7,9.0,,
/player/michalski-8906f/,Michalski D.,1949.6,47,1798.8,10.0,1830.0,37.0,,,,
/player/popko/,Popko D.,1948.6,50,1830.6,10.0,1851.7,40.0,,,,
/player/sobolieva/,Sobolieva A.,1947.0,49,1489.0,1.0,1970.9,48.0,,,,
/player/droguet/,Droguet T.,1946.7,50,1917.1,18.0,1736.2,23.0,1576.0,5.0,1627.7,4.0
/player/muchova/,Muchova K.,1943.1,31,1684.5,8.0,1652.7,9.0,1879.0,12.0,,
/player/simakin/,Simakin I.,1940.1,43,1926.8,31.0,1455.0,12.0,,,,
/player/djuric-2d0e6/,Djuric B.,1939.7,35,1758.4,7.0,1901.9,28.0,,,,
/player/alcala-gurri/,Alcala Gurri M.,1939.7,54,1537.4,6.0,1934.9,48.0,,,,
/player/chidekh/,Chidekh C.,1938.6,47,1845.7,22.0,1607.6,7.0,1609.5,11.0,1786.0,7.0
/player/britez-risso/,Britez Risso L.,1937.9,27,1602.8,2.0,1810.4,16.0,,,1800.3,5.0
/player/tiafoe/,Tiafoe F.,1937.2,40,1830.0,18.0,1687.0,11.0,1780.1,11.0,,
/player/hoole-124e0/,Hoole C.,1936.6,22,1677.6,9.0,1890.5,8.0,,,,
/player/de-stefano/,De Stefano S.,1935.3,33,,,1925.4,33.0,,,,
/player/mashtakov/,Mashtakov M.,1934.3,51,1736.7,9.0,1870.9,39.0,1565.7,1.0,,
/player/esquiva-banuls/,Esquiva Banuls C.,1931.5,23,1953.5,15.0,1624.8,8.0,,,,
/player/popa-5ef18/,Popa G.,1931.0,37,,,1926.1,37.0,,,,
/player/zheng-13301/,Zheng Q.,1929.0,30,1948.6,17.0,1580.4,6.0,1416.9,6.0,,
/player/legout/,Legout T.,1926.0,39,1810.0,28.0,1754.5,6.0,1613.8,4.0,,
/player/djakouris-d0c41/,Djakouris C.,1924.2,29,1413.3,1.0,,,,,,
/player/miroshnichenko-94494/,Miroshnichenko V.,1922.6,53,1835.9,12.0,,,,,,
/player/dominko/,Dominko S.,1921.5,30,1820.0,13.0,1793.8,16.0,,,,
/player/burel-b743e/,Burel C.,1921.0,30,1520.1,2.0,1917.1,28.0,,,,
/player/de-minaur/,De Minaur A.,1920.9,40,1761.1,13.0,1672.3,13.0,1692.2,11.0,1565.7,1.0
/player/bartunkova-db92f/,Bartunkova N.,1919.8,40,1817.7,18.0,1581.1,10.0,1650.5,12.0,,
/player/sharipov-a3d0a/,Sharipov M.,1919.3,44,1893.8,32.0,1594.5,12.0,,,,
/player/moro-canas/,Moro Canas A.,1917.8,53,1599.0,8.0,1872.1,42.0,1551.0,3.0,,
/player/mertens-f8826/,Mertens E.,1917.1,35,1850.5,14.0,1625.5,9.0,1706.2,11.0,1457.9,1.0
/player/dodig-b6156/,Dodig M.,1916.6,32,,,1925.7,29.0,1479.9,2.0,,
/player/abe-666a0/,Abe H.,1916.6,33,1843.9,29.0,,,,,1799.4,4.0
/player/wang-d78f7/,Wang X.,1916.1,43,1686.8,12.0,1843.2,21.0,1564.6,1.0,1862.1,9.0
/player/perapekhina/,Perapekhina Y.,1912.0,21,1936.1,21.0,,,,,,
/player/houkes/,Houkes M.,1912.0,55,1803.3,11.0,1790.9,42.0,1376.3,2.0,,
/player/welker/,Welker E.,1910.7,26,,,1621.6,6.0,,,,
/player/mena-99e7a/,Mena F.,1910.3,38,1428.8,2.0,1929.1,36.0,,,,
/player/harris-9f62b/,Harris L.,1910.2,38,1859.1,32.0,1545.6,5.0,1434.3,1.0,,
/player/osaka-fa603/,Osaka N.,1909.3,32,1774.8,13.0,1735.6,10.0,1782.8,9.0,,
/player/swan-1de5d/,Swan K.,1908.6,31,1931.2,25.0,,,1617.6,5.0,,
/player/ahouda-6e19f/,Ahouda W.,1907.9,19,1694.9,5.0,1863.4,13.0,,,,
/player/singh-e3612/,Singh K.,1907.9,36,1645.5,17.0,1854.4,17.0,,,,
/player/medvedev-e0d2d/,Medvedev D.,1906.0,33,1848.5,15.0,1657.9,9.0,1620.2,9.0,,
/player/lehecka/,Lehecka J.,1902.6,38,1733.2,16.0,1615.8,10.0,1691.2,10.0,,
/player/sabalenka/,Sabalenka A.,1901.6,36,1823.7,18.0,1745.8,11.0,1700.4,7.0,,
/player/ferro/,Ferro F.,1901.4,39,1508.7,2.0,1971.7,35.0,1457.4,1.0,1434.3,1.0
/player/shelton-38989/,Shelton B.,1901.0,42,1908.4,18.0,1664.4,13.0,1721.8,9.0,,
/player/jovic-19208/,Jovic I.,1900.3,38,1852.1,15.0,1662.4,13.0,1724.0,8.0,,
/player/aiava/,Aiava D.,1900.0,16,1972.0,15.0,,,,,1434.3,1.0
/player/mayot/,Mayot H.,1899.5,38,1786.8,18.0,1649.5,11.0,1459.0,3.0,1750.8,6.0
/player/sherif-78113/,Sherif M.,1899.2,38,1403.8,2.0,1996.1,35.0,1426.3,1.0,,
/player/cengiz/,Cengiz B.,1898.8,41,1897.3,5.0,1728.0,34.0,,,,
/player/gea/,Gea A.,1897.6,39,1855.6,23.0,1402.7,7.0,1566.2,9.0,,
/player/campana-lee/,Campana Lee G.,1897.2,54,1589.3,3.0,1865.7,51.0,,,,
/player/guzman-db1ff/,Guzman D.,1896.5,23,1874.2,13.0,1640.6,2.0,,,1606.8,5.0
/player/faucon/,Faucon R.,1894.0,49,1723.8,11.0,1870.8,37.0,1446.6,1.0,,
/player/hulme-b1bd8/,Hulme M.,1892.6,26,1838.5,16.0,1714.8,5.0,,,,
/player/ivanovski/,Ivanovski K.,1891.2,20,,,1833.4,16.0,,,,
/player/lagutin-d90ac/,Lagutin P.,1891.0,52,1718.6,14.0,1830.7,29.0,,,,
/player/kruijer/,Kruijer N.,1890.5,18,,,1792.5,9.0,,,,
/player/bernet/,Bernet H.,1889.9,43,1748.2,6.0,1775.5,33.0,,,1626.1,4.0
/player/brunold-a21c2/,Brunold M.,1889.7,39,,,1857.4,39.0,,,,
/player/ivashka/,Ivashka I.,1889.4,34,1859.9,31.0,1506.8,3.0,,,,
/player/hemery/,Hemery C.,1889.0,46,1606.2,10.0,1870.9,31.0,,,,
/player/kwon-b3d34/,Kwon S.,1887.3,32,1833.9,21.0,,,1609.1,8.0,1565.7,1.0
/player/mintegi-del-olmo/,Mintegi Del Olmo A.,1886.9,35,,,1870.6,35.0,,,,
/player/sato-4d5a6/,Sato N.,1886.4,50,1891.1,50.0,,,,,,
/player/kovackova/,Kovackova A.,1886.2,46,,,1871.0,46.0,,,,
/player/yaneva/,Yaneva E.,1885.6,46,1569.8,5.0,1884.8,32.0,1508.2,2.0,1562.7,3.0
/player/timofeeva-3f1c4/,Timofeeva M.,1884.7,48,1829.9,15.0,1860.0,27.0,1580.9,6.0,,
/player/vujovic-b2995/,Vujovic L.,1883.9,45,,,1859.4,45.0,,,,
/player/alves-4adf9/,Alves M.,1883.1,44,1790.3,8.0,1812.8,36.0,,,,
/player/cuenin/,Cuenin S.,1881.3,32,1906.6,11.0,1703.6,21.0,,,,
/player/mikrut/,Mikrut L.,1880.8,21,1499.3,2.0,1891.7,18.0,1434.3,1.0,,
/player/mamedova/,Mamedova E.,1880.7,16,1863.6,16.0,,,,,,
/player/nakashima-68876/,Nakashima B.,1878.9,37,1764.7,20.0,1551.6,10.0,1603.4,6.0,1565.7,1.0
/player/zaytseva-e6a32/,Zaytseva K.,1878.7,36,1572.8,8.0,1971.0,28.0,,,,
/player/sharma-43055/,Sharma A.,1878.1,15,1833.5,15.0,,,,,,
/player/pigato-fbd6b/,Pigato L.,1878.1,33,1890.9,10.0,1707.4,22.0,1428.4,1.0,,
/player/steur-8a849/,Steur J.,1876.4,62,,,1858.1,62.0,,,,
/player/herrero-linana/,Herrero Linana A.,1875.7,49,1570.2,4.0,1853.2,43.0,,,,
/player/lingua-lavallen/,Lingua Lavallen A.,1875.1,14,,,,,,,,
/player/grechkina-aa7e1/,Grechkina A.,1873.8,19,,,,,,,,
/player/mosejczuk-9a09b/,Mosejczuk D.,1872.9,23,1533.7,4.0,1850.7,15.0,1565.7,1.0,,
/player/wong-d3ead/,Wong C.,1872.8,50,1730.8,34.0,1464.2,6.0,1383.6,5.0,1790.3,5.0
/player/justo/,Justo G.,1872.4,45,1422.3,1.0,1875.6,44.0,,,,
/player/nakagawa-7463c/,Nakagawa N.,1871.8,21,1461.1,3.0,1761.4,11.0,1628.8,4.0,,
/player/korneeva-a635d/,Korneeva A.,1871.6,31,1796.2,15.0,1667.6,11.0,1582.1,5.0,,
/player/svitolina/,Svitolina E.,1870.8,38,1783.9,15.0,1935.6,15.0,1541.6,4.0,,
/player/mayew-5a4f0/,Mayew I.,1870.8,13,1465.5,1.0,1522.5,2.0,,,,
/player/williams-f998b/,Williams C.,1870.0,9,,,1870.4,9.0,,,,
/player/vanshelboim/,Vanshelboim E.,1869.7,45,1855.9,11.0,1747.0,33.0,,,,
/player/ebeling-koning/,Ebeling Koning L.,1869.7,49,,,1850.2,49.0,,,,
/player/paardekooper/,Paardekooper S.,1869.6,44,1381.9,2.0,1788.8,18.0,1586.3,3.0,,
/player/jasika/,Jasika O.,1869.3,65,1746.4,39.0,1701.6,9.0,1800.3,5.0,,
/player/friend/,Friend J.,1868.7,37,1817.3,33.0,,,1633.7,4.0,,
/player/weis-6ba1c/,Weis A.,1868.7,44,1731.3,11.0,1819.3,29.0,1633.9,4.0,,
/player/dilek-18ef9/,Dilek D.,1868.5,24,1853.1,24.0,,,,,,
/player/tsitsipas-b526f/,Tsitsipas S.,1868.4,40,1715.6,19.0,1768.8,15.0,1530.0,4.0,,
/player/geerlings/,Geerlings A.,1868.3,29,,,1859.9,29.0,,,,
/player/du-pree/,Du Pree B.,1867.3,40,1826.2,20.0,1704.8,15.0,1422.2,1.0,1765.4,4.0
/player/laskevich/,Laskevich E.,1867.2,15,1784.1,11.0,,,,,1749.5,4.0
/player/nijboer/,Nijboer R.,1866.8,51,1750.2,8.0,1778.3,43.0,,,,
/player/kym/,Kym J.,1866.5,30,1691.5,6.0,1831.9,19.0,1577.3,5.0,,
/player/jones-2fc9a/,Jones S.,1866.4,56,1815.9,35.0,1518.8,6.0,,,,
/player/purcell-e05cf/,Purcell M.,1865.9,21,1680.4,11.0,1923.9,10.0,,,,
/player/marmousez/,Marmousez L.,1865.8,24,1788.7,4.0,1735.7,20.0,,,,
/player/stefanini-e3656/,Stefanini L.,1865.0,42,1828.3,27.0,1412.5,6.0,1568.7,7.0,1504.6,2.0
/player/keys/,Keys M.,1864.0,35,1686.7,10.0,1774.0,14.0,1780.0,11.0,,
/player/erel/,Erel Y.,1862.9,52,1758.2,30.0,1855.9,16.0,1797.7,5.0,,
/player/saitoh/,Saitoh K.,1862.4,40,1789.1,20.0,1690.5,20.0,,,,
/player/palicova/,Palicova B.,1862.3,44,1505.0,5.0,1859.3,38.0,,,1457.3,1.0
/player/bonding/,Bonding O.,1862.2,28,1708.3,12.0,1799.2,14.0,1384.7,2.0,,
/player/lene/,Lene E.,1861.9,42,,,1800.4,38.0,,,1641.0,4.0
/player/quevedo-e94b5/,Quevedo K.,1861.9,41,1790.6,10.0,1780.0,28.0,1477.1,2.0,,
/player/kennedy-8faee/,Kennedy J.,1861.7,14,,,,,,,,
/player/brengle/,Brengle M.,1858.6,55,1854.7,28.0,1835.4,24.0,1564.9,3.0,,
/player/djere/,Djere L.,1858.6,40,1723.3,8.0,1823.4,30.0,1473.1,2.0,,
/player/hennemann/,Hennemann C.,1858.2,49,,,1864.5,45.0,,,,
/player/milev/,Milev Y.,1856.1,39,1439.7,4.0,1837.1,34.0,,,,
/player/jong-f7977/,Jong S.,1855.9,46,1749.0,13.0,1781.2,28.0,1562.0,5.0,,
/player/nordquist/,Nordquist A.,1855.3,27,1537.5,6.0,1881.7,16.0,1651.2,5.0,,
/player/strombachs/,Strombachs R.,1853.7,70,1807.2,22.0,1815.8,44.0,,,,
/player/deckers/,Deckers A.,1852.8,41,1646.7,21.0,1809.2,16.0,1527.6,4.0,,
/player/de-marchi-309eb/,De Marchi A.,1852.4,35,1579.4,8.0,1805.3,26.0,,,,
/player/hardt-79c77/,Hardt N.,1852.1,41,1743.6,4.0,1784.5,35.0,,,,
/player/diaz-acosta/,Diaz Acosta F.,1851.1,49,1407.8,2.0,1906.2,46.0,1446.4,1.0,,
/player/bennani-3005c/,Bennani R.,1850.3,26,1598.6,5.0,1837.2,19.0,,,,
/player/baum-50960/,Baum S.,1849.6,33,1644.3,5.0,1747.6,15.0,,,,
/player/michelsen-a98bb/,Michelsen A.,1849.3,37,1760.1,19.0,1576.3,13.0,1599.2,5.0,,
/player/pace-1c15d/,Pace F.,1849.1,29,1689.1,4.0,1782.0,25.0,,,,
/player/encheva/,Encheva L.,1849.0,38,,,1837.9,32.0,,,1663.8,5.0
/player/duran-a44ae/,Duran T.,1849.0,43,1648.6,23.0,1853.5,15.0,1689.4,5.0,,
/player/soke-e4f51/,Soke D.,1848.6,27,1849.5,27.0,,,,,,
/player/djokovic/,Djokovic N.,1848.4,17,1645.2,6.0,1566.3,4.0,1770.5,7.0,,
/player/jubb/,Jubb P.,1848.3,38,1491.4,13.0,1890.8,19.0,1486.6,6.0,,
/player/nakashima-baff8/,Nakashima B.,1846.6,30,1776.2,15.0,1827.1,10.0,1384.7,2.0,1508.6,2.0
/player/zolotareva-3704a/,Zolotareva R.,1845.6,26,1494.0,3.0,1849.4,22.0,1434.3,1.0,,
/player/davidovich-fokina/,Davidovich Fokina A.,1845.0,28,1747.4,6.0,1593.1,10.0,1752.1,12.0,,
/player/kelm/,Kelm Y.,1844.9,45,1660.7,10.0,1834.7,31.0,1642.8,4.0,,
/player/maria-8ad07/,Maria T.,1844.6,52,1766.4,13.0,1518.7,19.0,1801.1,20.0,,
/player/mcdonald-96990/,McDonald E.,1844.4,24,1866.8,17.0,1556.4,3.0,1474.3,4.0,,
/player/meligeni-rodrigues-alves/,Meligeni Rodrigues Alves F.,1844.3,32,1494.0,5.0,1900.1,26.0,1421.9,1.0,,
/player/rehberg-2d8d7/,Rehberg M.,1844.2,54,1667.7,5.0,1813.2,49.0,,,,
/player/singh-2e37e/,Singh D.,1844.1,40,1594.1,20.0,1872.0,17.0,1434.3,1.0,,
/player/javia/,Javia D.,1844.1,31,1664.0,9.0,1795.3,19.0,,,,
/player/breaz/,Breaz A.,1843.9,35,,,1836.6,29.0,,,,
/player/preston-55461/,Preston J.,1843.9,23,1823.1,15.0,1595.7,8.0,,,,
/player/kotov-392a7/,Kotov P.,1843.9,26,1832.7,20.0,1466.2,6.0,,,,
/player/chang-2b28e/,Chang H.,1843.7,37,1784.7,31.0,,,,,1769.2,6.0
/player/dorofeeva-rybas/,Dorofeeva-Rybas F.,1843.3,21,,,1825.2,18.0,,,,
/player/zarate-fab15/,Zarate C.,1842.6,49,1838.7,13.0,1716.2,31.0,1790.4,5.0,,
/player/andreev-8a7ee/,Andreev A.,1841.5,21,1643.5,5.0,1792.5,16.0,,,,
/player/dellavedova/,Dellavedova M.,1840.0,90,1598.2,34.0,2008.3,51.0,1658.7,5.0,,
/player/artnak/,Artnak B.,1839.6,37,1677.9,8.0,1779.4,28.0,,,,
/player/perez-alarcon/,Perez Alarcon L.,1839.4,36,1741.5,10.0,1811.7,26.0,,,,
/player/moeller-322bf/,Moeller M.,1839.1,52,1634.2,4.0,1811.8,48.0,,,,
/player/gentzsch/,Gentzsch T.,1838.7,51,1460.4,3.0,1857.4,43.0,1458.5,5.0,,
/player/jodar/,Jodar R.,1838.1,42,1659.5,15.0,1856.8,22.0,1555.2,3.0,1565.7,1.0
/player/basiletti/,Basiletti N.,1837.3,41,,,1832.5,41.0,,,,
/player/kalinskaya/,Kalinskaya A.,1836.7,27,1718.6,10.0,1765.3,12.0,1579.3,5.0,,
/player/eala/,Eala A.,1836.3,42,1718.6,12.0,1479.4,10.0,1719.7,16.0,1582.5,4.0
/player/roh-507eb/,Roh H.,1836.0,31,1715.5,6.0,1787.9,20.0,1564.8,5.0,,
/player/jones-68698/,Jones F.,1835.6,41,1643.0,5.0,1851.5,32.0,1305.9,4.0,,
/player/radovanovic-5b7ca/,Radovanovic N.,1834.4,45,,,1820.0,44.0,,,,
/player/saraiva-dos-santos/,Saraiva Dos Santos P.,1834.1,45,1574.3,6.0,1820.1,38.0,,,,
/player/mcphee/,Mcphee K.,1833.3,21,1752.0,14.0,,,,,,
/player/montes-de-la-torre/,Montes-De La Torre I.,1833.1,55,1840.1,18.0,1722.9,36.0,,,1434.3,1.0
/player/siskova/,Siskova A.,1833.0,41,1801.1,13.0,1803.4,25.0,1434.3,1.0,1515.2,2.0
/player/astakhova/,Astakhova D.,1832.3,47,1791.6,19.0,1762.0,28.0,,,,
/player/nicod/,Nicod J.,1832.2,29,1651.1,5.0,1753.9,21.0,1675.4,3.0,,
/player/hlavata/,Hlavata N.,1831.8,19,,,1566.7,7.0,,,,
/player/heide-17a3d/,Heide G.,1831.3,51,1388.0,3.0,1851.9,45.0,1503.2,2.0,,
/player/kim-cbe6a/,Kim Y.,1830.6,35,1844.6,29.0,,,,,1627.4,6.0
/player/kovackova-1f88f/,Kovackova J.,1830.4,21,1488.9,1.0,1815.1,20.0,,,,
/player/ehrenschneider/,Ehrenschneider N.,1830.2,61,1599.2,11.0,1789.8,48.0,1508.6,2.0,,
/player/snitari/,Snitari I.,1830.1,20,1629.4,4.0,1615.7,7.0,1792.4,5.0,,
/player/miron-cc8b7/,Miron T.,1830.1,30,1434.3,1.0,1825.4,29.0,,,,
/player/milovanova/,Milovanova V.,1829.7,40,1842.5,40.0,,,,,,
/player/maute/,Maute J.,1829.6,14,1752.2,9.0,1631.0,4.0,,,,
/player/cerundolo/,Cerundolo F.,1829.5,36,1721.3,13.0,1595.5,14.0,1703.9,6.0,1434.3,1.0
/player/navarro-d5bcf/,Navarro E.,1829.4,32,1698.9,10.0,1679.2,10.0,1661.1,12.0,,
/player/cirstea/,Cirstea S.,1829.3,28,1682.3,7.0,1832.5,16.0,1598.2,5.0,,
/player/badosa/,Badosa P.,1829.1,31,1633.6,8.0,1872.4,18.0,1497.3,5.0,,
/player/popa-2eece/,Popa M.,1829.1,38,,,1808.6,38.0,,,,
/player/egorova-5b1bf/,Egorova D.,1827.9,43,1678.1,8.0,1836.3,35.0,,,,
/player/papamalamis/,Papamalamis T.,1827.5,35,1625.8,5.0,1805.0,27.0,1533.9,3.0,,
/player/piros/,Piros Z.,1827.0,51,1587.0,3.0,1817.7,45.0,1501.3,2.0,,
/player/barrena-f6642/,Barrena A.,1826.6,39,,,1805.8,38.0,1421.6,1.0,,
/player/anisimova-3be62/,Anisimova A.,1826.3,16,1690.4,9.0,1502.8,2.0,1621.8,5.0,,
/player/zoldakova/,Zoldakova D.,1826.3,36,1666.2,4.0,1791.1,32.0,,,,
/player/villanueva-55ff0/,Villanueva G.,1826.2,58,1795.1,15.0,1773.2,43.0,,,,
/player/caniato/,Caniato C.,1825.5,45,1551.4,4.0,1790.8,41.0,,,,
/player/oz-08ffe/,Oz I.,1825.4,50,,,1814.6,49.0,,,,
/player/arsic-f07e6/,Arsic N.,1825.2,14,1610.8,2.0,1659.0,6.0,1621.2,4.0,,
/player/jones-44ce4/,Jones H.,1824.6,30,1698.1,10.0,1716.0,16.0,1504.6,2.0,,
/player/overbeck/,Overbeck C.,1824.5,34,1503.9,12.0,1967.4,22.0,,,,
/player/bouzkova/,Bouzkova M.,1824.4,37,1711.1,12.0,1680.4,11.0,1772.1,11.0,,
/player/ghirardato/,Ghirardato E.,1824.3,38,1536.7,3.0,1791.8,26.0,,,,
/player/lokoli/,Lokoli L.,1823.8,49,1581.5,7.0,1774.2,37.0,1787.0,5.0,,
/player/dalla-valle/,Dalla Valle E.,1823.5,67,,,1794.1,66.0,,,,
/player/madaras/,Madaras D.,1823.3,24,1699.6,5.0,1767.5,19.0,,,,
/player/shcherbinina/,Shcherbinina A.,1823.1,61,1787.2,34.0,,,,,1686.2,5.0
/player/van-de-zandschulp/,Van De Zandschulp B.,1823.1,42,1725.9,19.0,1580.6,17.0,1484.9,5.0,,
/player/guttau/,Guttau N.,1823.1,33,1724.1,13.0,1730.7,18.0,1506.4,2.0,,
/player/debru-5353d/,Debru G.,1823.0,6,1821.2,5.0,1434.3,1.0,,,,
/player/gombos/,Gombos N.,1822.4,48,,,1796.5,46.0,,,,
/player/agwi/,Agwi M.,1822.0,25,1738.1,8.0,1717.0,15.0,1490.1,2.0,,
/player/kroitor/,Kroitor K.,1821.9,38,1742.4,29.0,1877.9,9.0,,,,
/player/esposito-cogan/,Esposito Cogan A.,1821.2,14,1460.1,1.0,,,,,,
/player/searle-78f04/,Searle H.,1821.1,44,1679.5,23.0,1818.4,9.0,1849.2,12.0,,
/player/nishino-6a828/,Nishino N.,1820.9,19,1652.5,14.0,,,,,,
/player/blinkova/,Blinkova A.,1820.8,52,1808.4,25.0,1580.9,17.0,1538.3,10.0,,
/player/schunk/,Schunk N.,1820.8,36,,,1817.2,34.0,,,1499.0,2.0
/player/kim-207ea/,Kim J.,1820.5,17,1651.7,4.0,1860.1,11.0,1422.1,1.0,,
/player/shi-2f390/,Shi H.,1820.5,56,1821.9,52.0,1387.2,2.0,,,1534.6,2.0
/player/ristic-c4968/,Ristic M.,1819.8,45,1619.0,3.0,1816.0,41.0,,,,
/player/tabacco/,Tabacco F.,1819.4,60,1708.6,15.0,1761.6,39.0,,,,
/player/almazan-valiente/,Almazan Valiente I.,1819.1,57,1731.5,17.0,1796.0,40.0,,,,
/player/fritz-f1aa7/,Fritz T.,1818.9,31,1704.1,14.0,1432.4,2.0,1798.2,14.0,1434.3,1.0
/player/kalina/,Kalina V.,1818.7,27,1615.3,2.0,1591.1,9.0,1565.7,1.0,,
/player/maristany-zuleta-de-reales/,Maristany Zuleta De Reales G.,1818.7,34,1543.5,2.0,1815.7,32.0,,,,
/player/wan-4f657/,Wan I.,1818.5,31,1746.5,19.0,,,,,1507.1,2.0
/player/halys/,Halys Q.,1818.0,38,1668.3,12.0,1803.2,19.0,1486.4,6.0,,
/player/pareja-fe715/,Pareja J.,1817.6,22,1714.2,14.0,1465.9,3.0,,,1794.0,5.0
/player/sesko/,Sesko Z.,1817.3,27,1619.9,10.0,1763.5,16.0,1434.3,1.0,,
/player/kostovic/,Kostovic T.,1817.1,44,1678.7,12.0,1799.5,24.0,1610.5,4.0,,
/player/schiessl-49747/,Schiessl E.,1817.1,20,1606.7,2.0,1718.9,14.0,,,,
/player/wiskandt/,Wiskandt M.,1816.7,45,1674.7,5.0,1719.9,35.0,1782.3,5.0,,
/player/dellien/,Dellien H.,1816.6,53,1420.8,4.0,1881.7,47.0,1487.3,1.0,,
/player/vacherot/,Vacherot V.,1816.4,23,1670.5,10.0,1634.7,11.0,,,,
/player/lazarenko/,Lazarenko K.,1816.4,28,1841.0,28.0,,,,,,
/player/jirousek/,Jirousek T.,1816.2,21,,,,,,,,
/player/staeheli/,Staeheli L.,1816.2,51,1707.4,13.0,1720.1,34.0,,,1611.8,4.0
/player/snigur/,Snigur D.,1815.9,33,1720.0,12.0,1581.5,8.0,1675.8,9.0,1721.2,4.0
/player/roura-llaverias/,Roura Llaverias R.,1815.8,51,,,1800.1,51.0,,,,
/player/stevens-4391a/,Stevens Z.,1814.5,34,1722.0,13.0,1754.9,8.0,,,,
/player/curmi/,Curmi F.,1814.3,46,,,1799.7,45.0,,,1434.3,1.0
/player/huesler/,Huesler M.,1814.0,26,,,1828.5,20.0,1405.6,6.0,,
/player/honer/,Honer A.,1813.8,24,1622.2,7.0,1821.8,17.0,,,,
/player/johnson-a3da6/,Johnson S.,1813.0,40,1653.3,17.0,1878.5,17.0,1798.5,6.0,,
/player/dougaz/,Dougaz A.,1813.0,48,1700.1,19.0,1778.4,19.0,1725.3,8.0,,
/player/krutykh/,Krutykh O.,1812.6,57,1647.6,4.0,1760.3,50.0,1504.6,2.0,,
/player/malla/,Malla B.,1812.3,33,1705.9,15.0,1770.8,12.0,1569.3,3.0,,
/player/van-zonneveld/,Van Zonneveld C.,1812.1,27,1684.7,4.0,1771.4,23.0,,,,
/player/stoyanov/,Stoyanov A.,1812.0,26,,,1795.5,26.0,,,,
/player/banerjee-3b4c6/,Banerjee S.,1811.8,19,1717.5,9.0,1737.1,10.0,,,,
/player/pucinelli-de-almeida/,Pucinelli De Almeida M.,1811.6,52,1635.8,9.0,1847.7,42.0,,,,
/player/safiullin/,Safiullin R.,1811.6,50,1670.6,15.0,1874.6,22.0,1699.2,13.0,,
/player/balus/,Balus I.,1810.5,33,1532.5,2.0,1822.3,31.0,,,,
/player/varillas/,Varillas J.,1810.4,35,1469.2,1.0,1780.3,32.0,,,,
/player/volynets/,Volynets K.,1810.2,45,1702.5,15.0,1597.1,16.0,1743.8,14.0,,
/player/nesterov-34bdf/,Nesterov P.,1810.0,55,1751.5,20.0,1715.0,34.0,,,,
/player/zhiyenbayeva/,Zhiyenbayeva S.,1809.7,24,1884.4,20.0,,,,,1535.3,2.0
/player/cassone/,Cassone M.,1809.3,18,1763.8,13.0,,,1437.7,4.0,1565.7,1.0
/player/malmkjaer/,Malmkjaer E.,1809.0,28,1810.3,12.0,1617.7,16.0,,,,
/player/broom-cb719/,Broom C.,1808.9,45,1731.5,27.0,1721.1,9.0,1516.8,9.0,,
/player/reis-da-silva/,Reis Da Silva J.,1808.8,35,,,1804.8,34.0,1405.8,1.0,,
/player/savano/,Savano M.,1808.2,18,1640.0,4.0,1698.4,10.0,1434.3,1.0,,
/player/barthel-1fad0/,Barthel M.,1808.2,34,1578.6,5.0,1791.9,23.0,1375.6,2.0,1767.3,4.0
/player/gueymard-wayenburg/,Gueymard Wayenburg S.,1808.0,40,1618.2,5.0,1473.8,25.0,,,1812.9,10.0
/player/nedic/,Nedic A.,1807.5,45,,,1758.8,43.0,1434.3,1.0,,
/player/loffhagen/,Loffhagen G.,1807.4,10,1860.2,5.0,1485.2,5.0,,,,
/player/martin-manzano/,Martin Manzano J.,1807.1,51,1730.9,8.0,1767.4,43.0,,,,
/player/pieri-b83b4/,Pieri S.,1807.0,53,1676.7,7.0,1722.6,46.0,,,,
/player/matusevich/,Matusevich A.,1806.7,47,1701.4,13.0,1808.9,23.0,1505.1,9.0,1504.6,2.0
/player/jade/,Jade D.,1806.5,27,1755.2,8.0,1739.7,19.0,,,,
/player/day-d3fce/,Day K.,1806.0,45,1743.9,18.0,1798.3,20.0,1608.8,7.0,,
/player/jeanjean/,Jeanjean L.,1805.9,44,1767.7,17.0,1620.7,18.0,1651.8,5.0,,
/player/penickova-a0d1e/,Penickova A.,1805.5,27,1791.6,18.0,1597.2,9.0,,,,
/player/yunchaokete/,Yunchaokete B.,1805.2,46,1700.8,32.0,1462.3,1.0,1767.6,13.0,,
/player/dlimi/,Dlimi Y.,1805.1,27,1666.5,5.0,1742.5,21.0,,,,
/player/lajal/,Lajal M.,1804.9,51,1790.0,39.0,1486.8,1.0,1517.2,10.0,1436.0,1.0
/player/andrade-58258/,Andrade A.,1804.9,38,1716.4,18.0,1590.7,14.0,1386.1,2.0,1700.8,3.0
/player/giaccio/,Giaccio J.,1804.8,26,1794.0,16.0,1650.4,10.0,,,,
/player/marysko/,Marysko V.,1804.7,27,1688.5,9.0,1684.2,16.0,,,,
/player/fonseca-57dc1/,Fonseca J.,1804.5,25,1646.1,6.0,1740.5,14.0,1542.7,4.0,,
/player/grabher-af483/,Grabher J.,1804.4,42,1474.5,7.0,1854.3,34.0,1422.1,1.0,,
/player/dahlin/,Dahlin M.,1804.2,11,,,1798.8,10.0,,,,
/player/shnaider-51347/,Shnaider D.,1803.7,34,1694.6,15.0,1769.2,15.0,1410.6,4.0,,
/player/passola/,Passola B.,1803.6,15,1836.3,7.0,1656.7,8.0,,,,
/player/grammatikopoulou/,Grammatikopoulou V.,1803.4,35,1520.8,6.0,1826.4,26.0,,,,
/player/ezzat-00f23/,Ezzat Y.,1803.1,31,1858.9,28.0,1462.7,1.0,,,,
/player/baroni-d9fb9/,Baroni N.,1802.9,17,1565.7,1.0,1715.7,9.0,1626.7,2.0,,
/player/basile-67dd4/,Basile P.,1802.8,39,1719.2,10.0,1728.7,29.0,,,,
/player/podoroska/,Podoroska N.,1802.6,40,1794.1,20.0,1699.3,19.0,1434.3,1.0,,
/player/zgirovsky/,Zgirovsky A.,1802.4,21,1629.4,10.0,1661.4,4.0,1569.3,3.0,,
/player/sholokhova/,Sholokhova M.,1802.1,24,1786.0,21.0,,,,,,
/player/ruud-dfb38/,Ruud C.,1801.8,30,1479.6,3.0,1860.1,22.0,1408.4,2.0,1565.7,1.0
/player/hallquist-lithen/,Hallquist Lithen J.,1801.8,62,1728.9,17.0,1684.1,44.0,,,,
/player/perot/,Perot R.,1801.7,51,1745.3,8.0,1768.6,42.0,,,1457.3,1.0
/player/iatcenko/,Iatcenko P.,1801.3,37,1668.2,26.0,1430.9,3.0,1790.5,8.0,,
/player/dmitrichenko-e3c30/,Dmitrichenko Y.,1800.6,15,1788.9,15.0,,,,,,
/player/marques-1098b/,Marques G.,1800.5,53,1735.7,25.0,1641.1,27.0,,,,
/player/dong-85685/,Dong E.,1800.5,10,1779.4,8.0,,,,,,
/player/bradshaw-06801/,Bradshaw J.,1800.3,24,1637.1,8.0,1741.4,15.0,1565.7,1.0,,
/player/shapovalov/,Shapovalov D.,1799.8,26,1783.4,16.0,1451.9,7.0,1476.7,3.0,,
/player/hurrion/,Hurrion M.,1799.6,47,1703.8,25.0,1802.4,19.0,1346.3,3.0,,
/player/sakamoto-9c9d5/,Sakamoto R.,1799.3,41,1725.5,21.0,1570.0,15.0,1508.6,4.0,,
/player/pawlikowska/,Pawlikowska Z.,1798.9,35,1827.9,27.0,1580.8,8.0,,,,
/player/townsend/,Townsend T.,1798.0,20,1733.6,10.0,1586.8,7.0,1449.9,3.0,,
/player/krstic/,Krstic V.,1797.9,36,1765.3,6.0,1629.1,17.0,1664.7,3.0,,
/player/samson-587bc/,Samson L.,1797.4,32,1345.7,3.0,1893.0,28.0,1463.0,1.0,,
/player/wobker/,Wobker I.,1797.3,30,1484.5,1.0,1783.8,29.0,,,,
/player/forejtek/,Forejtek J.,1797.2,35,,,1771.5,35.0,,,,
/player/gallardo-guevara/,Gallardo Guevara C.,1797.0,42,1700.6,25.0,1871.5,17.0,,,,
/player/van-zyl-e3373/,Van Zyl M.,1797.0,18,1808.3,18.0,,,,,,
/player/makarova-eedde/,Makarova M.,1796.9,4,,,,,,,,
/player/mrva/,Mrva M.,1796.6,39,,,1770.2,39.0,,,,
/player/kim-22c3e/,Kim D.,1796.1,30,1798.8,30.0,,,,,,
/player/henning-421d6/,Henning P.,1795.9,49,1879.8,28.0,1658.3,19.0,,,1458.4,1.0
/player/pastikova-568bc/,Paštiková J.,1795.4,31,,,1757.1,31.0,,,,
/player/breazu/,Breazu V.,1794.9,38,1812.0,12.0,1685.2,17.0,1434.3,1.0,,
/player/knutson/,Knutson G.,1794.4,50,1785.8,29.0,1538.3,10.0,1612.6,9.0,1504.6,2.0
/player/lumsden-ae5ff/,Lumsden E.,1794.2,23,1555.3,1.0,1637.9,13.0,,,,
/player/lazarov-47d1d/,Lazarov G.,1794.1,41,1604.5,5.0,1755.0,25.0,,,,
/player/mensik/,Mensik J.,1794.1,35,1699.8,15.0,1779.0,12.0,1510.8,5.0,1434.3,1.0
/player/potapova-ae536/,Potapova A.,1794.0,33,1627.7,9.0,1830.8,22.0,1489.1,2.0,,
/player/bencic/,Bencic B.,1793.7,24,1649.0,6.0,1724.4,12.0,1615.9,4.0,,
/player/vargova-f5ada/,Vargova N.,1793.7,31,,,1775.1,31.0,,,,
/player/weir-4762d/,Weir L.,1792.9,74,1644.1,16.0,,,,,,
/player/terziyska/,Terziyska J.,1792.8,10,,,,,,,,
/player/alexandrova-3181a/,Alexandrova E.,1792.7,28,1725.9,14.0,1382.1,6.0,1545.6,8.0,,
/player/tupitsyna/,Tupitsyna E.,1792.6,25,1812.9,25.0,,,,,,
/player/kubka/,Kubka M.,1792.4,48,1748.8,35.0,1679.8,6.0,1695.5,5.0,1504.6,2.0
/player/brantmeier/,Brantmeier R.,1792.2,31,1765.7,29.0,,,1504.3,2.0,,
/player/delaney/,Delaney J.,1791.8,62,1660.6,24.0,1830.0,37.0,1565.7,1.0,,
/player/rapolu/,Rapolu M.,1791.4,59,1746.2,53.0,,,,,1614.6,6.0
/player/vandromme/,Vandromme J.,1791.3,38,1761.5,14.0,1728.3,16.0,1545.8,3.0,1696.8,5.0
/player/barbier-gazeu/,Barbier Gazeu P.,1791.2,14,1599.9,4.0,1738.7,5.0,1626.0,4.0,,
/player/cayetano/,Cayetano E.,1791.1,17,1589.6,5.0,1780.1,12.0,,,,
/player/pedone/,Pedone G.,1791.0,57,,,1776.8,57.0,,,,
/player/juhas-379af/,Juhas K.,1791.0,41,1548.6,7.0,1822.1,26.0,1502.5,2.0,,
/player/tomic-4ca3d/,Tomic B.,1790.7,42,1741.4,31.0,1477.1,4.0,1483.3,7.0,,
/player/fearnley/,Fearnley J.,1790.6,38,1646.6,18.0,1469.6,5.0,1796.9,15.0,,
/player/tseng-5c1bc/,Tseng C.,1790.4,40,1609.4,5.0,1743.8,29.0,1434.3,1.0,1559.3,3.0
/player/paul-324c3/,Paul T.,1789.5,38,1613.8,13.0,1747.7,15.0,1648.7,10.0,,
/player/passaro-5f6f1/,Passaro F.,1789.3,28,1606.4,4.0,1717.1,24.0,,,,
/player/midon/,Midon L.,1789.2,34,1442.2,3.0,1829.3,30.0,1421.4,1.0,,
/player/vandewinkel/,Vandewinkel H.,1788.7,34,1808.9,16.0,1440.6,10.0,1499.0,7.0,,
/player/coulibaly-f4551/,Coulibaly E.,1788.3,29,1645.0,17.0,1802.2,11.0,,,1457.3,1.0
/player/merida-aguilar/,Merida Aguilar D.,1788.3,44,1661.4,12.0,1746.1,29.0,1414.7,2.0,,
/player/basavareddy/,Basavareddy N.,1788.3,30,1729.7,12.0,1663.6,18.0,,,,
/player/amariei/,Amariei I.,1787.9,30,,,1787.4,30.0,,,,
/player/sidorova-c06bb/,Sidorova K.,1787.7,27,1641.1,21.0,1433.2,2.0,,,1744.9,4.0
/player/lombardini/,Lombardini M.,1787.5,43,,,1774.3,43.0,,,,
/player/yaffa/,Yaffa D.,1787.5,10,,,,,,,,
/player/milburn/,Milburn K.,1787.0,8,,,,,,,,
/player/sec-5aa32/,Sec S.,1786.7,13,,,1571.3,3.0,,,,
/player/denolly/,Denolly C.,1786.7,30,1771.7,11.0,1698.9,19.0,,,,
/player/balshaw/,Balshaw F.,1786.7,51,1700.0,20.0,1803.0,28.0,,,1565.3,3.0
/player/lemire-4ac78/,Lemire C.,1786.2,20,1713.2,5.0,1703.0,12.0,1626.7,2.0,,
/player/petruzelova-71e3d/,Petruzelova L.,1785.8,52,,,1775.5,52.0,,,,
/player/auger-aliassime/,Auger Aliassime F.,1785.7,30,1517.1,6.0,1679.0,12.0,1710.2,10.0,,
/player/wang-010e0/,Wang J.,1785.2,41,1775.7,31.0,1502.8,5.0,,,1655.9,5.0
/player/tudorica/,Tudorica A.,1784.5,14,1631.1,2.0,1713.6,12.0,,,,
/player/orlov-d8e3f/,Orlov V.,1783.9,50,1656.0,15.0,1718.9,32.0,1685.7,3.0,,
/player/majdandzic/,Majdandzic M.,1783.9,34,1642.0,10.0,1766.2,24.0,,,,
/player/krueger-7fc13/,Krueger A.,1783.3,34,1457.8,7.0,1569.3,10.0,1884.4,17.0,,
/player/fakih-644b8/,Fakih K.,1783.3,26,1655.1,23.0,,,,,,
/player/fernandes-7b64c/,Fernandes R.,1783.3,26,1495.2,5.0,1702.4,14.0,,,,
/player/mcadoo/,Mcadoo R.,1783.2,22,,,1729.7,22.0,,,,
/player/stoiana/,Stoiana M.,1782.8,50,1680.8,19.0,1686.5,19.0,1666.0,12.0,,
/player/stricker/,Stricker D.,1782.8,38,1588.6,4.0,1806.5,31.0,,,1504.6,2.0
/player/tubello/,Tubello A.,1782.8,45,1493.4,2.0,1804.5,42.0,1422.1,1.0,,
/player/kisimov/,Kisimov D.,1782.8,16,1610.8,2.0,1689.0,13.0,,,,
/player/tirante/,Tirante T.,1782.7,35,1601.3,12.0,1733.4,19.0,1459.7,3.0,,
/player/cvetkovic-da1f9/,Cvetkovic A.,1782.5,17,,,1775.4,17.0,,,,
/player/deatherage/,Deatherage M.,1782.4,23,,,,,,,,
/player/gorgodze/,Gorgodze E.,1781.8,43,1708.7,9.0,1768.4,28.0,1464.6,3.0,,
/player/crawford-71058/,Crawford O.,1781.6,28,1701.2,7.0,1703.4,9.0,1664.6,12.0,,
/player/todoni-0af2b/,Todoni C.,1781.4,45,,,1777.5,45.0,,,,
/player/murgett-2f675/,Murgett F.,1781.2,34,1660.4,9.0,1733.3,21.0,,,,
/player/verdes/,Verdes E.,1781.0,4,,,,,,,,
/player/avanesyan-8de1d/,Avanesyan E.,1780.9,39,1486.7,3.0,1791.2,32.0,,,,
/player/guerrieri/,Guerrieri A.,1780.8,54,1717.9,15.0,1774.0,35.0,1536.9,4.0,,
/player/loge/,Loge J.,1780.7,41,1645.5,17.0,1720.4,24.0,,,,
/player/lopatetska/,Lopatetska D.,1780.5,12,,,1775.9,12.0,,,,
/player/jeong-c0986/,Jeong S.,1780.4,25,1777.3,25.0,,,,,,
/player/juan-mano/,Juan Mano A.,1780.4,21,1478.6,5.0,1715.9,12.0,1629.5,4.0,,
/player/skliar/,Skliar P.,1780.2,18,1711.0,3.0,1689.4,15.0,,,,
/player/valkusz/,Valkusz M.,1780.1,20,1686.8,5.0,1606.4,11.0,,,,
/player/neumayer/,Neumayer L.,1779.9,51,1522.4,2.0,1788.7,47.0,1434.3,1.0,,
/player/zmak-9e7c0/,Zmak D.,1779.9,11,,,1574.8,4.0,,,,
/player/stankovic-c7d3f/,Stankovic A.,1779.3,55,,,1759.9,50.0,,,,
/player/mi/,Mi L.,1779.3,61,1778.0,61.0,,,,,,
/player/bertrand-5e35a/,Bertrand R.,1779.1,55,1651.8,26.0,1697.4,26.0,1571.4,3.0,,
/player/liu-53de8/,Liu C.,1778.9,41,1668.4,11.0,1762.7,23.0,1643.9,7.0,,
/player/oradini-5af56/,Oradini G.,1778.4,54,1660.8,13.0,1720.2,41.0,,,,
/player/kraus-e1937/,Kraus S.,1778.3,52,1650.0,13.0,1844.7,32.0,1457.6,7.0,,
/player/lee-534c9/,Lee H.,1777.9,37,1796.2,30.0,,,1514.7,2.0,1473.2,5.0
/player/van-zyl-c6ef1/,Van Zyl J.,1777.8,23,1688.4,9.0,1744.7,9.0,,,,
/player/andrade-da-silva/,Andrade Da Silva L.,1777.7,24,1477.6,4.0,1787.8,20.0,,,,
/player/chen-9a30f/,Chen K.,1777.6,14,1725.7,7.0,1600.1,7.0,,,,
/player/tien/,Tien L.,1777.1,35,1663.6,13.0,1780.5,13.0,1458.7,5.0,1482.6,2.0
/player/pieri/,Pieri J.,1777.0,32,1492.4,3.0,1784.1,29.0,,,,
/player/bladelius/,Bladelius H.,1776.7,24,1531.7,5.0,1599.4,6.0,1494.5,2.0,,
/player/donald-1f277/,Donald M.,1776.6,59,1740.4,12.0,1717.2,42.0,1689.1,5.0,,
/player/chepelev-1d3cb/,Chepelev A.,1776.4,76,1727.4,23.0,1694.0,53.0,,,,
/player/sanchez-jover/,Sanchez Jover C.,1776.3,41,1445.5,3.0,1756.0,38.0,,,,
/player/minnen/,Minnen G.,1776.3,29,1585.8,5.0,1515.6,6.0,1674.6,13.0,1577.1,3.0
/player/cortez-llorca/,Cortez Llorca L.,1776.3,33,1415.3,2.0,1815.1,31.0,,,,
/player/al-amin/,Al-Amin K.,1776.1,27,1409.2,2.0,1645.2,7.0,1434.3,1.0,,
/player/pavlova-bb367/,Pavlova K.,1776.0,26,1726.5,22.0,,,,,1611.4,4.0
/player/gima-59cd8/,Gima S.,1776.0,53,1557.4,15.0,1750.3,38.0,,,,
/player/siedliska/,Siedliska N.,1775.8,16,,,1506.4,2.0,,,,
/player/khomutsianskaya/,Khomutsianskaya D.,1775.7,37,1718.4,34.0,,,,,1614.4,3.0
/player/tanuma/,Tanuma R.,1775.7,47,1554.6,7.0,1628.9,18.0,1594.6,4.0,,
/player/chang-ddf68/,Chang A.,1775.6,23,1751.1,5.0,1571.2,11.0,1434.3,1.0,,
/player/turcanu-14bcb/,Turcanu R.,1775.4,44,1806.7,20.0,1602.9,23.0,1434.3,1.0,,
/player/khachanov/,Khachanov K.,1775.1,31,1715.0,13.0,1601.5,13.0,1505.4,5.0,,
/player/nguyen-ef216/,Nguyen A.,1775.1,10,,,,,,,,
/player/vocel/,Vocel M.,1775.0,8,,,1757.0,8.0,,,,
/player/daniels-44a8e/,Daniels E.,1774.9,25,1763.4,10.0,1638.0,15.0,,,,
/player/daniel-2dd17/,Daniel T.,1774.7,46,1585.9,19.0,1838.9,27.0,,,,
/player/de-lange-a9a68/,De Lange P.,1774.6,38,1657.8,7.0,1690.9,26.0,1527.6,4.0,,
/player/obradovic-33b41/,Obradovic A.,1774.6,46,,,1616.4,24.0,,,,
/player/compagnucci-d4f62/,Compagnucci T.,1774.5,49,1550.8,6.0,1753.5,43.0,,,,
/player/pham-88743/,Pham D.,1774.4,15,1422.8,1.0,1700.3,10.0,,,,
/player/giovannini-45dca/,Giovannini L.,1774.1,33,,,1813.0,29.0,1437.9,1.0,,
/player/koyama-1a8dc/,Koyama H.,1774.0,34,1808.3,12.0,1627.8,18.0,1457.2,3.0,,
/player/borisiouk/,Borisiouk M.,1773.8,24,1638.1,12.0,1542.7,5.0,1707.1,3.0,,
/player/sakamoto-b1d5b/,Sakamoto P.,1773.5,35,1698.7,5.0,1705.9,30.0,,,,
/player/burillo-escorihuela/,Burillo Escorihuela I.,1773.5,39,1449.8,1.0,1804.3,38.0,,,,
/player/huang-4dd5f/,Huang Y.,1773.1,43,1763.9,32.0,1522.7,7.0,,,1639.0,4.0
/player/maquet/,Maquet M.,1773.0,49,,,1789.5,48.0,,,1422.1,1.0
/player/chung-403ca/,Chung Y.,1772.8,27,1626.6,10.0,1714.3,16.0,,,,
/player/arystanbekova-a7dab/,Arystanbekova A.,1772.8,32,1792.9,29.0,,,,,1580.3,3.0
/player/ruchkina/,Ruchkina K.,1772.5,10,1777.1,8.0,1513.3,2.0,,,,
/player/senthil-kumar-da250/,Senthil Kumar R.,1772.3,27,1422.1,1.0,1703.3,14.0,1664.1,3.0,,
/player/wassermann/,Wassermann D.,1771.5,22,1607.2,4.0,1735.1,15.0,,,,
/player/borges-8d823/,Borges N.,1771.2,39,1583.3,11.0,1631.1,18.0,1597.3,9.0,,
/player/crawley-65dbb/,Crawley F.,1771.1,28,1706.1,23.0,1549.2,2.0,1556.6,3.0,,
/player/rublev/,Rublev A.,1770.9,40,1647.7,14.0,1846.2,22.0,1416.4,4.0,,
/player/m-rifki/,M Rifki F.,1770.9,37,1755.0,17.0,1688.2,16.0,1521.6,2.0,1504.6,2.0
/player/okamura-13b40/,Okamura K.,1770.9,38,1734.1,35.0,,,,,1563.4,3.0
/player/rapagnetta/,Rapagnetta D.,1770.8,35,1584.8,7.0,1728.8,27.0,1422.1,1.0,,
/player/blockx/,Blockx A.,1770.5,32,1596.4,9.0,1784.4,22.0,1461.4,1.0,,
/player/sorger/,Sorger S.,1770.4,52,1829.8,11.0,1635.4,41.0,,,,
/player/rodionov-f5e38/,Rodionov J.,1770.3,45,1598.4,8.0,1625.7,26.0,1672.8,9.0,,
/player/hudd/,Hudd E.,1770.2,48,1714.0,22.0,1788.2,24.0,1434.3,1.0,1451.8,1.0
/player/zhu-bb6ef/,Zhu E.,1770.0,57,1664.5,36.0,1748.4,17.0,1637.2,4.0,,
/player/molcan/,Molcan A.,1769.8,45,1637.0,6.0,1727.8,32.0,1573.5,5.0,,
/player/ostapenkov/,Ostapenkov D.,1769.4,43,1631.5,14.0,1743.3,25.0,,,1598.0,4.0
/player/inchauspe/,Inchauspe P.,1769.2,20,1655.1,9.0,1777.6,11.0,,,,
/player/carnicella/,Carnicella K.,1769.1,25,1738.9,20.0,1554.1,5.0,,,,
/player/cirotte-767ac/,Cirotte A.,1769.1,34,1804.4,27.0,1503.3,6.0,,,1434.3,1.0
/player/jansen-ad70f/,Jansen W.,1769.0,17,1540.2,4.0,1770.3,8.0,1465.2,5.0,,
/player/vallejo-d7859/,Vallejo A.,1768.8,40,1675.4,14.0,1666.8,22.0,1408.0,2.0,,
/player/panshina/,Panshina V.,1768.8,34,1692.8,14.0,1720.6,20.0,,,,
/player/thanos/,Thanos A.,1768.8,18,1636.8,2.0,1730.7,15.0,1434.3,1.0,,
/player/lim-1b6f4/,Lim J.,1768.8,42,1599.8,4.0,1787.1,38.0,,,,
/player/hatouka/,Hatouka Y.,1768.7,23,1797.5,23.0,,,,,,
/player/darderi/,Darderi L.,1768.6,42,1627.1,12.0,1795.0,27.0,1483.1,3.0,,
/player/charaeva/,Charaeva A.,1768.4,46,1744.2,16.0,1676.4,23.0,1573.9,7.0,,
/player/fonio/,Fonio G.,1768.3,18,1473.2,3.0,1772.5,15.0,,,,
/player/perelygina/,Perelygina E.,1767.9,39,1761.5,11.0,1635.5,23.0,,,,
/player/bellucci-47e7e/,Bellucci M.,1767.6,41,1706.7,17.0,1530.1,14.0,1606.6,10.0,,
/player/arzhankin/,Arzhankin A.,1767.5,43,1690.6,20.0,1705.2,17.0,1693.0,5.0,,
/player/karunaratne/,Karunaratne A.,1767.4,28,1769.9,20.0,1746.1,7.0,,,1434.3,1.0
/player/perez-contri/,Perez Contri S.,1767.3,41,1629.0,10.0,1681.2,31.0,,,,
/player/baris/,Baris O.,1767.3,39,1692.2,26.0,1746.8,10.0,1504.6,2.0,1434.3,1.0
/player/maduzzi/,Maduzzi G.,1767.0,40,,,1765.3,40.0,,,,
/player/buchnik-40594/,Buchnik M.,1767.0,23,1813.1,22.0,1464.2,1.0,,,,
/player/kotliar/,Kotliar Y.,1767.0,35,1657.1,2.0,1699.9,33.0,,,,
/player/tortora/,Tortora D.,1766.7,36,1668.2,16.0,1716.6,18.0,,,,
/player/wu-9762d/,Wu Y.,1766.6,36,1620.2,12.0,1657.5,13.0,1376.5,6.0,1686.6,5.0
/player/vedder/,Vedder E.,1766.6,55,1758.4,12.0,1722.3,43.0,,,,
/player/maxted/,Maxted L.,1766.5,28,1618.2,9.0,1720.5,17.0,1484.6,2.0,,
/player/gagliardo/,Gagliardo L.,1766.5,35,1645.4,8.0,1628.4,20.0,1569.3,3.0,,
/player/kubareva/,Kubareva A.,1766.3,34,1799.5,33.0,,,,,1460.7,1.0
/player/ce/,Ce G.,1766.1,39,1433.0,1.0,1793.0,35.0,,,,
/player/wolf-e839f/,Wolf J.,1766.1,31,1693.0,19.0,1730.3,10.0,1565.7,1.0,1434.3,1.0
/player/sultanov/,Sultanov K.,1765.9,49,1585.5,16.0,1806.0,29.0,1434.3,1.0,1589.0,3.0
/player/sanchez-izquierdo-99add/,Sanchez Izquierdo N.,1765.7,52,1434.3,1.0,1758.7,50.0,1423.7,1.0,,
/player/bobichon/,Bobichon M.,1765.5,36,1518.0,9.0,1732.1,21.0,,,1571.4,6.0
/player/giunta-87d40/,Giunta M.,1765.4,54,1694.6,21.0,1732.7,33.0,,,,
/player/pieczonka-07acc/,Pieczonka F.,1765.1,14,1631.4,5.0,1649.6,9.0,,,,
/player/valentova/,Valentova T.,1764.8,29,1721.2,15.0,1550.5,9.0,1507.0,5.0,,
/player/ahlawat-ca7f6/,Ahlawat S.,1764.6,10,1769.3,10.0,,,,,,
/player/gulin-1ef00/,Gulin S.,1764.3,44,,,1727.3,44.0,,,,
/player/plipuech-c0138/,Plipuech P.,1764.0,21,1777.1,20.0,1429.0,1.0,,,,
/player/nikles/,Nikles J.,1763.9,60,1421.6,1.0,1763.1,58.0,1435.2,1.0,,
/player/nilsson-1fb6c/,Nilsson L.,1763.4,29,1544.4,4.0,1766.6,25.0,,,,
/player/tomescu-bf7d6/,Tomescu D.,1763.4,10,1515.2,2.0,1741.5,8.0,,,,
/player/moller-6ea06/,Moller E.,1762.7,35,1450.9,4.0,1809.7,29.0,,,,
/player/thamm/,Thamm M.,1762.7,15,,,1670.4,10.0,1435.6,1.0,1714.3,4.0
/player/rocha-0492a/,Rocha H.,1762.6,38,1739.2,11.0,1679.3,23.0,1400.7,4.0,,
/player/harmon/,Harmon A.,1762.6,9,,,,,,,,
/player/samsonova/,Samsonova L.,1762.1,31,1659.7,16.0,1505.0,8.0,1535.3,7.0,,
/player/poullain/,Poullain L.,1762.1,39,1748.2,15.0,1495.7,17.0,1497.4,2.0,1573.7,5.0
/player/zhang-f5385/,Zhang J.,1761.9,44,1757.0,32.0,1434.3,1.0,,,1592.4,11.0
/player/breazu-5a544/,Breazu M.,1761.8,44,1341.6,6.0,1800.3,27.0,1569.3,3.0,,
/player/milanovic-d24f1/,Milanovic D.,1761.7,27,,,1674.0,12.0,,,,
/player/marcondes/,Marcondes I.,1761.6,20,1686.9,8.0,1693.7,10.0,1434.3,1.0,1434.3,1.0
/player/wallin-c26c8/,Wallin O.,1761.6,50,1560.5,5.0,1743.4,43.0,,,,
/player/pacheco-mendez/,Pacheco Mendez R.,1761.5,33,1720.0,21.0,1594.0,12.0,,,,
/player/pohankova/,Pohankova M.,1761.4,27,1780.8,10.0,1518.7,8.0,1487.3,5.0,,
/player/ferguson-67223/,Ferguson C.,1761.2,35,1652.1,15.0,1686.8,20.0,,,,
/player/tej-bhagra/,Tej Bhagra B.,1761.2,11,,,,,,,,
/player/bertimon/,Bertimon C.,1761.1,35,1706.2,13.0,1699.9,17.0,1511.2,2.0,,
/player/glinka/,Glinka D.,1761.1,43,1759.6,23.0,1544.4,15.0,1352.8,4.0,1434.3,1.0
/player/ma-7113c/,Ma L.,1760.7,34,1719.2,25.0,1557.5,8.0,1470.2,1.0,,
/player/ivanov-5f3c9/,Ivanov I.,1760.6,43,1579.5,15.0,1705.6,21.0,1561.1,7.0,,
/player/van-assche/,Van Assche L.,1760.6,42,1607.4,13.0,1818.0,29.0,,,,
/player/fernandez-8411c/,Fernandez L.,1760.6,35,1589.9,10.0,1551.7,15.0,1386.6,5.0,1786.4,5.0
/player/bandecchi/,Bandecchi S.,1760.6,49,1746.2,30.0,1678.0,15.0,1434.3,1.0,1459.0,3.0
/player/chambonniere/,Chambonniere M.,1760.4,29,1590.7,4.0,1608.4,13.0,1664.1,3.0,,
/player/ivanov-2885b/,Ivanov V.,1760.0,60,1727.8,14.0,1756.8,35.0,,,1780.5,8.0
/player/zantedeschi/,Zantedeschi A.,1759.9,47,,,1738.5,47.0,,,,
/player/montgomery-8a7c9/,Montgomery R.,1759.5,32,1666.9,10.0,1485.9,12.0,1762.0,10.0,,
/player/yodpetch/,Yodpetch K.,1759.5,37,1770.2,34.0,,,,,1577.9,3.0
/player/sanchez-e4e94/,Sanchez A.,1759.5,46,1669.6,18.0,1684.8,22.0,1434.3,1.0,1690.2,5.0
/player/delage/,Delage P.,1759.3,45,1737.2,20.0,1592.8,22.0,1567.6,3.0,,
/player/kubacha/,Kubacha Z.,1758.9,8,,,,,,,,
/player/redza/,Redza F.,1758.2,4,,,,,,,,
/player/vandermeersch/,Vandermeersch C.,1758.2,25,1761.2,15.0,1691.4,9.0,1434.3,1.0,,
/player/cervino-ruiz/,Cervino Ruiz C.,1758.1,45,1765.0,36.0,1525.6,9.0,,,,
/player/chanta/,Chanta T.,1758.1,19,1726.2,8.0,1628.4,11.0,,,,
/player/hasson/,Hasson J.,1757.8,40,1576.3,12.0,1760.5,25.0,1513.3,2.0,,
/player/montsi-a0436/,Montsi K.,1757.6,18,1580.8,6.0,1713.1,6.0,1796.0,5.0,,
/player/heck/,Heck H.,1757.2,51,1647.7,17.0,1626.9,19.0,1626.7,2.0,,
/player/morais-c304a/,Morais D.,1757.2,31,1529.8,10.0,1663.9,15.0,1566.5,1.0,,
/player/cerny-50045/,Cerny M.,1757.2,35,1536.1,2.0,1728.8,32.0,,,,
/player/brunkow/,Brunkow G.,1757.1,5,,,,,,,,
/player/rottgering/,Rottgering M.,1757.0,30,1663.3,22.0,1594.5,1.0,1522.4,4.0,1572.6,3.0
/player/rajski/,Rajski M.,1757.0,32,1482.8,2.0,1518.9,7.0,,,,
/player/kravchenko-62c4a/,Kravchenko G.,1756.8,55,1497.9,8.0,1723.0,45.0,,,,
/player/van-der-meerschen/,Van Der Meerschen M.,1756.7,43,1469.4,7.0,1791.6,36.0,,,,
/player/basing/,Basing M.,1756.6,29,1753.6,17.0,1450.7,1.0,1620.6,11.0,,
/player/ren-2bd98/,Ren Y.,1756.5,41,1751.6,29.0,1585.8,11.0,,,1578.7,1.0
/player/boitan/,Boitan G.,1756.3,33,1578.6,17.0,1761.2,16.0,,,,
/player/echeverria-ef17c/,Echeverria J.,1756.3,45,1499.6,13.0,1742.6,31.0,,,,
/player/colin-acde5/,Colin P.,1756.1,9,1549.7,1.0,1669.3,7.0,,,,
/player/monteiro-f1500/,Monteiro T.,1756.0,33,,,1749.2,33.0,,,,
/player/steiner-d4b74/,Steiner V.,1755.9,53,1641.5,3.0,1758.8,49.0,,,1448.7,1.0
/player/feldbausch/,Feldbausch K.,1755.8,44,1434.3,1.0,1765.5,43.0,,,,
/player/alexandrescou/,Alexandrescou Y.,1755.6,19,1682.0,6.0,1658.3,13.0,,,,
/player/barranco-cosano/,Barranco Cosano J.,1755.5,22,1658.0,4.0,1694.3,18.0,,,,
/player/ojakaar/,Ojakaar O.,1754.8,24,1594.2,6.0,1706.4,14.0,,,,
/player/lagerbohm/,Lagerbohm L.,1754.8,24,1438.1,1.0,1674.2,18.0,1784.0,5.0,,
/player/stelse/,Stelse C.,1754.6,4,,,,,,,,
/player/shibahara-0dcc9/,Shibahara E.,1754.5,9,1660.9,5.0,,,,,1654.9,4.0
/player/bejlek/,Bejlek S.,1754.5,30,1697.4,19.0,1450.5,7.0,1416.3,4.0,,
/player/martin-3dfa5/,Martin A.,1754.5,45,1742.4,8.0,1646.5,37.0,,,,
/player/noha-akugue/,Noha Akugue N.,1754.4,43,1642.5,10.0,1764.2,26.0,1482.7,3.0,,
/player/shelbayh/,Shelbayh A.,1754.4,41,1618.8,20.0,1528.4,12.0,1500.4,4.0,1701.2,5.0
/player/crossley-e1579/,Crossley M.,1753.5,24,1742.7,23.0,,,,,,
/player/daryabeigi/,Daryabeigi S.,1753.1,13,1663.3,3.0,1655.8,7.0,1423.2,1.0,,
/player/zhenikhova/,Zhenikhova S.,1753.1,41,,,1744.9,41.0,,,,
/player/willwerth/,Willwerth B.,1752.6,27,1530.1,14.0,1843.2,10.0,1394.5,2.0,,
/player/fellows-484ca/,Fellows J.,1752.1,34,1543.1,7.0,1682.4,16.0,,,,
/player/kuzmanov/,Kuzmanov D.,1751.9,49,1641.7,8.0,1709.7,41.0,,,,
/player/filin-b22a4/,Filin N.,1751.6,15,1671.7,6.0,1658.4,5.0,,,1434.3,1.0
/player/vives-marcos/,Vives Marcos P.,1751.5,33,1580.1,5.0,1709.0,25.0,1567.6,3.0,,
/player/shylov/,Shylov H.,1751.5,37,1751.1,12.0,1593.1,21.0,,,,
/player/rispoli-218ca/,Rispoli N.,1751.4,34,1593.5,5.0,1682.1,24.0,1626.7,2.0,,
/player/paolini-4af25/,Paolini J.,1751.2,20,1552.5,4.0,1547.6,7.0,1703.0,6.0,,
/player/borruel/,Borruel D.,1751.1,11,,,,,,,,
/player/mchugh/,McHugh A.,1751.1,12,1616.5,4.0,1685.0,8.0,,,,
/player/borg-0659d/,Borg L.,1751.0,26,1365.6,8.0,1793.5,18.0,,,,
/player/kokkinis/,Kokkinis T.,1750.8,24,1785.0,9.0,1555.5,15.0,,,,
/player/masur-d87d6/,Masur D.,1750.7,44,1698.9,22.0,1668.3,18.0,1434.3,1.0,1549.3,3.0
/player/wehnelt/,Wehnelt K.,1750.5,45,1613.3,6.0,1709.7,39.0,,,,
/player/choinski/,Choinski J.,1750.4,46,1387.0,4.0,1860.5,35.0,1613.9,7.0,,
/player/nagy-7d10c/,Nagy A.,1750.3,46,1605.7,3.0,1733.9,37.0,,,,
/player/ryndin/,Ryndin M.,1750.2,5,,,,,,,,
/player/fuele/,Fuele M.,1749.9,19,1574.9,1.0,1719.3,18.0,,,,
/player/trevisan-d1edd/,Trevisan M.,1749.8,38,,,1759.5,37.0,1434.3,1.0,,
/player/van-tilburg/,Van Tilburg R.,1749.8,14,,,,,,,,
/player/lazaro-juncadella/,Lazaro Juncadella M.,1749.7,25,1577.8,3.0,1714.7,15.0,1534.2,3.0,,
/player/wessels-3ac5c/,Wessels L.,1749.4,41,1831.0,12.0,1489.2,24.0,1782.9,5.0,,
/player/perez-ramos/,Perez Ramos P.,1749.3,31,1646.2,9.0,1685.8,18.0,,,,
/player/kicker/,Kicker N.,1749.3,30,,,1750.0,30.0,,,,
/player/tutu/,Tutu M.,1749.1,22,,,,,,,,
/player/domingos/,Domingos D.,1749.0,29,1616.8,7.0,1616.2,15.0,,,,
/player/collarini/,Collarini A.,1748.5,12,,,1742.3,12.0,,,,
/player/bouchelaghem/,Bouchelaghem C.,1748.5,40,1580.9,16.0,1757.6,24.0,,,,
/player/blanch-748a3/,Blanch D.,1748.3,41,1675.4,14.0,1603.7,16.0,1605.0,8.0,1569.3,3.0
/player/fullana/,Fullana L.,1748.3,33,1856.3,16.0,1507.3,17.0,,,,
/player/zgola-c2bff/,Zgola B.,1748.2,30,1524.7,6.0,1728.9,16.0,,,,
/player/argyrokastriti/,Argyrokastriti M.,1747.8,37,1448.0,1.0,1756.2,36.0,,,,
/player/cerundolo-08df6/,Cerundolo J.,1747.8,44,1577.3,12.0,1806.3,28.0,1562.7,4.0,,
/player/ibragimova-ef6ec/,Ibragimova A.,1747.6,44,1579.2,9.0,1837.8,33.0,,,1504.6,2.0
/player/miguel-00ffb/,Miguel L.,1747.4,19,,,1675.6,15.0,,,,
/player/becroft/,Becroft I.,1747.1,56,1585.0,12.0,1726.3,41.0,1573.2,3.0,,
/player/monzon-8e6ef/,Monzon I.,1747.1,47,1841.3,18.0,1594.5,29.0,,,,
/player/munar-d1298/,Munar J.,1747.0,29,1673.3,10.0,1614.4,14.0,1539.1,5.0,,
/player/kolonus/,Kolonus Z.,1746.8,32,1736.5,19.0,1692.3,13.0,,,,
/player/rus-a3117/,Rus A.,1746.6,32,1740.8,9.0,1625.7,22.0,1422.1,1.0,,
/player/amiraghyan/,Amiraghyan A.,1746.6,16,1562.5,5.0,1651.7,7.0,,,,
/player/sakatsume/,Sakatsume H.,1746.5,40,1690.5,21.0,1594.2,8.0,1420.9,6.0,1583.7,3.0
/player/matsuoka-5fe86/,Matsuoka H.,1746.5,46,1672.0,39.0,,,1440.7,3.0,1629.7,4.0
/player/obradovic-71e10/,Obradovic D.,1746.3,41,1593.6,5.0,1707.4,34.0,1506.8,2.0,,
/player/apisah/,Apisah V.,1746.2,15,1715.3,11.0,,,,,,
/player/bennani-6d932/,Bennani K.,1745.8,37,1575.7,9.0,1691.3,27.0,,,,
/player/tichackova/,Tichackova E.,1745.7,4,,,,,,,,
/player/zou-c6ab8/,Zou R.,1744.2,7,1764.6,7.0,,,,,,
/player/christie-39a3c/,Christie F.,1744.2,8,1568.0,3.0,,,,,,
/player/preston-2f931/,Preston T.,1744.1,41,1717.4,29.0,1466.5,3.0,1487.8,9.0,,
/player/golovina/,Golovina M.,1744.0,44,1758.3,31.0,1665.6,13.0,,,,
/player/naklo/,Naklo T.,1743.6,29,1744.8,28.0,,,,,,
/player/garland-472f9/,Garland J.,1743.6,23,1707.2,7.0,1454.6,4.0,1500.9,5.0,1609.5,7.0
/player/markowitz-f7e34/,Markowitz C.,1743.6,4,,,,,,,,
/player/pisaric-99d60/,Pisaric A.,1743.2,29,1688.7,6.0,1676.1,17.0,,,,
/player/noguchi-ae6d2/,Noguchi S.,1743.0,34,1720.2,33.0,,,,,,
/player/arutiunian/,Arutiunian E.,1743.0,15,1660.5,15.0,,,,,,
/player/dussault/,Dussault M.,1742.8,22,1575.3,3.0,1763.3,12.0,1493.2,2.0,,
/player/o-connell-020b8/,O'Connell C.,1742.6,25,1668.8,9.0,1293.2,6.0,1718.9,10.0,,
/player/evans-f556c/,Evans T.,1742.5,25,1697.9,24.0,,,,,1565.7,1.0
/player/parry-d5e54/,Parry D.,1742.5,36,1636.3,15.0,1651.4,13.0,1530.7,8.0,,
/player/mazdrashki/,Mazdrashki A.,1742.4,28,1710.1,14.0,1549.2,14.0,,,,
/player/taberner/,Taberner C.,1742.4,17,1435.3,1.0,1740.2,16.0,,,,
/player/mettraux/,Mettraux M.,1742.3,51,,,1738.9,51.0,,,,
/player/bastiaansen/,Bastiaansen P.,1742.2,22,1650.3,5.0,1581.0,8.0,,,,
/player/mayo-58e8a/,Mayo A.,1742.0,43,1660.4,31.0,1535.3,8.0,1434.3,1.0,1578.6,3.0
/player/paoletti-761b4/,Paoletti M.,1741.9,21,,,1732.1,21.0,,,,
/player/calvelo/,Calvelo X.,1741.7,30,,,1565.7,1.0,1446.6,1.0,,
/player/veldman/,Veldman K.,1741.6,26,1380.3,2.0,1631.5,15.0,,,1687.5,7.0
/player/gomez-e101b/,Gomez F.,1741.5,36,1511.2,7.0,1819.8,28.0,1436.9,1.0,,
/player/cretu-93488/,Cretu C.,1741.5,41,1420.3,2.0,1774.7,38.0,,,,
/player/sawangkaew-7db4a/,Sawangkaew M.,1741.5,48,1666.5,28.0,,,1724.2,16.0,1501.2,4.0
/player/witthoeft-469a5/,Witthoeft J.,1741.4,7,,,1740.1,7.0,,,,
/player/brown-59d07/,Brown O.,1741.4,60,1745.3,16.0,1617.5,23.0,1626.7,2.0,,
/player/erhard/,Erhard M.,1741.4,44,1656.7,10.0,1736.3,30.0,,,1494.4,2.0
/player/sarkisova/,Sarkisova K.,1741.2,21,1683.3,7.0,1647.9,3.0,,,,
/player/filip-7dfd5/,Filip J.,1741.2,26,1620.4,4.0,1702.0,20.0,1527.3,2.0,,
/player/brancaccio-a1afd/,Brancaccio N.,1741.1,37,1434.3,1.0,1758.0,35.0,1434.3,1.0,,
/player/ifi/,Ifi N.,1741.0,30,1446.6,6.0,1683.6,17.0,,,,
/player/mitsui-086f9/,Mitsui S.,1741.0,20,1498.8,5.0,1833.1,13.0,,,1504.6,2.0
/player/gasanova/,Gasanova A.,1741.0,33,1707.1,16.0,1575.9,11.0,1652.4,5.0,1434.3,1.0
/player/beviz/,Beviz L.,1740.9,3,,,1742.0,3.0,,,,
/player/rozin/,Rozin S.,1740.9,22,1479.5,5.0,1776.6,14.0,1493.2,2.0,,
/player/albot/,Albot R.,1740.9,30,1684.4,13.0,1530.5,14.0,,,,
/player/tilbuerger/,Tilbuerger J.,1740.4,7,1667.3,4.0,1651.8,3.0,,,,
/player/moe/,Moe K.,1740.2,17,1482.9,5.0,,,,,,
/player/cheapchandej/,Cheapchandej P.,1739.9,38,1749.5,32.0,,,,,1484.5,2.0
/player/fornasieri/,Fornasieri C.,1739.9,37,1679.3,9.0,1743.7,28.0,,,,
/player/beckley/,Beckley A.,1739.8,42,1694.6,14.0,1709.1,28.0,,,,
/player/fery/,Fery A.,1739.8,37,1577.9,10.0,1569.1,11.0,1791.5,15.0,,
/player/valdmannova/,Valdmannova V.,1739.8,42,1777.3,32.0,1506.8,2.0,1475.5,6.0,1504.6,2.0
/player/sushkova-fea4b/,Sushkova A.,1739.7,9,1806.2,8.0,1434.3,1.0,,,,
/player/ruse/,Ruse E.,1739.6,29,1628.3,9.0,1529.0,10.0,1681.4,10.0,,
/player/giustino-1d545/,Giustino L.,1739.1,40,1412.8,1.0,1740.5,38.0,1438.1,1.0,,
/player/underwood/,Underwood C.,1739.0,11,,,,,,,,
/player/nijkamp/,Nijkamp R.,1738.9,23,1722.6,10.0,1664.7,13.0,,,,
/player/lahey/,Lahey A.,1738.8,21,1547.7,6.0,1831.0,15.0,,,,
/player/lopez-montagud/,Lopez Montagud C.,1738.1,14,1545.5,3.0,1676.4,11.0,,,,
/player/haddad-30a14/,Haddad I.,1737.8,17,1746.9,9.0,1629.4,7.0,,,,
/player/chazal/,Chazal M.,1737.7,52,1689.0,15.0,1676.7,37.0,,,,
/player/andreescu-5379b/,Andreescu S.,1737.7,37,1667.0,10.0,1703.0,25.0,1504.6,2.0,,
/player/basilashvili/,Basilashvili N.,1737.7,43,1718.1,10.0,1612.2,28.0,1446.8,5.0,,
/player/manyoma-velasquez/,Manyoma Velasquez M.,1737.6,27,,,,,,,,
/player/rojas-322ef/,Rojas S.,1737.5,32,1745.1,32.0,,,,,,
/player/hussey-d2863/,Hussey G.,1737.5,25,1730.2,19.0,,,1568.3,6.0,,
/player/fenty/,Fenty A.,1737.4,34,1566.2,20.0,1713.3,12.0,,,1504.6,2.0
/player/schwaerzler/,Schwaerzler J.,1737.3,43,1681.0,13.0,1529.5,25.0,1475.5,1.0,1664.3,4.0
/player/pushkareva-43fba/,Pushkareva A.,1737.3,11,1714.0,11.0,,,,,,
/player/kubo-62833/,Kubo K.,1736.6,4,,,,,,,,
/player/witthoeft-a7d4e/,Witthoeft C.,1736.0,5,,,1736.2,5.0,,,,
/player/la-serna/,La Serna J.,1735.9,35,1571.6,3.0,1726.7,32.0,,,,
/player/nuudi/,Nuudi M.,1735.9,42,1648.9,6.0,1731.8,36.0,,,,
/player/li-f8666/,Li A.,1735.8,35,1646.0,16.0,1586.0,14.0,1463.5,5.0,,
/player/khayrutdinova/,Khayrutdinova E.,1735.7,23,1619.1,17.0,,,,,1562.1,3.0
/player/lock-92b29/,Lock B.,1735.7,7,,,1698.8,7.0,,,,
/player/zielinski-20761/,Zielinski M.,1735.6,52,1672.0,14.0,1701.0,34.0,,,,
/player/van-impe/,Van Impe A.,1735.6,29,1655.3,7.0,1659.6,22.0,,,,
/player/martinez-gomez-a5faf/,Martinez Gomez P.,1735.6,21,1613.2,4.0,1668.8,17.0,,,,
/player/mattioli-e53a2/,Mattioli F.,1735.6,26,1708.3,10.0,1642.8,12.0,,,,
/player/tomase/,Tomase E.,1735.4,35,1646.5,7.0,1705.6,28.0,,,,
/player/sakkari/,Sakkari M.,1735.2,33,1680.8,13.0,1574.0,8.0,1492.3,5.0,1579.9,3.0
/player/piraino/,Piraino G.,1735.2,33,1634.4,4.0,1697.8,29.0,,,,
/player/martinez-c0caf/,Martinez P.,1735.1,50,1740.3,8.0,1625.2,41.0,1470.8,1.0,,
/player/kuczer-62fcb/,Kuczer D.,1734.8,25,,,1727.6,25.0,,,,
/player/jacquet-d2059/,Jacquet K.,1734.7,35,1642.5,17.0,1628.5,9.0,1671.6,9.0,,
/player/tanguilig/,Tanguilig C.,1734.6,28,1611.4,10.0,1726.9,18.0,,,,
/player/tashiro-b6f0a/,Tashiro Y.,1734.6,20,,,,,,,,
/player/yesypchuk/,Yesypchuk D.,1734.6,52,1672.1,8.0,1723.9,44.0,,,,
/player/kimhi-02a18/,Kimhi O.,1734.5,21,1782.6,16.0,1569.7,3.0,1434.3,1.0,,
/player/riera-4b182/,Riera J.,1734.4,49,1491.3,8.0,1847.5,35.0,1493.4,2.0,,
/player/kask/,Kask M.,1734.3,21,1434.3,1.0,1720.6,8.0,1609.6,4.0,,
/player/bouzas-maneiro/,Bouzas Maneiro J.,1734.2,39,1663.8,15.0,1589.9,14.0,1560.4,8.0,,
/player/mariani/,Mariani M.,1734.0,45,1712.5,37.0,1670.0,8.0,,,,
/player/sperle/,Sperle J.,1734.0,50,1775.5,14.0,1581.1,36.0,,,,
/player/hossam-salah/,Hossam Salah J.,1734.0,16,1738.2,16.0,,,,,,
/player/gonzalez-daniele/,González Daniele J.,1733.8,33,1617.9,2.0,1693.0,31.0,,,,
/player/oliynykova/,Oliynykova O.,1733.7,33,1571.1,9.0,1808.9,19.0,1384.8,2.0,1523.7,2.0
/player/giza/,Giza L.,1733.6,23,,,1703.4,23.0,,,,
/player/prozorova-04cd5/,Prozorova T.,1733.2,21,1590.9,10.0,1449.7,3.0,1543.0,5.0,1677.4,3.0
/player/garcia-ca82f/,Garcia A.,1733.0,32,1604.8,6.0,1679.1,22.0,1507.6,2.0,,
/player/dolehide-903f7/,Dolehide C.,1732.9,21,1709.4,18.0,1434.3,1.0,1452.1,2.0,,
/player/marek-eb437/,Marek W.,1732.9,25,1606.7,4.0,1687.4,14.0,,,,
/player/faria-4754c/,Faria J.,1732.6,55,1602.8,17.0,1759.9,30.0,1669.3,7.0,,
/player/lukosiute/,Lukosiute A.,1732.6,31,1777.8,26.0,,,,,1538.5,2.0
/player/aunion/,Aunion P.,1732.6,38,1504.4,9.0,1771.9,22.0,1547.4,3.0,,
/player/zheng-0c592/,Zheng W.,1732.5,36,1643.8,24.0,1604.2,7.0,,,1682.4,5.0
/player/samrej-f05ce/,Samrej K.,1732.4,47,1689.4,22.0,1605.6,18.0,1484.3,2.0,1571.0,3.0
/player/kucmova/,Kucmova A.,1732.0,25,1559.6,3.0,1726.2,22.0,,,,
/player/bax-6f3c7/,Bax F.,1731.9,53,1616.3,28.0,1687.1,15.0,1584.9,5.0,,
/player/stearns-adf1d/,Stearns P.,1731.9,11,1631.4,4.0,1565.7,1.0,,,1434.3,1.0
/player/wei-4f17d/,Wei S.,1731.9,24,1645.3,17.0,1562.4,1.0,,,1648.6,6.0
/player/planinsek/,Planinsek F.,1731.8,43,1621.8,10.0,1700.0,30.0,1485.8,2.0,,
/player/musetti/,Musetti L.,1731.8,21,1603.2,11.0,1660.1,10.0,,,,
/player/yli-piipari/,Yli-Piipari S.,1731.7,6,,,,,,,,
/player/leong-e28bd/,Leong M.,1731.4,48,1693.8,30.0,1713.3,17.0,1422.1,1.0,,
/player/samuel-371b3/,Samuel T.,1731.1,37,1639.3,14.0,1637.2,12.0,1523.8,10.0,,
/player/vogt-100dc/,Vogt M.,1730.8,45,1476.3,4.0,1741.1,41.0,,,,
/player/krejcikova/,Krejcikova B.,1730.8,30,1624.3,12.0,1606.3,8.0,1718.3,9.0,1580.5,1.0
/player/horvit/,Horvit M.,1730.4,48,,,1660.2,27.0,,,,
/player/pawlak-ecc54/,Pawlak L.,1730.2,12,1807.8,11.0,1439.8,1.0,,,,
/player/bohrer-martins/,Bohrer Martins C.,1729.7,36,1800.8,13.0,1550.9,20.0,,,,
/player/trevisan-1d3e4/,Trevisan F.,1729.7,30,,,1711.0,30.0,,,,
/player/matsuda-a1ba0/,Matsuda R.,1729.6,51,1712.4,38.0,,,,,1756.0,13.0
/player/uemura-2942b/,Uemura M.,1729.6,49,1719.9,46.0,,,,,1549.3,3.0
/player/vulpitta/,Vulpitta G.,1729.4,18,1549.3,3.0,1671.7,9.0,1523.5,2.0,,
/player/forger-fe3ad/,Forger A.,1729.4,19,1505.3,2.0,1715.8,14.0,1560.8,3.0,,
/player/urrutia-26f9b/,Urrutia M.,1729.1,46,1594.5,3.0,1688.6,39.0,,,1631.8,4.0
/player/bublik-43f80/,Bublik A.,1729.1,30,1599.3,5.0,1644.2,16.0,1702.4,8.0,1434.3,1.0
/player/birrell-dca33/,Birrell K.,1729.1,29,1687.5,13.0,1446.2,5.0,1564.6,10.0,,
/player/charney-0181e/,Charney P.,1728.8,16,1699.0,16.0,,,,,,
/player/el-aouni/,El Aouni A.,1728.8,20,,,1734.4,20.0,,,,
/player/hassan-1d510/,Hassan B.,1728.8,32,1435.5,3.0,1695.6,28.0,,,,
/player/badenhorst/,Badenhorst D.,1728.6,13,1564.4,6.0,1675.0,5.0,1504.6,2.0,,
/player/hunter-575cb/,Hunter S.,1728.5,21,1709.8,10.0,1470.7,6.0,1490.1,4.0,1457.3,1.0
/player/jovanovic-9f2af/,Jovanovic P.,1728.5,13,1616.6,2.0,1587.6,5.0,,,,
/player/sawashiro/,Sawashiro K.,1728.3,39,1741.3,37.0,,,,,1509.4,2.0
/player/schaefer-57121/,Schaefer A.,1728.3,10,,,1719.3,10.0,,,,
/player/zanellato/,Zanellato N.,1728.2,39,1618.1,9.0,1695.3,30.0,,,,
/player/ricci-12b03/,Ricci B.,1728.2,35,,,1717.8,35.0,,,,
/player/svrcina/,Svrcina D.,1728.0,45,1686.9,16.0,1642.9,28.0,1427.4,1.0,,
/player/van-den-broek/,Van Den Broek I.,1727.9,34,1587.4,11.0,1596.7,19.0,,,1744.4,4.0
/player/nova/,Nova A.,1727.8,22,,,,,,,,
/player/matoula-3cf1e/,Matoula M.,1727.7,42,1547.9,5.0,1745.7,35.0,,,,
/player/colson/,Colson T.,1727.7,9,,,1739.1,9.0,,,,
/player/cobolli-d6311/,Cobolli F.,1727.6,39,1574.4,11.0,1768.0,21.0,1648.8,6.0,1434.3,1.0
/player/zaar/,Zaar L.,1727.6,53,,,1706.6,53.0,,,,
/player/zheng-c91db/,Zheng M.,1727.6,39,1605.7,26.0,1592.7,5.0,1614.1,8.0,,
/player/kupcic/,Kupcic J.,1727.6,32,1542.8,10.0,1681.9,20.0,,,,
/player/cham-074aa/,Cham E.,1727.4,34,1622.8,12.0,1586.5,5.0,,,,
/player/vilella-martinez/,Vilella Martinez M.,1727.1,6,,,1726.8,6.0,,,,
/player/ormaechea/,Ormaechea P.,1727.0,17,,,1718.3,17.0,,,,
/player/back-6aabb/,Back D.,1727.0,52,1836.9,30.0,1611.0,10.0,,,1659.6,7.0
/player/oetzbach/,Oetzbach A.,1726.9,51,1760.0,12.0,1624.0,35.0,1632.0,4.0,,
/player/kurt-c570d/,Kurt I.,1726.9,42,1720.6,41.0,,,,,,
/player/pereira-96af4/,Pereira T.,1726.6,55,1658.6,18.0,1672.5,36.0,1424.4,1.0,,
/player/putintseva/,Putintseva Y.,1726.5,35,1494.3,6.0,1736.0,20.0,1404.2,2.0,1606.1,4.0
/player/tararudee/,Tararudee L.,1726.4,38,1732.5,31.0,1453.2,1.0,1430.1,6.0,,
/player/gaubas/,Gaubas V.,1726.3,40,1584.3,3.0,1667.6,32.0,1642.2,4.0,,
/player/de-jong-57322/,De Jong J.,1726.3,42,1596.5,10.0,1670.8,29.0,1517.8,2.0,,
/player/rodenas/,Rodenas P.,1726.1,31,1592.4,7.0,1663.4,24.0,,,,
/player/reed-c0761/,Reed L.,1726.0,16,1654.4,8.0,,,,,1669.3,8.0
/player/jang-51d15/,Jang Y.,1726.0,10,,,1750.1,10.0,,,,
/player/dudeney/,Dudeney A.,1725.8,42,1877.7,34.0,,,1329.4,8.0,,
/player/paganetti-b879b/,Paganetti V.,1725.7,32,,,1725.1,32.0,,,,
/player/irigoyen-9f0fc/,Irigoyen M.,1725.7,5,,,,,,,,
/player/crivellaro/,Crivellaro G.,1725.5,28,1585.8,3.0,1680.5,23.0,1626.7,2.0,,
/player/perego-43ce2/,Perego G.,1725.2,40,1542.3,13.0,1690.1,24.0,1434.3,1.0,,
/player/golubic/,Golubic V.,1725.0,35,1590.2,10.0,1696.7,13.0,1660.2,10.0,,
/player/prado-angelo/,Prado Angelo J.,1724.9,40,1502.0,4.0,1738.1,34.0,1425.1,1.0,,
/player/sorribes-tormo/,Sorribes Tormo S.,1724.8,30,1639.4,7.0,1717.0,21.0,1529.9,2.0,,
/player/klein-fe719/,Klein I.,1724.6,8,,,,,,,,
/player/binda/,Binda A.,1724.4,47,1603.1,23.0,1647.8,24.0,,,,
/player/de-koning/,De Koning R.,1724.4,31,,,1705.2,26.0,,,,
/player/voracek/,Voracek E.,1723.9,43,1683.8,8.0,1706.0,35.0,,,,
/player/den-ouden/,Den Ouden G.,1723.8,31,1434.3,1.0,1771.5,28.0,1384.1,2.0,,
/player/voloshchuk/,Voloshchuk A.,1723.6,50,1692.4,43.0,1368.3,5.0,,,,
/player/shin-72677/,Shin S.,1723.5,34,1595.1,11.0,1854.8,22.0,1434.3,1.0,,
/player/gorzny/,Gorzny S.,1723.5,30,1647.7,22.0,1676.1,6.0,1504.8,2.0,,
/player/aksu/,Aksu A.,1723.4,40,1718.3,22.0,1533.8,12.0,,,1562.5,3.0
/player/yang-272c4/,Yang R.,1723.3,24,,,,,,,,
/player/matsuda-ad000/,Matsuda R.,1722.9,52,1468.8,19.0,1811.6,31.0,1523.5,2.0,,
/player/ciric-bagaric/,Ciric Bagaric L.,1722.9,36,1434.3,1.0,1748.0,35.0,,,,
/player/zhao-27a55/,Zhao Z.,1722.8,33,1822.5,15.0,1525.2,14.0,,,,
/player/jorge-66a57/,Jorge M.,1722.7,38,1696.5,28.0,1516.6,9.0,,,,
/player/juszczak-e14d8/,Juszczak P.,1722.6,18,1477.3,4.0,1655.5,13.0,,,,
/player/burrage/,Burrage J.,1722.6,25,1725.2,23.0,,,1384.7,2.0,,
/player/donnet-8b657/,Donnet E.,1722.6,10,1434.3,1.0,1724.9,9.0,,,,
/player/khatamova/,Khatamova S.,1722.6,21,,,,,,,,
/player/lazaro-garcia/,Lazaro Garcia A.,1722.6,39,1611.6,6.0,1697.4,31.0,1497.2,2.0,,
/player/makk/,Makk P.,1722.5,46,1517.7,12.0,1734.3,33.0,,,,
/player/rihane-8228e/,Rihane Y.,1722.5,4,,,,,,,,
/player/liljekvist-3cd74/,Liljekvist D.,1722.4,15,1628.4,4.0,1613.0,8.0,,,,
/player/xilas/,Xilas I.,1722.4,29,1655.7,10.0,1582.8,16.0,1584.5,3.0,,
/player/kabbaj-b363d/,Kabbaj Y.,1722.3,40,1551.3,4.0,1738.2,31.0,,,,
/player/mazzola-f08fb/,Mazzola A.,1722.1,39,,,1709.2,39.0,,,,
/player/ghetu/,Ghetu G.,1722.1,39,1802.0,26.0,1472.4,12.0,,,,
/player/maric-35f75/,Maric D.,1721.9,41,,,1711.8,41.0,,,,
/player/nguyen-cfb33/,Nguyen A.,1721.9,30,1746.1,18.0,1446.7,8.0,,,1424.7,1.0
/player/draxl/,Draxl L.,1721.9,40,1649.7,22.0,1511.6,13.0,1543.7,4.0,,
/player/garcia-cid/,Garcia Cid M.,1721.8,24,1740.0,4.0,1704.8,20.0,,,,
/player/skatov/,Skatov T.,1721.7,51,1527.9,6.0,1697.5,37.0,1531.3,4.0,1504.6,2.0
/player/zhalgasbay/,Zhalgasbay D.,1721.7,13,1576.3,3.0,1692.7,10.0,,,,
/player/raggi/,Raggi A.,1721.6,45,1678.0,8.0,1702.2,37.0,,,,
/player/geerts/,Geerts M.,1721.5,28,1718.4,20.0,1477.7,7.0,,,,
/player/zavatska/,Zavatska K.,1721.5,32,1600.9,7.0,1748.0,25.0,,,,
/player/paukstyte/,Paukstyte P.,1721.5,3,,,,,,,,
/player/pliskova/,Pliskova K.,1721.2,27,1527.8,5.0,1714.5,14.0,1591.4,8.0,,
/player/vogeli-8b58d/,Vogeli F.,1721.2,5,,,1721.2,5.0,,,,
/player/michnev/,Michnev P.,1721.2,17,1565.7,1.0,1655.5,10.0,1514.1,2.0,,
/player/soriano-santiago/,Soriano Santiago M.,1721.2,42,1655.8,21.0,1728.3,21.0,,,,
/player/miyamoto-c36e2/,Miyamoto A.,1720.9,31,1760.7,28.0,,,,,1474.8,1.0
/player/weber-173d1/,Weber A.,1720.9,35,1580.6,16.0,1753.0,19.0,,,,
/player/lajovic/,Lajovic D.,1720.9,39,1597.3,10.0,1637.1,25.0,1534.8,4.0,,
/player/rolland-de-ravel/,Rolland De Ravel C.,1720.7,15,1522.2,2.0,1696.8,10.0,1572.7,3.0,,
/player/paskauskas/,Paskauskas K.,1720.4,13,1750.9,13.0,,,,,,
/player/mcdonald-245be/,McDonald N.,1720.2,46,1694.5,9.0,1696.7,35.0,,,1504.6,2.0
/player/simundza/,Simundza J.,1720.1,10,,,1722.8,9.0,,,,
/player/bonzi-a38fa/,Bonzi B.,1720.0,35,1623.5,17.0,1494.3,10.0,1658.6,8.0,,
/player/arnaldi/,Arnaldi M.,1719.7,31,1576.5,7.0,1774.3,20.0,1502.2,4.0,,
/player/prizmic/,Prizmic D.,1719.7,35,1617.0,8.0,1746.0,21.0,1430.8,4.0,,
/player/aboian-f7ddc/,Aboian V.,1719.4,43,1575.2,3.0,1684.3,40.0,,,,
/player/ilagan/,Ilagan A.,1719.4,45,1668.8,41.0,,,1580.0,4.0,,
/player/hwang-8d8b9/,Hwang D.,1719.4,18,1444.6,1.0,1661.7,13.0,,,,
/player/smirnova-43bb1/,Smirnova K.,1719.2,29,1736.2,29.0,,,,,,
/player/kirci/,Kirci K.,1719.1,8,1377.2,2.0,1747.2,6.0,,,,
/player/bai-991f3/,Bai Z.,1719.0,30,1722.4,26.0,,,1542.3,2.0,1525.9,2.0
/player/aguilar-cardozo-9f958/,Aguilar Cardozo F.,1719.0,25,1691.4,9.0,1610.3,6.0,1504.6,2.0,,
/player/coquelin/,Coquelin H.,1718.8,16,1567.6,5.0,1665.4,11.0,,,,
/player/fatic-cddef/,Fatic N.,1718.6,28,,,1673.1,27.0,,,,
/player/sato-f7911/,Sato H.,1718.6,41,1721.6,41.0,,,,,,
/player/korokozidi/,Korokozidi E.,1718.0,31,,,1686.2,31.0,,,,
/player/colmegna/,Colmegna M.,1717.9,33,,,1706.6,33.0,,,,
/player/chung-bdb8e/,Chung H.,1717.3,23,1573.1,7.0,1697.0,15.0,,,,
/player/shick-9f067/,Shick B.,1717.2,39,1646.9,22.0,1774.0,14.0,1430.5,1.0,1504.6,2.0
/player/vaissaud-9a2c0/,Vaissaud D.,1717.2,40,1806.8,24.0,1608.2,15.0,,,1434.3,1.0
/player/perchicot/,Perchicot M.,1717.2,19,1709.8,10.0,,,,,,
/player/kloesters/,Kloesters F.,1717.1,9,1446.0,1.0,1641.2,4.0,,,,
/player/tsygourova/,Tsygourova K.,1717.1,60,,,1695.8,60.0,,,,
/player/von-der-schulenburg-5bef0/,Von Der Schulenburg J.,1717.1,24,1642.2,9.0,1603.7,15.0,,,,
/player/mcnally-c14af/,McNally C.,1716.6,32,1560.6,11.0,1610.2,11.0,1607.7,10.0,,
/player/rincon-d1dab/,Rincon D.,1716.6,52,1614.9,16.0,1763.6,35.0,,,1446.6,1.0
/player/penzlin/,Penzlin J.,1716.5,41,1521.8,5.0,1715.7,32.0,1565.7,1.0,,
/player/berezina/,Berezina P.,1716.4,7,1671.8,5.0,1598.6,2.0,,,,
/player/noel-c979d/,Noel C.,1716.3,26,1722.1,24.0,1503.4,2.0,,,,
/player/ouakaa/,Ouakaa A.,1716.0,49,1587.9,24.0,1740.0,23.0,1493.2,2.0,,
/player/njiric/,Njiric S.,1716.0,21,,,1583.2,7.0,,,,
/player/machado-375b6/,Machado M.,1715.9,16,1494.1,2.0,1602.6,5.0,1565.7,1.0,,
/player/claeys-5c029/,Claeys L.,1715.8,33,,,1707.2,33.0,,,,
/player/soderqvist/,Soderqvist F.,1715.8,19,1497.4,2.0,,,,,,
/player/dzumhur/,Dzumhur D.,1715.5,37,1498.2,6.0,1717.3,26.0,1484.5,4.0,,
/player/bosio-54824/,Bosio V.,1715.4,48,1544.0,5.0,1768.0,43.0,,,,
/player/hosogi/,Hosogi S.,1715.4,41,1777.9,33.0,1405.6,2.0,,,1627.9,6.0
/player/steveker/,Steveker P.,1715.2,14,,,1480.9,1.0,1626.7,2.0,,
/player/plunger/,Plunger M.,1715.1,22,1697.1,9.0,1571.5,13.0,,,,
/player/roca-batalla/,Roca Batalla O.,1715.0,71,1633.1,8.0,1691.6,63.0,,,,
/player/molleker/,Molleker R.,1714.9,37,,,1671.0,37.0,,,,
/player/broska/,Broska F.,1714.9,39,1340.5,3.0,1680.1,36.0,,,,
/player/mesarovic/,Mesarovic M.,1714.7,25,1616.9,9.0,1645.2,9.0,1434.3,1.0,,
/player/johnson-d42b6/,Johnson S.,1714.6,48,1689.8,28.0,1677.7,17.0,1490.7,2.0,1434.3,1.0
/player/ovcharenko-bb3a3/,Ovcharenko O.,1714.6,27,1669.0,14.0,1635.3,12.0,1434.3,1.0,,
/player/ansari-33a46/,Ansari C.,1714.1,45,1730.1,42.0,1418.9,2.0,1450.3,1.0,,
/player/schuman/,Schuman A.,1714.1,15,1718.1,15.0,,,,,,
/player/yunis-d1374/,Yunis F.,1713.9,44,1629.0,17.0,1615.9,14.0,1626.7,2.0,,
/player/vankan/,Vankan M.,1713.8,37,1636.9,12.0,1668.6,24.0,1565.7,1.0,,
/player/verwerft/,Verwerft L.,1713.8,46,1703.1,12.0,1647.7,22.0,,,,
/player/lagarrigue-a6fb2/,Lagarrigue F.,1713.7,16,1445.0,5.0,1764.0,11.0,,,,
/player/takacs/,Takacs B.,1713.4,18,1612.3,4.0,1601.5,6.0,,,,
/player/behrmann-1306c/,Behrmann T.,1713.4,10,1494.6,3.0,1754.8,7.0,,,,
/player/hernandez-a75e3/,Hernandez C.,1713.4,38,1528.3,12.0,1693.3,26.0,,,,
/player/lee-3f464/,Lee C.,1713.4,40,1706.4,26.0,1478.9,12.0,1384.7,2.0,,
/player/nasridinov/,Nasridinov A.,1713.4,5,,,1670.4,5.0,,,,
/player/baptiste-30189/,Baptiste H.,1713.3,12,1434.3,1.0,1713.8,11.0,,,,
/player/strode-de118/,Strode E.,1713.2,21,1688.9,4.0,1608.5,8.0,1565.7,1.0,,
/player/meyer-auf-der-heide/,Meyer Auf Der Heide L.,1713.2,42,,,1634.2,30.0,,,,
/player/tan-20ad3/,Tan H.,1713.2,31,1605.7,9.0,1497.0,9.0,1655.1,8.0,1764.6,5.0
/player/quadre/,Quadre B.,1713.2,23,1664.7,19.0,,,,,,
/player/boros/,Boros A.,1713.0,31,1531.2,3.0,1645.2,20.0,1508.6,2.0,,
/player/oberleitner/,Oberleitner N.,1712.8,13,1439.6,1.0,1753.9,12.0,,,,
/player/sedlackova/,Sedlackova P.,1712.7,35,1489.5,2.0,1679.2,24.0,,,,
/player/inoue-6da8e/,Inoue H.,1712.4,38,1696.4,36.0,,,,,1556.3,2.0
/player/beale-21f5c/,Beale J.,1712.3,44,1561.8,29.0,1741.6,8.0,,,,
/player/dart/,Dart H.,1712.2,36,1735.6,25.0,1530.4,2.0,1357.6,6.0,1504.6,2.0
/player/lu-ce849/,Lu J.,1712.0,48,1644.3,35.0,1573.2,4.0,,,1700.0,9.0
/player/rodesch/,Rodesch C.,1711.9,18,1820.2,5.0,1433.5,9.0,1448.9,4.0,,
/player/bolkvadze/,Bolkvadze M.,1711.9,25,1643.7,15.0,1600.2,1.0,1665.5,6.0,1565.7,1.0
/player/sziedat/,Sziedat F.,1711.9,46,1703.7,11.0,1707.5,35.0,,,,
/player/ciric-6368a/,Ciric A.,1711.8,26,1596.7,5.0,1411.2,5.0,,,,
/player/bornay/,Bornay J.,1711.7,10,,,1497.0,2.0,,,,
/player/sachko/,Sachko V.,1711.3,46,1540.8,2.0,1689.6,43.0,1431.9,1.0,,
/player/leong-37b8c/,Leong S.,1711.3,22,1695.7,22.0,,,,,,
/player/schoolkate/,Schoolkate T.,1711.2,42,1579.5,19.0,1659.0,9.0,1522.5,8.0,1622.4,6.0
/player/iliev-33d70/,Iliev S.,1711.0,26,,,1687.3,23.0,,,1581.9,3.0
/player/van-wyk-15b5e/,Van Wyk K.,1710.7,26,1385.3,9.0,1706.4,15.0,1494.4,2.0,,
/player/miyoshi-1fb72/,Miyoshi K.,1710.7,42,1624.7,27.0,1650.4,10.0,1785.2,5.0,,
/player/murphy-10b1f/,Murphy L.,1710.6,9,,,,,,,,
/player/lestir/,Lestir L.,1710.6,23,,,1611.4,16.0,1664.1,3.0,,
/player/chopra-d0993/,Chopra K.,1710.3,39,1539.2,13.0,1758.8,24.0,1434.3,1.0,,
/player/monday/,Monday J.,1710.2,26,1671.0,16.0,1684.1,5.0,1513.5,5.0,,
/player/niemeier/,Niemeier J.,1710.2,31,,,1689.5,31.0,,,,
/player/bergs/,Bergs Z.,1710.1,37,1564.5,11.0,1560.6,15.0,1738.6,9.0,,
/player/magadan-68c65/,Magadan A.,1710.1,43,1624.2,12.0,1680.7,25.0,,,,
/player/benoit-f9422/,Benoit J.,1709.5,15,,,,,,,,
/player/lovric-39161/,Lovric P.,1709.5,44,,,1708.8,44.0,,,,
/player/yang-a0ad3/,Yang V.,1709.5,7,1577.7,3.0,,,,,,
/player/bondioli/,Bondioli F.,1709.5,29,,,1710.4,28.0,1420.4,1.0,,
/player/pieleanu-4cfdb/,Pieleanu R.,1709.4,33,1591.7,12.0,1679.0,20.0,1434.3,1.0,,
/player/luescher-b7c53/,Luescher S.,1709.3,33,1565.4,3.0,1701.3,30.0,,,,
/player/bueno-01b7e/,Bueno G.,1709.0,37,1512.1,4.0,1728.8,32.0,1439.6,1.0,,
/player/prihodko/,Prihodko O.,1708.8,42,1646.6,7.0,1640.0,32.0,,,,
/player/sahtali-d2569/,Sahtali T.,1708.7,53,1671.6,24.0,1698.1,24.0,,,1434.3,1.0
/player/hoedt/,Hoedt M.,1708.6,37,,,1686.8,37.0,,,,
/player/mecarelli-4432c/,Mecarelli M.,1708.6,35,1499.0,5.0,1692.0,28.0,1504.6,2.0,,
/player/parisca/,Parisca I.,1708.5,46,1562.0,15.0,1649.3,27.0,,,,
/player/ishii-6a450/,Ishii S.,1708.4,44,1676.6,37.0,,,1306.3,4.0,1567.9,3.0
/player/nugroho-ee7f1/,Nugroho P.,1708.3,32,1715.9,27.0,,,,,1496.9,2.0
/player/krolo/,Krolo F.,1708.3,18,1716.9,5.0,1544.9,6.0,,,,
/player/neimanis/,Neimanis R.,1708.2,10,,,1601.5,5.0,,,,
/player/verdese-d5cc1/,Verdese G.,1708.1,12,1690.2,6.0,1519.8,2.0,,,,
/player/falkowska/,Falkowska W.,1708.1,53,1666.7,14.0,1713.4,35.0,,,,
/player/hewitt-d8622/,Hewitt C.,1707.9,35,1651.6,21.0,1530.6,12.0,1494.5,2.0,,
/player/newton-78a3e/,Newton J.,1707.5,11,,,,,,,,
/player/gaston-e1fa4/,Gaston H.,1707.4,40,1563.2,12.0,1677.4,23.0,1554.0,5.0,,
/player/ratkovic/,Ratkovic D.,1707.3,7,,,,,,,,
/player/meri/,Meri E.,1707.2,19,1525.2,2.0,1728.7,17.0,,,,
/player/efstathiou-a23e0/,Efstathiou M.,1707.2,34,1799.6,17.0,1686.4,13.0,1434.3,1.0,,
/player/queiroz-miguel-da6d9/,Queiroz Miguel L.,1707.2,16,1608.3,5.0,1655.6,11.0,,,,
/player/obregon-mirambell/,Obregon Mirambell V.,1707.0,4,,,,,,,,
/player/miilosavljevic/,Miilosavljevic M.,1706.9,30,1565.7,1.0,1624.7,16.0,1568.8,5.0,,
/player/gannon/,Gannon C.,1706.9,42,1498.0,9.0,1812.4,25.0,1427.1,3.0,,
/player/butvilas/,Butvilas E.,1706.7,47,1685.7,22.0,1572.0,22.0,1373.3,2.0,,
/player/topo-77408/,Topo M.,1706.6,38,1564.7,4.0,1708.6,34.0,,,,
/player/djoubri/,Djoubri S.,1706.5,23,1448.2,1.0,1624.1,16.0,,,1701.5,6.0
/player/simonsson-2934b/,Simonsson J.,1706.4,17,1531.2,2.0,1698.1,14.0,,,,
/player/cho-ba280/,Cho S.,1706.4,25,1659.2,5.0,1562.6,14.0,1626.7,2.0,,
/player/evans-1fe65/,Evans K.,1706.4,36,1645.7,9.0,1568.9,21.0,,,,
/player/alkaya/,Alkaya M.,1706.3,45,1625.2,26.0,1714.8,15.0,1504.6,2.0,,
/player/lam-60c89/,Lam S.,1706.2,29,1656.8,12.0,1730.1,17.0,,,,
/player/stephens-82dfa/,Stephens S.,1705.9,28,1626.6,16.0,1526.0,12.0,,,,
/player/simionescu/,Simionescu D.,1705.9,33,,,1677.2,27.0,,,,
/player/de-almeida-8015b/,De Almeida G.,1705.7,22,1648.9,5.0,1622.1,17.0,,,,
/player/vales/,Vales A.,1705.7,42,1602.9,21.0,1655.7,16.0,1637.9,4.0,,
/player/zhang-065ba/,Zhang B.,1705.6,22,1738.3,7.0,1691.5,11.0,1434.3,1.0,,
/player/bajraliu-a09b3/,Bajraliu L.,1705.6,28,1467.4,1.0,1734.0,27.0,,,,
/player/sanchez-quilez/,Sanchez Quilez A.,1705.5,44,1567.9,12.0,1676.6,32.0,,,,
/player/barton-61a23/,Barton H.,1705.4,52,1637.0,5.0,1638.1,47.0,,,,
/player/kalieva/,Kalieva E.,1705.2,45,1673.5,22.0,1599.8,18.0,1520.9,5.0,,
/player/buse/,Buse I.,1705.0,41,1656.0,10.0,1695.8,23.0,1500.1,6.0,,
/player/arifullina/,Arifullina A.,1704.7,31,1697.7,31.0,,,,,,
/player/sartz-lunde/,Sartz Lunde E.,1704.7,17,1732.9,17.0,,,,,,
/player/rossi-54a2e/,Rossi L.,1704.6,55,1674.2,22.0,1634.4,28.0,1576.2,3.0,1516.3,2.0
/player/serafini-1e863/,Serafini M.,1704.4,29,1580.2,5.0,1629.8,21.0,1483.0,2.0,,
/player/meszaros-d56ad/,Meszaros P.,1704.3,14,1539.5,3.0,1573.5,5.0,1626.7,2.0,,
/player/leme-da-silva/,Leme Da Silva N.,1704.3,17,1596.6,6.0,1600.0,7.0,,,,
/player/vladson/,Vladson L.,1704.3,41,1522.1,17.0,1685.6,24.0,,,,
/player/delicata-c34a5/,Delicata L.,1704.2,56,1701.2,14.0,1643.3,27.0,,,,
/player/llamas-ruiz/,Llamas Ruiz P.,1704.0,41,1662.4,11.0,1714.6,26.0,1486.5,4.0,,
/player/ivanova-417b1/,Ivanova E.,1703.4,10,,,,,,,,
/player/dahlstrom/,Dahlstrom S.,1703.4,7,1461.0,3.0,1758.8,4.0,,,,
/player/aguiard/,Aguiard E.,1703.4,55,1632.5,33.0,1637.3,12.0,,,,
/player/struplova/,Struplova J.,1703.4,39,1422.3,2.0,1745.2,37.0,,,,
/player/zhao-9c899/,Zhao L.,1703.3,20,1636.2,4.0,1611.9,12.0,1565.7,1.0,,
/player/marrero-curbelo/,Marrero Curbelo I.,1703.2,38,1536.4,18.0,1842.8,16.0,1565.7,1.0,,
/player/volonski/,Volonski N.,1703.2,11,1631.1,8.0,1579.0,1.0,,,,
/player/stankovic-be907/,Stankovic S.,1703.0,17,,,1664.2,13.0,,,,
/player/van-emst/,Van Emst S.,1702.6,31,1394.4,2.0,1695.2,29.0,,,,
/player/sasnouskaya/,Sasnouskaya T.,1702.6,12,1622.3,6.0,1701.0,6.0,,,,
/player/gadamauri-10965/,Gadamauri B.,1702.5,29,1589.2,5.0,1677.4,24.0,,,,
/player/gao-5c222/,Gao X.,1702.5,39,1656.0,19.0,1644.7,16.0,,,1523.1,4.0
/player/molder/,Molder M.,1702.4,18,1597.0,4.0,1661.9,13.0,,,,
/player/inglis-cebf9/,Inglis M.,1702.2,20,1715.3,13.0,1369.7,2.0,1455.4,5.0,,
/player/seggerman/,Seggerman R.,1702.1,28,1625.5,12.0,1737.5,14.0,1480.8,2.0,,
/player/satralova/,Satralova D.,1701.9,7,,,1678.8,7.0,,,,
/player/torcq/,Torcq B.,1701.8,48,1512.7,8.0,1672.3,31.0,1434.3,1.0,,
/player/kountourakis/,Kountourakis I.,1701.7,30,1431.8,4.0,1564.5,15.0,,,,
/player/laboutkova/,Laboutkova A.,1701.6,45,1448.6,3.0,1690.2,40.0,,,1504.6,2.0
/player/milavsky/,Milavsky D.,1701.5,42,1611.7,26.0,1594.7,9.0,1653.0,5.0,1504.6,2.0
/player/leach-cc0c0/,Leach J.,1701.5,4,,,1664.8,4.0,,,,
/player/kuzmova-d77dc/,Kuzmova K.,1701.4,49,1696.7,42.0,1319.6,4.0,,,1558.3,3.0
/player/joint/,Joint M.,1701.2,29,1661.2,19.0,1418.8,6.0,1448.2,4.0,,
/player/stice/,Stice T.,1701.1,25,1644.0,3.0,1655.7,15.0,,,,
/player/appleton/,Appleton E.,1701.0,39,1720.5,34.0,1434.3,1.0,1409.3,4.0,,
/player/hance-101c7/,Hance K.,1700.9,25,1695.8,11.0,1617.5,12.0,,,1504.6,2.0
/player/riedi-a3a3d/,Riedi L.,1700.8,15,1819.5,6.0,1536.2,7.0,1524.7,2.0,,
/player/aulia-627c8/,Aulia A.,1700.8,29,,,,,,,,
/player/blancaneaux/,Blancaneaux G.,1700.7,38,1774.1,17.0,1522.8,21.0,,,,
/player/arce-fernandez/,Arce Fernandez M.,1700.6,48,1622.2,16.0,1620.1,23.0,1446.5,3.0,,
/player/ulrich-1e6d3/,Ulrich N.,1700.5,11,1557.0,3.0,1633.8,6.0,,,,
/player/vasa/,Vasa E.,1700.5,38,1626.6,10.0,1674.5,25.0,1503.2,2.0,,
/player/matsuda-e8be6/,Matsuda M.,1700.4,21,1696.0,21.0,,,,,,
/player/olsen-a5dcb/,Olsen A.,1700.0,4,,,1700.2,4.0,,,,
/player/brace/,Brace C.,1699.9,29,1684.4,26.0,1483.0,1.0,1391.8,2.0,,
/player/pistola/,Pistola I.,1699.9,13,,,1696.0,13.0,,,,
/player/anthrop/,Anthrop J.,1699.8,18,1646.5,10.0,1553.1,5.0,1574.5,3.0,,
/player/harazaki/,Harazaki A.,1699.6,23,1722.5,7.0,1588.6,9.0,1434.3,1.0,,
/player/fita-boluda/,Fita Boluda A.,1699.4,43,1701.2,6.0,1631.8,36.0,1434.3,1.0,,
/player/ortenzi-11d4c/,Ortenzi G.,1699.2,18,1494.4,2.0,1708.3,14.0,1626.7,2.0,,
/player/liu-02e05/,Liu H.,1699.1,27,1542.8,14.0,1791.6,10.0,1549.3,3.0,,
/player/royer/,Royer V.,1699.0,39,1586.7,13.0,1682.4,23.0,1476.5,3.0,,
/player/choe-0d29e/,Choe J.,1698.9,26,1694.8,7.0,1449.8,13.0,1626.7,2.0,,
/player/herea/,Herea C.,1698.8,25,1635.9,9.0,1626.5,13.0,,,,
/player/mehrotra/,Mehrotra A.,1698.5,45,1650.3,19.0,1560.3,16.0,,,,
/player/watzka/,Watzka R.,1698.2,7,,,1635.6,3.0,,,,
/player/barros-602ce/,Barros V.,1698.1,17,1637.5,11.0,1555.9,5.0,,,,
/player/pradkin/,Pradkin L.,1698.0,8,,,,,,,,
/player/zhu-78377/,Zhu C.,1698.0,39,1680.1,30.0,,,,,1626.9,9.0
/player/ivanova-1a172/,Ivanova B.,1697.8,15,1486.0,2.0,1712.7,13.0,,,,
/player/mebarki/,Mebarki B.,1697.7,4,,,,,,,,
/player/kroslak-c5d86/,Kroslak J.,1697.7,13,1644.3,3.0,1522.4,3.0,,,,
/player/penman/,Penman C.,1697.7,6,,,,,,,,
/player/homola/,Homola P.,1697.7,32,1549.1,5.0,1661.8,19.0,1434.3,1.0,,
/player/binu/,Binu M.,1697.7,9,,,,,,,,
/player/krumich/,Krumich M.,1697.5,56,,,1662.0,56.0,,,,
/player/babel-4eade/,Babel O.,1697.4,33,,,1690.9,33.0,,,,
/player/kopilevich/,Kopilevich D.,1697.2,10,1526.1,2.0,1459.8,1.0,1626.7,2.0,,
/player/tyagi-c04a1/,Tyagi K.,1697.2,14,1599.3,8.0,1497.6,2.0,1638.7,4.0,,
/player/bilozertsev/,Bilozertsev N.,1697.1,26,1469.2,5.0,1705.5,21.0,,,,
/player/lee-812ad/,Lee S.,1697.1,7,1697.1,7.0,,,,,,
/player/rosca-b9d5a/,Rosca A.,1697.0,6,,,1702.3,6.0,,,,
/player/antonius/,Antonius M.,1696.9,16,1727.0,11.0,1504.1,4.0,,,1434.3,1.0
/player/sekulic-13abc/,Sekulic P.,1696.9,32,1591.9,24.0,1698.8,7.0,1434.3,1.0,,
/player/struff/,Struff J.,1696.8,28,1560.2,8.0,1564.7,12.0,1641.7,8.0,,
/player/lysykh/,Lysykh I.,1696.7,5,,,1698.2,5.0,,,,
/player/karatsev/,Karatsev A.,1696.7,3,1628.4,2.0,,,,,,
/player/vavassori-39789/,Vavassori M.,1696.6,21,1614.2,6.0,1719.4,11.0,1626.7,2.0,,
/player/rice-6b866/,Rice K.,1696.6,14,1610.3,9.0,,,1682.6,5.0,,
/player/schnyder-e2342/,Schnyder S.,1696.4,21,1709.8,9.0,1534.0,12.0,,,,
/player/clarke-60a59/,Clarke J.,1696.3,42,1451.1,4.0,1664.8,31.0,1512.8,7.0,,
/player/hovde/,Hovde L.,1696.3,8,1610.9,4.0,,,,,1590.6,4.0
/player/rakhimova-29cc5/,Rakhimova K.,1696.3,29,1663.0,15.0,1442.6,7.0,1459.9,7.0,,
/player/tabacco-3fc98/,Tabacco G.,1696.3,52,1613.9,13.0,1637.8,36.0,1586.5,3.0,,
/player/pascual-ferra/,Pascual Ferra R.,1696.2,24,1566.3,12.0,1825.3,12.0,,,,
/player/kshitij/,Kshitij A.,1696.2,12,1711.1,7.0,1497.7,4.0,,,,
/player/nahum/,Nahum G.,1696.2,13,1593.2,8.0,,,,,,
/player/desvignes/,Desvignes E.,1695.9,40,1719.9,28.0,,,,,1548.7,8.0
/player/ostapenko-4d156/,Ostapenko J.,1695.9,24,1531.0,6.0,1646.1,12.0,1661.8,6.0,,
/player/groysman/,Groysman M.,1695.9,9,,,,,,,,
/player/andrienko-add97/,Andrienko M.,1695.6,42,1681.8,12.0,1679.4,30.0,,,,
/player/grant-e34f9/,Grant T.,1695.5,37,1472.3,4.0,1787.3,27.0,1686.6,5.0,,
/player/callejon-hernando/,Callejon Hernando S.,1695.5,44,1494.4,16.0,1743.4,28.0,,,,
/player/potenza/,Potenza L.,1695.3,40,1698.2,18.0,1659.3,20.0,,,1434.3,1.0
/player/thomas-24d07/,Thomas F.,1695.2,15,1416.9,6.0,1737.0,9.0,,,,
/player/adams-af764/,Adams J.,1695.0,55,1775.3,21.0,1626.3,29.0,,,,
/player/roddick-30f1b/,Roddick J.,1695.0,36,1696.8,20.0,1545.6,11.0,1504.6,2.0,,
/player/sramkova-86855/,Sramkova R.,1695.0,33,1707.2,13.0,1500.8,13.0,1505.3,2.0,1434.3,1.0
/player/wenger-18fed/,Wenger D.,1694.9,12,,,1681.0,12.0,,,,
/player/kopp-0e635/,Kopp S.,1694.6,54,1677.8,5.0,1640.8,48.0,1565.7,1.0,,
/player/ly-nguyen/,Ly-Nguyen S.,1694.6,4,,,,,,,,
/player/tabata/,Tabata R.,1694.1,22,1413.7,4.0,1631.0,18.0,,,,
/player/tahirovic-4dadd/,Tahirovic A.,1694.0,6,,,1679.0,6.0,,,,
/player/gavrielides/,Gavrielides L.,1693.8,25,1660.0,6.0,1582.4,18.0,,,,
/player/coman-da99a/,Coman M.,1693.8,17,1569.3,3.0,1618.6,10.0,1626.7,2.0,,
/player/senn-22647/,Senn N.,1693.7,41,1657.0,12.0,1647.0,23.0,1434.3,1.0,,
/player/subasic-a083a/,Subasic A.,1693.7,29,1695.7,26.0,,,1569.7,3.0,,
/player/breen-c8a14/,Breen S.,1693.5,27,1702.9,8.0,1629.0,14.0,,,,
/player/ksandinov/,Ksandinov S.,1693.3,26,1541.5,5.0,1714.8,21.0,,,,
/player/mackenzie-87661/,MacKenzie J.,1693.3,21,1616.9,4.0,1688.5,15.0,1366.8,2.0,,
/player/montoya-aee7d/,Montoya K.,1693.0,5,,,,,,,,
/player/park-aa1d7/,Park S.,1692.9,27,1729.5,11.0,1591.5,11.0,,,1434.3,1.0
/player/cecchinato/,Cecchinato M.,1692.9,46,1511.1,2.0,1696.2,43.0,1426.7,1.0,,
/player/cacao-391a5/,Cacao T.,1692.9,36,1636.3,14.0,1618.6,17.0,,,,
/player/zolotareva-f9b96/,Zolotareva A.,1692.8,37,1387.8,4.0,1693.2,33.0,,,,
/player/leslie-bdcca/,Leslie G.,1692.8,5,,,,,,,,
/player/quattro/,Quattro J.,1692.7,11,,,,,,,,
/player/zhang-45382/,Zhang T.,1692.7,27,1545.4,16.0,1729.7,11.0,,,,
/player/peliwo/,Peliwo F.,1692.4,45,1606.4,33.0,1549.3,11.0,1463.2,1.0,,
/player/schlagenhauf-eea78/,Schlagenhauf N.,1692.3,28,1605.2,5.0,1646.4,18.0,1506.8,2.0,,
/player/leykina/,Leykina P.,1692.2,34,1712.4,16.0,1593.0,10.0,,,1551.8,3.0
/player/nupbay/,Nupbay A.,1692.1,6,1699.3,6.0,,,,,,
/player/damas/,Damas M.,1692.0,42,,,1672.2,42.0,,,,
/player/biolay/,Biolay S.,1692.0,22,1709.0,7.0,1534.3,15.0,,,,
/player/koizumi-d8ff3/,Koizumi N.,1691.8,36,1592.6,5.0,1721.8,25.0,1615.9,4.0,,
/player/kingsley-84b50/,Kingsley C.,1691.7,8,1763.2,4.0,1432.8,4.0,,,,
/player/gilheany-ae515/,Gilheany R.,1691.7,8,1693.3,8.0,,,,,,
/player/hofbauer-ff3f7/,Hofbauer K.,1691.4,9,,,1691.3,9.0,,,,
/player/nannelli/,Nannelli M.,1691.4,8,,,1706.6,7.0,,,,
/player/teso/,Teso K.,1691.3,5,,,,,,,,
/player/milic-b10f4/,Milic O.,1691.1,34,1670.0,15.0,1512.5,13.0,1784.5,5.0,,
/player/king-01912/,King D.,1691.0,8,1494.4,3.0,,,,,,
/player/sakellaridis-a248a/,Sakellaridis D.,1691.0,62,1643.7,20.0,1637.5,42.0,,,,
/player/demanet/,Demanet E.,1690.9,36,1552.8,11.0,1676.8,25.0,,,,
/player/petit-02f21/,Petit L.,1690.5,28,1700.9,6.0,1606.8,14.0,,,,
/player/avdeeva-f77e5/,Avdeeva J.,1690.5,31,1663.7,10.0,1661.7,18.0,1446.8,1.0,1521.5,2.0
/player/vrba-25c47/,Vrba J.,1690.5,21,1622.1,6.0,1522.1,10.0,1664.1,3.0,,
/player/bertola-e4bb8/,Bertola R.,1690.4,47,1435.0,8.0,1680.6,26.0,1615.4,10.0,1523.1,2.0
/player/kovalik/,Kovalik J.,1690.4,15,,,1678.6,15.0,,,,
/player/torres-a7519/,Torres T.,1690.4,43,1627.2,13.0,1696.7,29.0,1433.1,1.0,,
/player/zucchini-242d9/,Zucchini A.,1690.3,23,1639.6,6.0,1632.7,17.0,,,,
/player/kuramochi-49cd0/,Kuramochi M.,1690.1,28,1730.6,25.0,,,,,1462.3,3.0
/player/pujol-navarro/,Pujol Navarro B.,1690.1,14,1526.0,2.0,1661.3,11.0,,,,
/player/fernandez-443dd/,Fernández L.,1690.0,14,1712.3,13.0,1458.9,1.0,,,,
/player/forti-f61d4/,Forti F.,1690.0,52,1753.9,7.0,1658.9,45.0,,,,
/player/frankel/,Frankel K.,1689.8,3,,,,,,,,
/player/martinez-de-freitas/,Martinez De Freitas O.,1689.8,22,,,1635.0,6.0,1664.1,3.0,,
/player/biro-19860/,Biro M.,1689.7,35,,,1699.6,31.0,,,,
/player/azoides/,Azoides D.,1689.6,24,1644.9,11.0,1591.8,13.0,,,,
/player/opitz/,Opitz J.,1689.6,20,1540.8,4.0,1656.9,16.0,,,,
/player/malygina/,Malygina E.,1689.5,30,1670.9,12.0,1549.1,15.0,,,1434.3,1.0
/player/nagel-eaef3/,Nagel A.,1689.4,38,1482.7,7.0,1722.9,29.0,,,1434.3,1.0
/player/trungelliti/,Trungelliti M.,1689.3,48,1475.2,10.0,1674.9,34.0,1398.3,4.0,,
/player/marionneau/,Marionneau L.,1689.3,22,1511.8,5.0,1645.6,13.0,1565.7,1.0,,
/player/milovanovic-fca5a/,Milovanovic E.,1689.3,48,1775.8,26.0,1619.8,22.0,,,,
/player/kulikova-1f1c3/,Kulikova A.,1689.3,36,1699.2,33.0,,,,,1527.0,2.0
/player/supova/,Supova K.,1689.2,20,,,1670.0,20.0,,,,
/player/andreeva-5ec85/,Andreeva E.,1689.2,38,1621.3,12.0,1677.4,23.0,1498.8,2.0,1446.6,1.0
/player/sato-92070/,Sato H.,1689.2,52,1710.0,51.0,,,,,1434.3,1.0
/player/sheldon-9ef45/,Sheldon M.,1689.0,18,1648.3,5.0,1590.7,6.0,,,,
/player/broadfoot/,Broadfoot G.,1688.9,3,1695.4,3.0,,,,,,
/player/pridankina/,Pridankina E.,1688.7,33,1611.6,9.0,1629.8,19.0,1514.2,4.0,1434.3,1.0
/player/bazderova/,Bazderova A.,1688.6,17,1630.0,11.0,1735.3,6.0,,,,
/player/poertner/,Poertner L.,1688.5,21,1632.7,4.0,1566.7,11.0,1594.8,4.0,,
/player/iannaccone/,Iannaccone F.,1688.5,37,1585.0,5.0,1647.6,32.0,,,,
/player/simes/,Simes A.,1688.2,17,1623.9,13.0,,,1742.6,4.0,,
/player/bieldiugin/,Bieldiugin T.,1688.1,23,1612.6,10.0,1646.4,13.0,,,,
/player/craig-e9ab7/,Craig C.,1688.0,14,1603.7,4.0,1497.9,7.0,,,,
/player/zakharova-887ba/,Zakharova A.,1688.0,36,1646.4,19.0,1481.7,11.0,1523.9,6.0,,
/player/tsao-f5af6/,Tsao C.,1688.0,50,1707.1,40.0,,,,,1621.4,10.0
/player/zakaryia/,Zakaryia F.,1687.9,37,1547.1,18.0,1637.4,19.0,,,,
/player/bathrinath/,Bathrinath L.,1687.9,8,,,,,,,,
/player/rengel-sierra/,Rengel Sierra T.,1687.6,6,,,,,,,,
/player/deng-f3056/,Deng T.,1687.4,39,1688.7,31.0,1479.3,1.0,,,1605.0,7.0
/player/wiersholm-37187/,Wiersholm K.,1687.3,23,1703.4,16.0,1469.6,1.0,,,,
/player/naef-bdb10/,Naef C.,1687.3,18,,,1506.2,6.0,1660.1,12.0,,
/player/derepasko-757e8/,Derepasko T.,1687.2,35,1676.2,15.0,1562.7,19.0,1435.6,1.0,,
/player/bellifemine/,Bellifemine A.,1687.2,42,1540.8,6.0,1643.0,27.0,1504.8,2.0,,
/player/chwalinska/,Chwalinska M.,1687.1,30,1359.8,6.0,1909.0,18.0,1433.3,2.0,1617.3,4.0
/player/kasnikowski/,Kasnikowski M.,1687.0,45,1602.3,14.0,1682.6,30.0,,,,
/player/akli-4d6c8/,Akli A.,1687.0,35,1657.8,21.0,1470.7,13.0,,,1434.3,1.0
/player/mazza/,Mazza M.,1687.0,40,1568.7,4.0,1652.2,36.0,,,,
/player/sciahbasi-d47cb/,Sciahbasi M.,1686.6,37,1539.7,6.0,1648.4,30.0,,,,
/player/dimic/,Dimic M.,1686.6,36,1493.8,8.0,1563.3,17.0,1664.1,3.0,,
/player/bigun/,Bigun K.,1686.5,37,1436.4,10.0,1790.6,24.0,,,1549.3,3.0
/player/baker-45151/,Baker B.,1686.4,21,1504.9,6.0,1620.4,10.0,,,,
/player/bondar-4cb3e/,Bondar A.,1686.0,42,1571.8,13.0,1737.0,22.0,1399.1,4.0,,
/player/luikham/,Luikham J.,1685.9,15,1638.3,9.0,1620.1,6.0,,,,
/player/pinho-d17fe/,Pinho T.,1685.9,9,1433.3,1.0,,,1565.7,1.0,,
/player/rocchetti/,Rocchetti S.,1685.8,36,,,1638.8,30.0,,,,
/player/lootsma/,Lootsma N.,1685.6,53,,,1493.2,2.0,1565.7,1.0,,
/player/bataikina/,Bataikina K.,1685.6,22,1697.4,19.0,1460.0,3.0,,,,
/player/sahoo-323f2/,Sahoo D.,1685.6,15,1516.9,2.0,1671.2,6.0,,,,
/player/shimanov/,Shimanov O.,1685.5,25,1509.4,11.0,1613.5,6.0,1686.5,5.0,,
/player/jakupovic-dfb60/,Jakupovic D.,1685.5,39,1525.3,2.0,1662.8,37.0,,,,
/player/ryser/,Ryser V.,1685.4,53,1748.0,42.0,1608.5,8.0,1570.5,3.0,,
/player/alves-5a2e8/,Alves C.,1685.3,32,1517.7,6.0,1719.5,26.0,,,,
/player/shue/,Shue V.,1685.3,10,,,,,,,,
/player/mochizuki-f2487/,Mochizuki S.,1685.2,36,1581.7,21.0,1365.6,3.0,1706.7,12.0,,
/player/berrettini-707ad/,Berrettini M.,1685.1,26,1551.4,9.0,1688.1,14.0,1581.3,3.0,,
/player/mridha/,Mridha J.,1685.1,22,1422.9,3.0,1693.9,17.0,,,,
/player/jones-189e5/,Jones R.,1685.1,31,1647.5,13.0,1690.5,11.0,1525.4,2.0,,
/player/luo-5a0a6/,Luo X.,1685.1,30,1732.4,22.0,1541.4,5.0,,,1455.2,3.0
/player/pinnington-jones/,Pinnington Jones J.,1685.1,28,1761.4,12.0,1403.6,8.0,1423.8,7.0,1434.3,1.0
/player/brady-beba3/,Brady P.,1685.0,28,1625.2,12.0,1575.9,7.0,1509.6,7.0,1504.6,2.0
/player/falei-4bd6b/,Falei A.,1684.9,33,1666.4,25.0,1438.1,5.0,,,1569.3,3.0
/player/mpetshi-perricard-c6719/,Mpetshi Perricard D.,1684.8,23,,,1725.7,22.0,,,1432.9,1.0
/player/davydov-5e4da/,Davydov G.,1684.7,4,,,,,,,,
/player/poritzky/,Poritzky E.,1684.6,6,,,,,,,,
/player/jeong-791fb/,Jeong Y.,1684.6,7,,,1688.6,7.0,,,,
/player/boyer-64ede/,Boyer T.,1684.6,32,1588.0,13.0,1709.7,14.0,1589.7,5.0,,
/player/brancatelli/,Brancatelli G.,1684.5,29,1626.0,10.0,1631.1,15.0,,,,
/player/fukuda-4c67a/,Fukuda S.,1684.5,26,1438.8,4.0,1660.5,22.0,,,,
/player/gojo/,Gojo B.,1684.4,25,1656.4,15.0,1507.5,5.0,1490.9,2.0,1586.6,3.0
/player/braswell-07182/,Braswell J.,1684.3,30,1369.0,5.0,1770.0,15.0,1504.6,2.0,,
/player/vidal-57783/,Vidal L.,1684.3,18,1693.2,13.0,1492.3,5.0,,,,
/player/ghazouani-durand/,Ghazouani Durand Y.,1684.1,37,1611.0,13.0,1524.1,12.0,1702.3,5.0,1603.1,7.0
/player/petkovic-1cadf/,Petkovic A.,1684.1,27,,,1671.1,27.0,,,,
/player/poljicak/,Poljicak M.,1684.0,42,1568.6,4.0,1640.6,38.0,,,,
/player/isomura-6342d/,Isomura K.,1684.0,35,1451.8,21.0,1756.9,12.0,1504.6,2.0,,
/player/tomida/,Tomida Y.,1683.9,44,1593.9,13.0,1694.8,29.0,1395.3,2.0,,
/player/rajecki/,Rajecki A.,1683.9,32,1753.3,22.0,,,1345.1,3.0,1523.5,2.0
/player/galan-e4b30/,Galan D.,1683.8,39,,,1661.2,39.0,,,,
/player/frusina/,Frusina A.,1683.8,25,1571.7,5.0,1587.1,12.0,1549.8,3.0,,
/player/yuan-8d0ef/,Yuan C.,1683.6,43,1666.0,30.0,1699.9,7.0,,,1715.4,6.0
/player/pokorny-6f34e/,Pokorny L.,1683.5,29,1422.2,4.0,1629.8,25.0,,,,
/player/kaji/,Kaji H.,1683.5,45,1663.3,38.0,1546.3,4.0,,,1577.8,3.0
/player/cakarevic/,Cakarevic S.,1683.1,26,,,1635.7,25.0,,,1448.8,1.0
/player/liang-df4cf/,Liang E.,1682.8,14,1648.5,13.0,1434.3,1.0,,,,
/player/di-girolami/,Di Girolami T.,1682.6,38,1457.8,1.0,1670.5,37.0,,,,
/player/laurent-d260c/,Laurent T.,1682.4,9,,,1676.1,9.0,,,,
/player/jackson-3a37e/,Jackson E.,1682.4,13,1453.3,1.0,1735.4,12.0,,,,
/player/jorge-fb514/,Jorge F.,1682.4,42,1684.6,32.0,1430.7,4.0,1493.5,2.0,1434.3,1.0
/player/tian-df169/,Tian F.,1682.3,23,1646.0,23.0,,,,,,
/player/taraba-wallberg/,Taraba Wallberg N.,1682.3,25,,,1660.0,25.0,,,,
/player/sun-2f389/,Sun F.,1682.2,44,1638.0,41.0,1402.4,2.0,1434.3,1.0,,
/player/barki-be9dc/,Barki N.,1682.1,8,1604.9,5.0,1527.9,2.0,,,,
/player/das-0158d/,Das A.,1682.1,32,1683.3,23.0,,,,,1581.3,5.0
/player/teichmann/,Teichmann J.,1681.9,20,1592.4,3.0,1680.8,15.0,1521.3,2.0,,
/player/duhan/,Duhan C.,1681.9,39,1488.2,7.0,1709.9,22.0,1624.2,5.0,,
/player/moyano-bbc21/,Moyano L.,1681.9,39,1596.3,13.0,1603.4,22.0,,,1635.4,4.0
/player/bidan-97557/,Bidan F.,1681.9,25,1570.9,5.0,1608.3,9.0,,,,
/player/martin-tiffon/,Martin Tiffon P.,1681.8,33,1422.1,1.0,1671.8,30.0,1502.6,2.0,,
/player/petrovic-b2eeb/,Petrovic A.,1681.8,33,1594.4,16.0,1637.8,15.0,1506.8,2.0,,
/player/benchakroun-722ce/,Benchakroun M.,1681.8,10,1518.6,2.0,1457.2,1.0,,,,
/player/salibayeva/,Salibayeva A.,1681.7,22,,,,,,,,
/player/maklakova/,Maklakova E.,1681.6,28,1672.1,28.0,,,,,,
/player/bennemann/,Bennemann E.,1681.6,40,,,1654.5,40.0,,,,
/player/bronzetti-89444/,Bronzetti L.,1681.6,44,1369.1,3.0,1792.8,37.0,1568.2,3.0,,
/player/fairclough/,Fairclough L.,1681.5,37,1618.1,16.0,,,,,,
/player/janicijevic/,Janicijevic S.,1681.5,34,,,1672.6,34.0,,,,
/player/dedura-palomero-d612d/,Dedura-Palomero D.,1681.5,62,1462.5,4.0,1713.9,56.0,1373.4,2.0,,
/player/jankanj/,Jankanj V.,1681.2,26,1419.3,4.0,1664.5,20.0,1504.6,2.0,,
/player/porras/,Porras J.,1681.1,29,1565.7,1.0,1595.5,13.0,,,,
/player/smith-6ecab/,Smith A.,1680.8,36,1658.1,21.0,1540.6,11.0,1493.2,2.0,1504.6,2.0
/player/hopp/,Hopp M.,1680.7,30,1471.1,7.0,1670.1,22.0,1448.8,1.0,,
/player/wang-4443c/,Wang Y.,1680.7,30,1691.2,23.0,1373.3,2.0,,,1510.4,5.0
/player/lee-da7c4/,Lee K.,1680.7,25,1587.2,12.0,1632.3,13.0,,,,
/player/bar-biryukov/,Bar Biryukov P.,1680.7,51,1635.2,26.0,1706.0,23.0,1362.7,2.0,,
/player/apltauer/,Apltauer F.,1680.5,10,,,,,,,,
/player/kim-f6a25/,Kim A.,1680.5,25,1575.6,12.0,1717.1,8.0,1685.0,5.0,,
/player/jahn/,Jahn J.,1680.4,3,,,,,,,,
/player/duerst/,Duerst J.,1680.3,21,1690.8,9.0,1603.2,12.0,,,,
/player/chinlund/,Chinlund C.,1680.2,15,,,,,,,,
/player/hontama/,Hontama M.,1680.1,42,1637.9,32.0,1614.4,8.0,1551.0,2.0,,
/player/fahim-9ed8d/,Fahim I.,1680.1,17,1620.1,4.0,1623.5,10.0,1565.7,1.0,,
/player/zhou-472f7/,Zhou Y.,1679.9,31,1598.2,17.0,1399.1,2.0,1626.9,12.0,,
/player/ha-8ce95/,Ha S.,1679.9,19,1677.2,19.0,,,,,,
/player/saravanan-d9589/,Saravanan T.,1679.9,8,,,,,,,,
/player/kalinin-8d95f/,Kalinin A.,1679.7,19,,,,,,,,
/player/ewing-6e287/,Ewing S.,1679.5,22,1650.7,12.0,1469.4,7.0,,,,
/player/brune-olsen/,Brune Olsen A.,1679.5,41,1439.7,1.0,1677.8,32.0,,,,
/player/papoe-52fc0/,Papoe C.,1679.3,24,1655.8,6.0,1559.2,8.0,1698.1,5.0,,
/player/candiotto-f4160/,Candiotto A.,1679.2,36,1637.7,16.0,1697.2,20.0,,,,
/player/smith-8b3b8/,Smith K.,1679.2,43,1553.3,23.0,1777.8,9.0,1485.2,8.0,1585.1,3.0
/player/avram-da85f/,Avram G.,1679.2,10,,,1586.3,3.0,,,,
/player/eriksson-ziverts/,Eriksson Ziverts J.,1679.1,17,1463.4,3.0,1568.8,11.0,1580.4,3.0,,
/player/gogineni/,Gogineni V.,1679.0,19,1643.6,8.0,1585.7,11.0,,,,
/player/nahimana/,Nahimana S.,1678.9,24,,,1651.9,19.0,,,1570.4,5.0
/player/frankowska/,Frankowska Z.,1678.8,7,,,,,,,,
/player/mccormick-1f674/,McCormick T.,1678.8,30,1654.7,14.0,1566.9,16.0,,,,
/player/mrazikova/,Mrazikova K.,1678.6,29,,,1666.3,24.0,,,,
/player/perez-06a31/,Perez S.,1678.5,6,,,,,,,,
/player/mahendran/,Mahendran K.,1678.5,14,1615.0,14.0,,,,,,
/player/sauvant/,Sauvant C.,1678.3,4,,,1623.3,3.0,,,,
/player/barrios-vera/,Barrios Vera M.,1678.3,33,1573.7,6.0,1610.8,23.0,1541.2,4.0,,
/player/vasami-a02e2/,Vasami J.,1678.2,23,,,1653.4,23.0,,,,
/player/kunitsyn-76ace/,Kunitsyn A.,1678.1,38,1556.8,8.0,1656.4,20.0,1434.3,1.0,,
/player/ahn-a1fc6/,Ahn A.,1678.0,17,1672.2,17.0,,,,,,
/player/schlossmann/,Schlossmann F.,1677.9,23,1634.4,4.0,1595.6,15.0,,,,
/player/frodin/,Frodin T.,1677.8,24,1476.3,5.0,1742.3,19.0,,,,
/player/maksimovic-33330/,Maksimovic M.,1677.6,11,1503.5,2.0,1656.5,9.0,,,,
/player/havlickova-33935/,Havlickova L.,1677.6,32,1600.5,10.0,1660.4,20.0,1434.3,1.0,1434.3,1.0
/player/martineau-40903/,Martineau M.,1677.4,44,1675.2,16.0,1565.0,25.0,,,1455.1,3.0
/player/stearns-1fdf2/,Stearns P.,1677.3,28,1638.5,13.0,1561.4,12.0,1448.0,3.0,,
/player/vukadin-763a8/,Vukadin N.,1677.3,14,1434.3,1.0,1699.4,13.0,,,,
/player/kuzuhara/,Kuzuhara B.,1677.3,29,1635.7,13.0,1479.7,12.0,1569.7,3.0,1434.3,1.0
/player/mejia-a7d27/,Mejia N.,1677.1,38,1507.9,15.0,1821.5,15.0,1621.8,7.0,,
/player/zayid/,Zayid M.,1677.0,3,,,,,,,,
/player/gundacker/,Gundacker J.,1677.0,52,1610.4,8.0,1615.0,27.0,1504.6,2.0,,
/player/arkadianou/,Arkadianou A.,1676.6,5,,,,,,,,
/player/lollia-cbd89/,Lollia M.,1676.5,26,1689.7,9.0,1580.7,17.0,,,,
/player/kriznik/,Kriznik M.,1676.5,22,1548.3,3.0,1601.9,9.0,,,,
/player/gennaro-d1cbd/,Gennaro C.,1676.4,43,,,1664.3,43.0,,,,
/player/vaisman/,Vaisman T.,1676.3,23,1665.4,9.0,1627.1,11.0,,,,
/player/jara-lozano/,Jara-Lozano N.,1675.7,20,,,1434.3,1.0,,,,
/player/adkar/,Adkar V.,1675.7,35,1702.8,25.0,1436.5,6.0,,,,
/player/zeltina/,Zeltina B.,1675.7,44,,,1649.5,40.0,,,,
/player/kennedy-81205/,Kennedy J.,1675.7,29,1643.8,11.0,1809.7,16.0,1434.3,1.0,1434.3,1.0
/player/shimizu-70e40/,Shimizu E.,1675.6,28,1640.5,25.0,,,,,1581.2,3.0
/player/shebekin/,Shebekin G.,1675.6,27,1687.8,14.0,1564.2,13.0,,,,
/player/yoruk/,Yoruk I.,1675.3,26,1627.3,22.0,1545.3,4.0,,,,
/player/berard-37120/,Berard T.,1675.3,23,1484.8,4.0,1724.5,14.0,1456.5,3.0,,
/player/bouzige/,Bouzige M.,1675.3,47,1524.3,15.0,1673.7,31.0,1434.3,1.0,,
/player/taka/,Taka Y.,1675.2,52,1477.3,10.0,1686.6,32.0,1504.6,2.0,,
/player/sanduleasa/,Sanduleasa I.,1675.1,22,,,1668.9,22.0,,,,
/player/vincent-ruggeri/,Vincent Ruggeri S.,1675.1,19,1517.4,5.0,1632.0,14.0,,,,
/player/vanta/,Vanta V.,1675.1,30,1694.8,3.0,1655.3,20.0,1435.8,3.0,,
/player/prechtel/,Prechtel S.,1675.0,8,,,,,,,,
/player/arnaboldi-d7371/,Arnaboldi F.,1674.8,45,1654.3,7.0,1633.1,38.0,,,,
/player/park-1fa09/,Park E.,1674.7,20,1676.8,20.0,,,,,,
/player/zeballos-bfbb7/,Zeballos N.,1674.7,14,1630.6,4.0,1564.0,8.0,,,,
/player/duong-c13c0/,Duong D.,1674.7,29,,,,,,,,
/player/casanova-dbdaf/,Casanova H.,1674.7,36,,,1634.6,36.0,,,,
/player/wieland/,Wieland L.,1674.6,21,1636.7,4.0,1654.4,9.0,1434.3,1.0,,
/player/sickenberger/,Sickenberger T.,1674.6,34,1590.0,6.0,1544.9,17.0,1549.3,3.0,,
/player/thies-154a0/,Thies C.,1674.4,12,1439.0,1.0,1399.7,2.0,1504.6,2.0,,
/player/kim-f04c8/,Kim G.,1674.3,26,1597.1,9.0,1637.6,17.0,,,,
/player/bertea/,Bertea E.,1674.3,49,1548.0,4.0,1659.0,41.0,,,,
/player/vukic/,Vukic A.,1674.2,38,1643.3,20.0,1379.2,10.0,1452.7,8.0,,
/player/caballero-chica/,Caballero Chica R.,1674.1,20,1621.0,9.0,1622.9,11.0,,,,
/player/rennard/,Rennard C.,1674.1,18,1359.4,4.0,1509.4,4.0,,,,
/player/manning-c8c23/,Manning W.,1674.1,16,1462.4,4.0,1614.2,6.0,1551.8,3.0,,
/player/jaskova-740fe/,Jaskova A.,1673.8,28,,,1675.9,24.0,,,,
/player/cigarran/,Cigarran T.,1673.8,47,1711.2,10.0,1564.2,33.0,1629.7,4.0,,
/player/tagger-1a5b1/,Tagger L.,1673.8,30,1655.8,15.0,1454.6,13.0,1357.5,2.0,,
/player/johnson-c68dc/,Johnson A.,1673.7,15,1538.5,4.0,1689.3,11.0,,,,
/player/sydow-3197f/,Sydow P.,1673.7,4,,,,,,,,
/player/markovski-cb5e4/,Markovski O.,1673.6,14,,,1504.0,2.0,,,,
/player/mandou-berranger/,Mandou Berranger I.,1673.6,14,,,,,,,,
/player/seifert/,Seifert S.,1673.5,42,1652.4,10.0,1601.7,30.0,,,,
/player/yilmaz-ef721/,Yilmaz K.,1673.5,40,1574.5,14.0,1667.8,24.0,,,,
/player/upton/,Upton M.,1673.3,9,,,,,,,,
/player/vajsejtlova/,Vajsejtlova T.,1673.3,8,,,,,,,,
/player/semenistaja/,Semenistaja D.,1673.2,47,1503.9,7.0,1732.2,36.0,1500.0,4.0,,
/player/te/,Te R.,1673.1,25,1647.5,12.0,1605.9,10.0,1391.5,2.0,,
/player/zeitune-c1d0f/,Zeitune M.,1673.1,39,1623.2,8.0,1622.5,31.0,,,,
/player/thompson-54006/,Thompson B.,1673.1,46,1642.3,39.0,,,1614.0,4.0,,
/player/novakovic-5e29c/,Novakovic N.,1673.0,19,1492.6,2.0,1491.6,11.0,1626.7,2.0,,
/player/schinnerer/,Schinnerer K.,1672.9,11,,,,,,,,
/player/kulambayeva/,Kulambayeva Z.,1672.9,43,1472.7,1.0,1669.4,42.0,,,,
/player/soto-fec8d/,Soto M.,1672.9,37,,,1698.1,36.0,,,,
/player/ignatik/,Ignatik U.,1672.8,9,1610.0,4.0,1609.7,5.0,,,,
/player/kudermetova-9ef1c/,Kudermetova P.,1672.8,44,1596.4,13.0,1637.3,24.0,1605.8,7.0,,
/player/broadus/,Broadus S.,1672.8,44,1653.9,30.0,1686.6,14.0,,,,
/player/chiesa-eaccf/,Chiesa D.,1672.6,46,,,1658.3,46.0,,,,
/player/chung-f6b05/,Chung J.,1672.5,6,,,,,,,,
/player/khoeblal/,Khoeblal E.,1672.5,27,1627.9,13.0,1614.8,14.0,,,,
/player/chiu-61db7/,Chiu J.,1672.3,30,1626.3,7.0,1701.5,12.0,1562.0,3.0,,
/player/marino-81908/,Marino P.,1672.3,36,1626.3,8.0,1617.8,26.0,1514.7,2.0,,
/player/selekhmeteva/,Selekhmeteva O.,1672.3,34,1562.1,10.0,1626.3,19.0,1488.4,5.0,,
/player/guna-31d13/,Guna R.,1672.2,30,1641.0,7.0,1635.9,21.0,1434.3,1.0,,
/player/jadue-786a0/,Jadue A.,1672.0,10,,,,,,,,
/player/lee-f44c9/,Lee E.,1672.0,25,1673.5,25.0,,,,,,
/player/hrdinkova/,Hrdinkova D.,1671.8,37,,,,,,,,
/player/comino/,Comino L.,1671.7,27,1478.7,7.0,1639.4,19.0,,,,
/player/turini-b8612/,Turini V.,1671.6,39,1692.5,18.0,1594.5,21.0,,,,
/player/teboh/,Teboh E.,1671.6,3,,,,,,,,
/player/hanfmann/,Hanfmann Y.,1671.6,35,1498.2,9.0,1671.5,18.0,1506.6,8.0,,
/player/sigurdsson-c2c34/,Sigurdsson E.,1671.6,4,,,,,,,,
/player/deflandre/,Deflandre L.,1671.6,20,1592.7,8.0,1614.8,7.0,,,,
/player/bolt-fa7eb/,Bolt A.,1671.5,32,1670.3,21.0,1565.1,5.0,1423.6,6.0,,
/player/tabilo/,Tabilo A.,1671.4,37,1596.3,13.0,1662.9,20.0,1403.1,3.0,,
/player/rajeshwaran-revathi/,Rajeshwaran Revathi M.,1671.3,11,1668.7,11.0,,,,,,
/player/carreno-busta/,Carreno-Busta P.,1671.2,27,1568.6,8.0,1661.9,17.0,1381.9,2.0,,
/player/carle-f03da/,Carle M.,1671.2,39,1517.8,3.0,1667.8,34.0,1500.9,2.0,,
/player/bojovic-e1650/,Bojovic J.,1671.1,26,,,1529.8,10.0,,,,
/player/langlais/,Langlais C.,1671.1,14,,,1681.8,14.0,,,,
/player/sieg/,Sieg M.,1671.1,42,1610.4,8.0,1673.8,34.0,,,,
/player/andres-1eca4/,Andres R.,1671.1,21,1566.4,10.0,1586.4,8.0,,,,
/player/sels/,Sels J.,1671.0,30,1519.3,4.0,1661.2,24.0,1446.8,1.0,1434.3,1.0
/player/rahmani-1a554/,Rahmani K.,1671.0,40,1596.1,11.0,1648.8,26.0,,,1434.3,1.0
/player/marozsan/,Marozsan F.,1670.8,32,1541.3,11.0,1486.1,11.0,1602.0,9.0,,
/player/lanik/,Lanik T.,1670.8,46,1590.9,11.0,1582.8,19.0,1626.7,2.0,,
/player/marti-pujolras/,Marti Pujolras A.,1670.8,47,1668.1,5.0,1631.9,42.0,,,,
/player/baybars/,Baybars A.,1670.7,15,1459.0,3.0,1616.8,8.0,1645.8,4.0,,
/player/tomizawa/,Tomizawa N.,1670.7,19,1434.3,1.0,1620.4,6.0,1434.3,1.0,,
/player/dal/,Dal S.,1670.6,20,1738.5,4.0,1637.7,14.0,,,1512.6,2.0
/player/vidmanova/,Vidmanova D.,1670.5,42,1595.9,22.0,1597.2,13.0,1577.8,7.0,,
/player/talan-lopatic/,Talan Lopatic L.,1670.5,35,1591.4,5.0,1564.1,20.0,1633.1,4.0,,
/player/mikulskyte/,Mikulskyte J.,1670.5,46,1608.1,17.0,1671.3,22.0,1494.8,2.0,1457.3,1.0
/player/bernard-56743/,Bernard A.,1670.5,16,1571.0,3.0,1520.2,10.0,,,,
/player/antchandie/,Antchandie H.,1670.1,6,1558.9,3.0,,,,,,
/player/de-jonge/,De Jonge D.,1670.0,33,1573.2,9.0,1651.3,20.0,1518.6,2.0,1504.6,2.0
/player/nava-337db/,Nava E.,1670.0,29,,,1717.2,27.0,1390.7,2.0,,
/player/collins-7ad7b/,Collins K.,1670.0,53,1636.9,32.0,1664.3,19.0,1536.3,2.0,,
/player/gobat/,Gobat A.,1669.8,5,1420.5,1.0,1720.4,3.0,,,1434.3,1.0
/player/maldoner/,Maldoner L.,1669.7,6,,,1669.9,6.0,,,,
/player/zapp-e41cd/,Zapp L.,1669.5,25,1448.4,1.0,1603.0,6.0,1673.9,6.0,,
/player/pereira-9b0a8/,Pereira J.,1669.5,19,,,1633.6,19.0,,,,
/player/khosla-e9485/,Khosla R.,1669.1,5,,,,,,,,
/player/berecoechea/,Berecoechea N.,1669.1,25,1686.0,13.0,1481.4,12.0,,,,
/player/vasilescu-c0729/,Vasilescu A.,1668.9,35,1478.1,3.0,1554.3,25.0,,,,
/player/smejkalova/,Smejkalova A.,1668.9,13,1684.7,13.0,,,,,,
/player/walton/,Walton A.,1668.9,49,1623.1,33.0,1489.6,5.0,1639.7,11.0,,
/player/kwon-205b8/,Kwon B.,1668.9,15,1577.7,5.0,,,,,,
/player/guilleme/,Guilleme J.,1668.8,15,1566.5,1.0,1659.7,14.0,,,,
/player/witz-463f7/,Witz A.,1668.8,10,1487.7,2.0,1648.7,7.0,,,,
/player/admiraal/,Admiraal A.,1668.6,24,1416.7,1.0,1621.6,5.0,,,,
/player/verbeek-64a5b/,Verbeek D.,1668.5,36,1651.2,11.0,1514.6,17.0,1586.3,4.0,,
/player/hayasaka-5332c/,Hayasaka K.,1668.5,19,1691.3,17.0,,,,,1508.2,2.0
/player/jang-11db2/,Jang S.,1668.5,14,1668.0,14.0,,,,,,
/player/primorac-378c7/,Primorac I.,1668.3,35,,,1652.5,35.0,,,,
/player/hernandez-serrano/,Hernandez Serrano J.,1668.1,34,1569.4,17.0,1628.4,16.0,,,,
/player/bessonov-63d99/,Bessonov D.,1667.8,23,1486.6,8.0,1627.1,12.0,,,,
/player/proietti/,Proietti V.,1667.8,24,1618.4,7.0,1630.3,17.0,,,,
/player/espinal-sanchez/,Espinal Sanchez N.,1667.7,4,,,,,,,,
/player/leote-prata-ca676/,Leote Prata V.,1667.7,31,1565.6,7.0,1571.2,14.0,1664.1,3.0,,
/player/smith-4a480/,Smith C.,1667.7,34,1571.6,18.0,1494.2,9.0,1543.0,5.0,1523.5,2.0
/player/chapuis/,Chapuis A.,1667.6,7,,,1584.2,1.0,,,,
/player/taguchi-3e3f3/,Taguchi R.,1667.5,31,1640.0,12.0,1618.4,16.0,1434.3,1.0,,
/player/cabezas-dominguez/,Cabezas Dominguez S.,1667.5,23,1372.9,5.0,1737.1,18.0,,,,
/player/bayerlova/,Bayerlova M.,1667.3,37,1364.0,3.0,1680.4,34.0,,,,
/player/chen-d979c/,Chen Y.,1667.3,25,1607.6,12.0,1613.3,11.0,1434.3,1.0,,
/player/symons-a0066/,Symons O.,1667.1,5,1666.6,5.0,,,,,,
/player/coppejans/,Coppejans K.,1667.0,51,1516.9,5.0,1653.9,44.0,1494.4,2.0,,
/player/ferrari-a3c58/,Ferrari G.,1667.0,39,1539.0,4.0,1618.2,34.0,,,,
/player/cina/,Cina F.,1666.9,45,1582.8,17.0,1649.0,26.0,1493.9,2.0,,
/player/pougault/,Pougault A.,1666.9,11,,,,,,,,
/player/tailleu/,Tailleu P.,1666.8,48,1609.9,12.0,1588.0,22.0,1513.9,4.0,,
/player/m-chich/,M'chich A.,1666.8,17,1576.4,5.0,1515.3,8.0,1626.7,2.0,,
/player/masarova-66538/,Masarova R.,1666.8,32,1389.1,2.0,1679.9,20.0,1622.5,10.0,,
/player/travaglia/,Travaglia S.,1666.8,35,1465.5,1.0,1696.3,32.0,1515.0,2.0,,
/player/yu-8c73f/,Yu W.,1666.6,20,1620.9,12.0,1434.3,1.0,,,1630.6,7.0
/player/radjenovic/,Radjenovic V.,1666.4,31,1577.3,5.0,1635.5,21.0,1626.7,2.0,,
/player/waltert/,Waltert S.,1666.3,41,1579.4,9.0,1703.3,30.0,1375.5,2.0,,
/player/baez-a8fb1/,Baez S.,1666.2,41,1574.0,13.0,1681.5,25.0,1424.5,3.0,,
/player/tang-242a1/,Tang S.,1666.2,33,1453.6,5.0,1667.9,18.0,1569.3,3.0,,
/player/wang-2cad9/,Wang J.,1666.1,46,1649.0,34.0,1452.1,3.0,,,1617.0,9.0
/player/munzarova/,Munzarova L.,1665.8,20,1675.2,13.0,1591.0,7.0,,,,
/player/garcian/,Garcian A.,1665.8,22,1633.5,4.0,1545.2,15.0,1527.6,2.0,,
/player/palomar-c497a/,Palomar X.,1665.8,25,1587.3,7.0,1605.7,16.0,,,,
/player/radojevic-549fc/,Radojevic S.,1665.7,3,,,1664.6,3.0,,,,
/player/melero-kretzer/,Melero Kretzer A.,1665.6,14,1495.8,2.0,1634.7,6.0,1504.2,2.0,,
/player/salvestre/,Salvestre D.,1665.6,19,1457.2,6.0,1708.6,10.0,1504.6,2.0,,
/player/chavez-986c0/,Chavez T.,1665.6,12,,,1637.8,12.0,,,,
/player/flores-d3104/,Flores J.,1665.5,19,1593.5,12.0,1664.6,7.0,,,,
/player/bosio-f82d1/,Bosio G.,1665.5,49,1582.8,12.0,1620.4,37.0,,,,
/player/carboni-ecd4c/,Carboni L.,1665.4,45,1662.1,11.0,1597.3,34.0,,,,
/player/campagnola/,Campagnola R.,1665.3,12,1446.6,1.0,,,,,,
/player/kuhl/,Kuhl C.,1665.2,26,1593.7,6.0,1613.4,20.0,,,,
/player/manda/,Manda C.,1665.2,3,,,,,,,,
/player/alvisi/,Alvisi E.,1665.1,36,,,1654.0,36.0,,,,
/player/wagner-9b166/,Wagner A.,1665.1,34,1512.8,7.0,1595.1,21.0,1626.7,2.0,,
/player/blanch-5d667/,Blanch D.,1664.7,41,1528.5,2.0,1638.0,39.0,,,,
/player/bhatia-ca8f3/,Bhatia K.,1664.6,8,1675.0,6.0,1493.2,2.0,,,,
/player/hagoua-valentin-brayan-alexis/,Hagoua Valentin Brayan Alexis O.,1664.6,3,,,,,,,,
/player/filar/,Filar K.,1664.6,30,1507.0,9.0,1628.4,21.0,,,,
/player/ma-1c89c/,Ma C.,1664.5,4,1644.6,4.0,,,,,,
/player/lemaitre-65f26/,Lemaitre L.,1664.4,3,,,,,,,,
/player/tanasie/,Tanasie L.,1664.4,14,1475.3,1.0,1686.7,13.0,,,,
/player/suresh-f2001/,Suresh D.,1664.2,26,1625.6,22.0,1402.2,1.0,,,1504.6,2.0
/player/motta-37682/,Motta A.,1664.2,25,1620.1,7.0,1600.5,10.0,1434.3,1.0,,
/player/bittoun-kouzmine/,Bittoun Kouzmine C.,1664.1,44,1534.4,23.0,1828.6,20.0,,,1434.3,1.0
/player/klugman/,Klugman H.,1664.1,30,1733.2,13.0,1539.2,9.0,1380.0,8.0,,
/player/hede-69f12/,Hede L.,1664.0,19,1562.4,5.0,1595.4,12.0,,,,
/player/escoffier/,Escoffier A.,1664.0,12,1496.5,2.0,1706.6,10.0,,,,
/player/starkova-2057a/,Starkova P.,1663.9,9,1683.3,4.0,1539.5,5.0,,,,
/player/cigna/,Cigna N.,1663.9,10,,,,,,,,
/player/raducanu/,Raducanu E.,1663.8,7,,,1415.0,2.0,1694.3,5.0,,
/player/sborowsky/,Sborowsky Y.,1663.8,9,,,1556.6,4.0,,,,
/player/zingg/,Zingg L.,1663.7,5,,,,,,,1635.0,5.0
/player/ho-d5aca/,Ho C.,1663.6,9,,,1588.5,3.0,,,,
/player/bini-0f521/,Bini V.,1663.5,38,1483.7,9.0,1649.3,24.0,,,,
/player/ewald-6136e/,Ewald W.,1663.5,31,1626.5,13.0,1628.2,17.0,,,1434.3,1.0
/player/matsuda-ec691/,Matsuda K.,1663.5,41,1607.4,27.0,1554.8,9.0,1684.5,5.0,,
/player/chavez-60b90/,Chavez T.,1663.3,8,1691.6,7.0,,,,,1434.3,1.0
/player/scaglia-80e23/,Scaglia M.,1663.2,30,1613.3,9.0,1582.7,20.0,1434.3,1.0,,
/player/haita/,Haita S.,1663.1,38,1654.8,16.0,1589.2,22.0,,,,
/player/lee-dc494/,Lee K.,1663.0,27,,,1569.6,8.0,1549.8,3.0,,
/player/sun-7c64e/,Sun X.,1663.0,15,1581.6,2.0,1609.4,13.0,,,,
/player/thomson-e2c08/,Thomson M.,1662.9,14,1568.9,3.0,1623.6,9.0,1504.6,2.0,,
/player/sengul/,Sengul B.,1662.8,23,1614.7,7.0,1579.0,12.0,1565.7,1.0,,
/player/granwehr/,Granwehr A.,1662.7,42,,,1643.7,42.0,,,,
/player/fix-9a264/,Fix D.,1662.7,28,1599.9,3.0,1603.0,19.0,1558.3,3.0,,
/player/boosarawongse/,Boosarawongse T.,1662.7,27,1615.4,8.0,1726.5,15.0,1434.3,1.0,,
/player/ehab/,Ehab M.,1662.6,21,,,1614.0,19.0,,,,
/player/akbar/,Akbar M.,1662.4,6,1612.3,2.0,1613.9,4.0,,,,
/player/jansson-27d57/,Jansson O.,1662.0,24,1614.7,9.0,1489.5,5.0,,,,
/player/capurro-taborda/,Capurro Taborda M.,1661.9,47,1457.1,4.0,1732.7,42.0,,,,
/player/teixido-garcia/,Teixido Garcia M.,1661.9,38,1486.2,5.0,1677.8,33.0,,,,
/player/fruhvirtova-921c8/,Fruhvirtova B.,1661.8,11,,,1651.9,11.0,,,,
/player/li-5311f/,Li W.,1661.7,29,1542.7,8.0,1700.3,17.0,1434.3,1.0,,
/player/hejtmanek-4837e/,Hejtmanek A.,1661.7,35,1484.0,7.0,1698.1,28.0,,,,
/player/hoeyeraal/,Hoeyeraal H.,1661.5,39,1556.5,9.0,1676.0,27.0,1538.3,3.0,,
/player/yoshida-2d554/,Yoshida S.,1661.5,21,1661.0,21.0,,,,,,
/player/yoshimoto-8e805/,Yoshimoto N.,1661.4,37,1661.0,34.0,,,,,1588.6,3.0
/player/kurata-baba3/,Kurata T.,1661.4,5,,,,,,,,
/player/yamanaka-405ce/,Yamanaka T.,1661.3,35,1519.0,15.0,1634.1,17.0,1575.6,3.0,,
/player/pade-400fe/,Pade M.,1661.1,12,,,1568.2,6.0,,,,
/player/jones-cff84/,Jones E.,1661.0,27,1689.6,21.0,1478.6,1.0,1406.3,4.0,,
/player/nguyen-tan/,Nguyen Tan L.,1661.0,41,1453.9,1.0,1682.4,40.0,,,,
/player/zahraj-42755/,Zahraj P.,1661.0,50,1573.8,14.0,1669.6,31.0,1473.0,1.0,1498.6,4.0
/player/watson-4ffc1/,Watson H.,1660.9,20,1607.4,14.0,,,1529.5,6.0,,
/player/stewart-a929c/,Stewart H.,1660.9,35,1706.4,23.0,,,1508.3,12.0,,
/player/d-agostino/,D'Agostino S.,1660.7,38,1607.6,9.0,1602.0,29.0,,,,
/player/brockmann/,Brockmann T.,1660.6,45,,,1615.7,39.0,1482.2,2.0,1529.6,4.0
/player/kuznetsova-15ae0/,Kuznetsova D.,1660.5,25,1651.5,18.0,1646.8,7.0,,,,
/player/donski/,Donski A.,1660.4,34,1689.6,16.0,1609.4,18.0,,,,
/player/mboko-7ca19/,Mboko V.,1660.3,8,,,1657.4,8.0,,,,
/player/bassols-ribera/,Bassols Ribera M.,1660.2,43,1541.4,8.0,1709.5,33.0,1543.2,2.0,,
/player/naito-77ef5/,Naito Y.,1660.0,37,1666.6,36.0,,,,,1434.3,1.0
/player/ribeiro-a7963/,Ribeiro E.,1659.7,31,,,1643.7,31.0,,,,
/player/pecci-b8ade/,Pecci A.,1659.5,10,1693.9,7.0,1457.3,3.0,,,,
/player/podrez/,Podrez V.,1659.5,34,1641.1,19.0,1593.6,10.0,1447.7,3.0,1494.4,2.0
/player/chan-0fbe0/,Chan D.,1659.4,18,1466.0,9.0,1630.9,5.0,1446.6,1.0,1549.3,3.0
/player/deming-71fcc/,Deming E.,1659.4,18,,,,,,,,
/player/gandolfi-382c5/,Gandolfi F.,1659.2,47,1750.8,13.0,1629.0,33.0,1434.3,1.0,,
/player/taranova-cf2c0/,Taranova V.,1659.2,8,,,1652.4,8.0,,,,
/player/kim-51fcd/,Kim D.,1659.2,28,1449.1,6.0,1704.1,22.0,,,,
/player/molnar-ec579/,Molnar B.,1659.1,12,1526.5,4.0,,,,,,
/player/mo-7f931/,Mo Y.,1659.0,14,1654.4,2.0,1582.6,12.0,,,,
/player/boulter/,Boulter K.,1659.0,26,1507.1,8.0,1535.3,11.0,1513.5,6.0,,
/player/connel/,Connel J.,1659.0,22,1554.7,5.0,1629.2,16.0,,,,
/player/paul-b9a07/,Paul J.,1658.7,15,,,1638.9,15.0,,,,
/player/ortenzi/,Ortenzi J.,1658.7,29,1469.2,4.0,1708.8,24.0,1434.3,1.0,,
/player/betova/,Betova M.,1658.7,4,1684.4,4.0,,,,,,
/player/dore/,Dore P.,1658.7,7,,,1647.5,7.0,,,,
/player/zhang-7824a/,Zhang S.,1658.7,35,1433.0,7.0,1460.9,14.0,1571.9,9.0,1674.9,4.0
/player/liu-02071/,Liu L.,1658.3,25,1670.6,6.0,1551.7,14.0,1457.3,1.0,,
/player/niedner/,Niedner N.,1658.2,37,1433.5,7.0,1558.3,22.0,1565.7,1.0,,
/player/perez-672bb/,Perez M.,1658.1,3,,,,,,,,
/player/bak-szabo/,Bak Szabo N.,1658.0,8,,,1580.5,4.0,,,,
/player/perry-190f1/,Perry L.,1658.0,6,1467.5,1.0,,,,,1572.2,3.0
/player/fishback-7831f/,Fishback D.,1657.8,19,1506.8,2.0,,,,,,
/player/derkas/,Derkas Z.,1657.7,6,,,,,,,,
/player/lin-0807a/,Lin F.,1657.5,27,1665.9,24.0,,,,,1439.2,3.0
/player/vesely/,Vesely J.,1657.2,6,,,1414.8,1.0,,,,
/player/pietri/,Pietri B.,1657.0,30,1541.6,9.0,1614.8,19.0,1492.4,2.0,,
/player/wang-77549/,Wang X.,1656.9,28,1536.2,9.0,1488.2,10.0,1515.7,6.0,1581.5,3.0
/player/boskovic-5bb24/,Boskovic L.,1656.9,33,1469.9,3.0,1670.4,29.0,,,,
/player/ratti-d9413/,Ratti L.,1656.7,44,1465.5,5.0,1663.5,39.0,,,,
/player/aiukhanov-3e202/,Aiukhanov A.,1656.7,8,1692.5,4.0,1535.3,4.0,,,,
/player/guth/,Guth M.,1656.7,33,1770.0,10.0,1586.6,23.0,,,,
/player/ekstrand-c2672/,Ekstrand M.,1656.6,20,1713.5,16.0,1441.3,1.0,,,1434.3,1.0
/player/petrovic-38c78/,Petrovic D.,1656.5,45,1592.0,4.0,1568.0,23.0,1655.2,3.0,,
/player/wakamatsu-0a322/,Wakamatsu T.,1656.4,9,,,,,,,,
/player/trotter/,Trotter J.,1656.4,29,1714.7,23.0,1394.0,2.0,1436.4,1.0,1446.5,3.0
/player/mikovic-b284d/,Mikovic M.,1656.4,38,1483.4,5.0,1638.0,24.0,,,,
/player/herazo-gonzalez/,Herazo Gonzalez M.,1656.3,39,1559.7,10.0,1663.7,29.0,,,,
/player/shalmi/,Shalmi C.,1656.2,15,1434.3,1.0,1434.4,1.0,,,,
/player/munk-mortensen/,Munk Mortensen R.,1656.1,38,1579.9,10.0,1704.1,24.0,,,,
/player/mckay-baa2d/,McKay K.,1656.0,8,,,,,,,,
/player/mahjoob/,Mahjoob C.,1656.0,25,,,1460.1,1.0,1664.7,3.0,,
/player/sheyngezikht/,Sheyngezikht L.,1655.8,30,1583.4,3.0,1597.4,15.0,,,,
/player/di-genova/,Di Genova C.,1655.8,30,1652.3,8.0,1665.8,17.0,,,,
/player/durasovic/,Durasovic V.,1655.7,42,1554.2,14.0,1608.7,25.0,,,1569.7,3.0
/player/rafiq-f7ccc/,Rafiq A.,1655.5,7,1585.1,1.0,1403.8,2.0,,,,
/player/udvardy-3124b/,Udvardy L.,1655.4,7,,,1652.2,7.0,,,,
/player/carteputreda/,Carteputreda D.,1655.2,24,1556.7,7.0,1585.1,6.0,1626.7,2.0,,
/player/vterkovskiy/,Vterkovskiy D.,1655.2,10,1647.2,2.0,1539.1,4.0,,,,
/player/allen-f9d71/,Allen V.,1655.0,23,1734.6,20.0,1481.9,1.0,1384.7,2.0,,
/player/de-cuyper/,De Cuyper J.,1655.0,14,1587.1,7.0,1611.5,7.0,,,,
/player/chen-e573c/,Chen Y.,1654.9,20,1519.3,4.0,1570.0,11.0,1626.7,2.0,,
/player/jaeger-9ffb2/,Jaeger E.,1654.9,26,1366.5,3.0,1634.2,13.0,,,,
/player/zhzhenov/,Zhzhenov K.,1654.9,8,1440.3,1.0,1671.8,6.0,,,,
/player/lechno-wasiutynski/,Lechno-Wasiutynski F.,1654.8,21,1442.8,4.0,1683.0,17.0,,,,
/player/pieri-0492e/,Pieri T.,1654.8,29,,,1647.5,29.0,,,,
/player/feistel-30693/,Feistel G.,1654.7,38,,,1646.2,38.0,,,,
/player/cavallo-3bfec/,Cavallo F.,1654.7,10,1813.5,5.0,1458.5,5.0,,,,
/player/primucci/,Primucci L.,1654.7,26,1403.4,6.0,1648.7,17.0,1504.6,2.0,,
/player/ayala-c7fec/,Ayala L.,1654.6,36,1616.5,15.0,1644.1,18.0,,,1576.5,3.0
/player/lopez-san-martin/,Lopez San Martin A.,1654.5,5,,,1661.0,5.0,,,,
/player/gokpinar/,Gokpinar H.,1654.3,15,1561.7,3.0,1511.6,9.0,1626.7,2.0,,
/player/rodriguez-rodriguez-ad3a3/,Rodriguez Rodriguez J.,1654.2,18,1585.7,3.0,1632.0,14.0,,,,
/player/pleshivtsev/,Pleshivtsev E.,1654.2,35,1612.8,9.0,1644.8,23.0,1493.2,2.0,,
/player/penickova/,Penickova K.,1654.1,20,1619.8,20.0,,,,,,
/player/serban-6aa8b/,Serban I.,1654.0,32,,,1628.1,26.0,,,1589.5,6.0
/player/sinclair-7a791/,Sinclair C.,1654.0,52,1620.5,27.0,1598.5,22.0,,,,
/player/bynoe/,Bynoe E.,1654.0,28,1408.5,9.0,1698.2,17.0,1504.6,2.0,,
/player/boisson-c149c/,Boisson L.,1654.0,21,1652.1,13.0,1361.3,6.0,1387.7,2.0,,
/player/popovic-9a3c4/,Popovic A.,1653.9,20,1683.8,18.0,1463.5,2.0,,,,
/player/kudernatsch/,Kudernatsch M.,1653.9,10,,,1628.7,9.0,,,,
/player/lizunova/,Lizunova A.,1653.9,16,1610.2,11.0,1679.0,5.0,,,,
/player/exsted/,Exsted M.,1653.8,21,1525.8,5.0,1630.6,16.0,,,,
/player/kruger-38f76/,Kruger I.,1653.8,18,1658.6,13.0,,,,,,
/player/zarazua/,Zarazua R.,1653.8,39,1619.4,18.0,1494.2,13.0,1428.5,8.0,,
/player/jorda-sanchis/,Jorda Sanchis D.,1653.7,47,1564.1,15.0,1677.4,31.0,,,1434.3,1.0
/player/van-herzeele/,Van Herzeele J.,1653.7,33,1588.1,8.0,1550.8,17.0,1557.9,3.0,,
/player/teichmann-1beba/,Teichmann R.,1653.7,3,,,1653.7,3.0,,,,
/player/chiesa-d1b74/,Chiesa E.,1653.7,42,,,1648.0,42.0,,,,
/player/liu-7098b/,Liu K.,1653.7,26,1645.2,16.0,1409.9,7.0,,,,
/player/rodriguez-b9b54/,Rodriguez L.,1653.6,33,1607.3,6.0,1603.9,27.0,,,,
/player/fellin-8da14/,Fellin P.,1653.6,29,1284.7,5.0,1690.4,23.0,1565.7,1.0,,
/player/muller-c81bc/,Muller A.,1653.6,34,1634.1,13.0,1490.8,20.0,1459.2,1.0,,
/player/gadecki-acd17/,Gadecki T.,1653.5,23,1610.0,8.0,1696.7,11.0,,,,
/player/matos-sequeira-fernandes/,Matos Sequeira Fernandes J.,1653.4,3,,,,,,,,
/player/dando/,Dando J.,1653.3,14,1614.8,2.0,1377.6,3.0,,,,
/player/sude/,Sude J.,1653.2,2,,,1653.3,2.0,,,,
/player/mabrouk-a93ab/,Mabrouk K.,1653.1,28,1575.8,6.0,1618.2,17.0,1434.3,1.0,,
/player/gunzinger/,Gunzinger T.,1653.1,5,1448.7,1.0,1692.4,4.0,,,,
/player/okonkwo/,Okonkwo O.,1653.0,28,1579.6,8.0,1304.4,5.0,1519.9,8.0,1569.3,3.0
/player/jarry/,Jarry N.,1652.9,4,,,1652.3,4.0,,,,
/player/leonard-8f19c/,Leonard M.,1652.8,29,1690.5,19.0,1402.8,5.0,,,1475.5,5.0
/player/senic/,Senic N.,1652.8,36,,,1558.1,31.0,,,,
/player/dodin/,Dodin O.,1652.8,30,1634.9,14.0,1435.2,10.0,1563.2,3.0,1573.8,3.0
/player/ivanova-a27e8/,Ivanova I.,1652.7,32,1737.7,11.0,1614.7,21.0,,,,
/player/galfi/,Galfi D.,1652.7,30,1462.6,6.0,1705.1,20.0,1384.2,4.0,,
/player/bowers-8a28c/,Bowers A.,1652.6,16,1638.3,16.0,,,,,,
/player/humbert-e2553/,Humbert U.,1652.5,30,1467.9,8.0,1524.5,10.0,1676.4,12.0,,
/player/andreescu-281c7/,Andreescu B.,1652.4,25,1608.9,9.0,1484.4,9.0,1560.3,5.0,,
/player/sacco-0156b/,Sacco F.,1652.4,38,1598.3,12.0,1644.8,26.0,,,,
/player/gakhov/,Gakhov I.,1652.4,24,1569.2,7.0,1599.3,17.0,,,,
/player/siniakova/,Siniakova K.,1652.3,21,1537.7,6.0,1538.6,8.0,1533.0,7.0,,
/player/perez-socas/,Perez Socas R.,1652.3,17,1689.5,4.0,1478.0,10.0,1565.7,1.0,,
/player/trifi/,Trifi A.,1652.3,18,1673.9,8.0,1590.6,9.0,1434.3,1.0,,
/player/lage-8bc30/,Lage E.,1652.2,15,1611.7,4.0,1563.3,6.0,1565.7,1.0,,
/player/tiglea/,Tiglea C.,1652.1,13,,,1626.2,9.0,,,,
/player/nagal/,Nagal S.,1652.0,38,1487.9,1.0,1674.8,32.0,,,1569.3,3.0
/player/hurrion-d7fa8/,Hurrion S.,1651.9,19,1628.7,9.0,,,,,,
/player/sakellaridis-6aacb/,Sakellaridis S.,1651.9,46,1578.5,12.0,1700.5,25.0,1570.0,7.0,,
/player/lacinova/,Lacinova A.,1651.7,21,1573.5,6.0,1652.0,11.0,,,,
/player/kalinina/,Kalinina A.,1651.7,37,1402.5,5.0,1760.1,24.0,1451.7,5.0,,
/player/tavarez-pichardo/,Tavarez Pichardo J.,1651.6,16,,,1456.0,3.0,,,,
/player/popovic-c2486/,Popovic S.,1651.5,51,1533.7,5.0,1612.4,35.0,,,,
/player/kesarwani/,Kesarwani M.,1651.5,17,1592.7,5.0,1537.6,10.0,,,,
/player/mmoh/,Mmoh M.,1651.4,30,1648.9,22.0,1592.5,5.0,1354.7,3.0,,
/player/pigossi-5e7c8/,Pigossi L.,1651.4,33,1425.2,2.0,1715.1,30.0,1434.3,1.0,,
/player/sasnovich/,Sasnovich A.,1651.4,34,1611.1,13.0,1583.7,14.0,1478.1,5.0,1493.2,2.0
/player/villarruel/,Villarruel S.,1651.4,5,,,,,,,,
/player/olivieri-ff875/,Olivieri G.,1651.1,33,1496.9,2.0,1637.5,30.0,1426.1,1.0,,
/player/rankin-4e7dd/,Rankin M.,1651.1,15,1681.4,3.0,1578.9,9.0,,,,
/player/de-la-cruz-champagne/,De La Cruz Champagne J.,1651.0,3,,,,,,,,
/player/khan-a7c2a/,Khan L.,1650.8,27,1618.9,21.0,,,,,,
/player/suzuki-3527c/,Suzuki K.,1650.8,26,1450.6,3.0,1637.8,20.0,,,,
/player/abendroth-4998a/,Abendroth I.,1650.6,11,,,1635.4,11.0,,,,
/player/freshwater/,Freshwater W.,1650.5,5,,,,,,,,
/player/wiedenmann/,Wiedenmann L.,1650.4,47,1611.3,11.0,1593.8,36.0,,,,
/player/hruncakova/,Hruncakova V.,1650.4,39,1619.5,30.0,1529.3,4.0,1446.5,3.0,1504.6,2.0
/player/quinn-d0193/,Quinn E.,1650.4,23,,,1491.8,14.0,1650.3,9.0,,
/player/napolitano/,Napolitano S.,1650.3,33,1523.5,6.0,1713.8,26.0,1448.6,1.0,,
/player/dugardin/,Dugardin R.,1650.3,29,1660.8,12.0,1582.9,14.0,1434.3,1.0,,
/player/blaydes/,Blaydes B.,1650.3,28,1659.1,10.0,1487.4,12.0,1615.3,2.0,,
/player/day-59a7d/,Day J.,1650.0,15,,,,,,,,
/player/colombo-56b04/,Colombo A.,1649.9,42,1613.5,12.0,1586.9,29.0,,,,
/player/weightman-28077/,Weightman O.,1649.8,27,1610.6,20.0,1709.9,5.0,1372.2,2.0,,
/player/duckworth/,Duckworth J.,1649.7,36,1576.0,15.0,1732.3,14.0,1417.5,6.0,,
/player/onozawa-5a262/,Onozawa N.,1649.4,17,1647.3,17.0,,,,,,
/player/turriziani-alvarez/,Turriziani Alvarez A.,1649.4,39,1528.5,10.0,1539.5,22.0,,,,
/player/savkin-1f6f3/,Savkin I.,1649.3,13,,,,,,,,
/player/bao/,Bao L.,1649.2,3,,,1653.4,3.0,,,,
/player/virtanen-7d161/,Virtanen O.,1649.2,41,1520.4,7.0,1586.5,17.0,1757.7,15.0,,
/player/estevez-a9151/,Estevez J.,1649.1,27,1598.8,4.0,1637.4,23.0,,,,
/player/fouad-04e39/,Fouad N.,1649.0,24,1715.0,19.0,1460.7,1.0,1516.6,2.0,,
/player/tsitsipas-557e1/,Tsitsipas P.,1648.9,43,1561.7,11.0,1587.0,26.0,1512.9,2.0,,
/player/friberg/,Friberg K.,1648.8,29,1734.5,14.0,1465.2,11.0,1502.5,2.0,,
/player/schiessl-c0557/,Schiessl J.,1648.8,23,1382.2,2.0,1667.5,21.0,,,,
/player/dinev/,Dinev D.,1648.7,42,1524.1,4.0,1654.9,19.0,1505.1,2.0,,
/player/tucakovic/,Tucakovic S.,1648.7,10,,,1590.6,4.0,,,,
/player/mannarino-a7108/,Mannarino A.,1648.5,34,1581.3,13.0,1231.6,8.0,1574.2,11.0,1521.5,2.0
/player/bains-db149/,Bains N.,1648.3,21,1680.3,19.0,1434.3,1.0,1434.3,1.0,,
/player/rubio-fierros/,Rubio Fierros A.,1648.2,14,1426.1,2.0,1643.2,11.0,,,,
/player/reco/,Reco A.,1647.8,48,1622.4,16.0,1630.8,29.0,,,1547.6,3.0
/player/alvarez-a038c/,Alvarez Y.,1647.8,9,1628.4,6.0,,,,,,
/player/kizaki/,Kizaki R.,1647.8,5,,,,,,,,
/player/seghetti/,Seghetti S.,1647.7,23,1474.2,3.0,1650.6,14.0,1497.3,4.0,,
/player/renard-a53fd/,Renard L.,1647.7,16,1525.9,7.0,1538.6,7.0,,,,
/player/shepp/,Shepp A.,1647.7,43,1539.3,25.0,1802.6,16.0,,,,
/player/corvi/,Corvi A.,1647.7,30,,,1653.7,30.0,,,,
/player/sonmez-ed11c/,Sonmez Z.,1647.5,32,1540.4,10.0,1580.7,10.0,1615.7,12.0,,
/player/svatikova/,Svatikova L.,1647.4,54,,,1572.3,23.0,,,,
/player/viiala/,Viiala Z.,1647.0,8,1621.2,7.0,1483.1,1.0,,,,
/player/kokkinakis-7b2e6/,Kokkinakis T.,1646.9,12,1512.8,3.0,1685.3,4.0,1534.1,5.0,,
/player/matas-ortega/,Matas Ortega X.,1646.9,15,1562.3,1.0,1598.5,11.0,1565.7,1.0,,
/player/firman-27649/,Firman A.,1646.8,38,1705.1,8.0,1606.1,23.0,,,1434.3,1.0
/player/kim-840be/,Kim N.,1646.8,7,1652.0,7.0,,,,,,
/player/shek/,Shek C.,1646.8,30,1644.8,23.0,,,,,1384.3,2.0
/player/takahata-acdb6/,Takahata R.,1646.7,29,1528.8,10.0,1671.7,13.0,1384.7,2.0,,
/player/li-bfc02/,Li Z.,1646.7,32,1725.6,28.0,1425.4,3.0,,,1434.3,1.0
/player/sagandikova/,Sagandikova A.,1646.6,34,1592.9,22.0,1576.0,8.0,,,1625.5,4.0
/player/kettlewell/,Kettlewell L.,1646.6,3,,,,,,,,
/player/shaikh-8b6c9/,Shaikh H.,1646.5,17,,,1643.8,17.0,,,,
/player/vlasselaer/,Vlasselaer C.,1646.4,28,1637.4,24.0,,,,,1506.2,4.0
/player/catanzarite/,Catanzarite A.,1646.2,20,1548.0,12.0,1635.5,8.0,,,,
/player/dolzhenkov/,Dolzhenkov D.,1646.1,27,1577.6,7.0,1614.9,12.0,1565.7,1.0,,
/player/chen-95433/,Chen K.,1646.0,5,,,,,,,,
/player/werner-0c6a8/,Werner C.,1646.0,43,1637.4,12.0,1578.7,29.0,1505.4,2.0,,
/player/nepliy/,Nepliy E.,1645.9,38,1715.9,16.0,1609.8,22.0,,,,
/player/salazar-a04be/,Salazar D.,1645.9,40,1508.7,6.0,1641.6,29.0,1434.3,1.0,,
/player/varga-976ac/,Varga V.,1645.8,18,,,1544.7,8.0,,,,
/player/alvarez-varona/,Alvarez Varona N.,1645.8,13,,,1627.9,13.0,,,,
/player/hibino/,Hibino N.,1645.8,34,1617.8,21.0,1454.7,3.0,1480.4,6.0,1584.0,4.0
/player/pavlovic-c059e/,Pavlovic L.,1645.7,41,1598.8,17.0,1512.2,22.0,1521.5,2.0,,
/player/noguchi-08bde/,Noguchi R.,1645.6,40,1623.5,32.0,1395.8,1.0,1459.9,7.0,,
/player/mokrynska/,Mokrynska A.,1645.6,8,,,1642.7,8.0,,,,
/player/emesz/,Emesz B.,1645.5,5,,,1643.5,5.0,,,,
/player/ferro-90972/,Ferro G.,1645.5,28,,,1630.1,28.0,,,,
/player/anson-aac58/,Anson J.,1645.5,7,,,,,,,,
/player/naw/,Naw H.,1645.4,20,1595.6,11.0,1719.0,7.0,1434.3,1.0,,
/player/artemeva/,Artemeva V.,1645.4,33,1429.0,6.0,1652.7,22.0,,,,
/player/brownrigg/,Brownrigg N.,1645.4,28,1574.9,19.0,,,,,,
/player/abdul-hazli/,Abdul Hazli I.,1645.4,13,1599.7,4.0,1606.8,2.0,,,,
/player/mastri/,Mastri A.,1645.4,10,,,,,,,,
/player/donders/,Donders D.,1645.3,18,1674.5,3.0,1615.3,14.0,1434.3,1.0,,
/player/buchwald/,Buchwald H.,1645.3,8,1602.4,3.0,1544.7,5.0,,,,
/player/stewart-e8142/,Stewart M.,1645.3,4,,,,,,,,
/player/ferrari-73d72/,Ferrari F.,1645.2,43,1649.6,15.0,1547.2,25.0,,,,
/player/falkner/,Falkner Z.,1645.2,15,1418.1,1.0,1688.4,14.0,,,,
/player/szabo-491ee/,Szabo D.,1645.2,5,,,,,,,,
/player/kang-e935b/,Kang K.,1645.0,14,1495.1,5.0,1592.0,7.0,,,,
/player/valle-d79c4/,Valle F.,1645.0,41,1668.0,9.0,1560.8,24.0,,,,
/player/konjikusic/,Konjikusic P.,1645.0,13,,,1639.1,12.0,,,,
/player/brahmbhatt/,Brahmbhatt A.,1645.0,2,,,,,,,,
/player/urgesi/,Urgesi F.,1644.8,38,,,1617.0,34.0,,,1618.5,4.0
/player/aginskiy/,Aginskiy S.,1644.7,8,1586.9,3.0,1523.5,2.0,,,,
/player/ku-2f72f/,Ku Y.,1644.7,36,1659.0,31.0,1432.6,2.0,1434.3,1.0,1504.6,2.0
/player/kuo-8ce45/,Kuo A.,1644.6,5,1644.6,5.0,,,,,,
/player/belkova/,Belkova K.,1644.6,18,1667.4,15.0,1486.0,3.0,,,,
/player/hesse-e3573/,Hesse A.,1644.6,40,1676.5,17.0,1547.3,21.0,,,1494.4,2.0
/player/miret-avante/,Miret Avante B.,1644.5,12,1664.5,5.0,1550.8,7.0,,,,
/player/jialin/,Jialin T.,1644.5,22,1591.6,7.0,1621.0,15.0,,,,
/player/monnot/,Monnot A.,1644.4,33,1578.1,5.0,1483.8,19.0,,,1688.1,9.0
/player/ribecai/,Ribecai M.,1644.3,42,1599.5,11.0,1576.5,30.0,,,1434.3,1.0
/player/mincheva/,Mincheva V.,1644.3,13,1653.8,13.0,,,,,,
/player/batin/,Batin T.,1644.3,24,1553.2,10.0,1577.8,13.0,,,,
/player/branchetti/,Branchetti G.,1644.2,20,1560.9,3.0,1609.3,11.0,,,,
/player/basile-54647/,Basile A.,1644.0,18,1532.6,4.0,1517.5,11.0,,,,
/player/hamza-reguig/,Hamza Reguig S.,1643.9,46,1508.5,11.0,1619.4,31.0,,,,
/player/rinaldo-persson/,Rinaldo Persson K.,1643.9,35,1517.9,7.0,1690.2,24.0,,,,
/player/reyniak/,Reyniak M.,1643.9,28,1600.0,4.0,1550.7,18.0,1493.2,2.0,,
/player/ngijol-carre/,Ngijol Carre M.,1643.6,13,1547.2,3.0,1629.5,10.0,,,,
/player/brooksby/,Brooksby J.,1643.5,28,1591.5,14.0,1303.7,6.0,1584.6,8.0,,
/player/ibraimi-bd8e2/,Ibraimi Y.,1643.4,13,1463.4,5.0,1503.4,2.0,,,,
/player/ciobanu-a5331/,Ciobanu D.,1643.2,28,,,1605.5,4.0,,,,
/player/fumagalli-b5d9a/,Fumagalli F.,1643.2,31,1534.7,6.0,1624.7,18.0,1550.6,3.0,,
/player/prisacariu/,Prisacariu A.,1643.2,35,,,1640.7,33.0,,,1504.6,2.0
/player/frech/,Frech M.,1643.1,24,1625.5,13.0,1388.0,6.0,1368.6,5.0,,
/player/lehmann-c5614/,Lehmann N.,1643.0,15,,,1416.8,1.0,,,,
/player/yushchenko/,Yushchenko V.,1642.9,7,1648.3,7.0,,,,,,
/player/bharadwaj-4e876/,Bharadwaj S.,1642.8,5,,,,,,,,
/player/schoenhaus/,Schoenhaus M.,1642.7,44,1604.2,8.0,1612.5,32.0,1434.3,1.0,1549.3,3.0
/player/philippov/,Philippov E.,1642.7,14,1395.9,4.0,1589.0,7.0,,,,
/player/balan-a5451/,Balan S.,1642.6,34,,,1617.3,20.0,,,,
/player/naharro/,Naharro D.,1642.6,28,1577.4,6.0,1606.5,17.0,1504.6,2.0,,
/player/colling/,Colling S.,1642.5,14,1615.8,9.0,1434.3,1.0,,,,
/player/zelnickova/,Zelnickova R.,1642.4,59,1700.6,9.0,1595.6,40.0,,,1434.3,1.0
/player/olivier-de-sardan/,Olivier de Sardan J.,1642.4,9,1485.5,2.0,,,1435.2,1.0,,
/player/xavier-laydner/,Xavier Laydner C.,1642.4,11,1523.4,2.0,1643.6,9.0,,,,
/player/siniakov/,Siniakov D.,1642.3,42,1703.3,9.0,1609.3,30.0,1578.0,3.0,,
/player/arakawa-ac77f/,Arakawa H.,1642.3,22,1636.6,19.0,,,,,1522.7,2.0
/player/handel/,Handel T.,1642.2,33,1510.3,6.0,1618.6,24.0,,,,
/player/neuchrist/,Neuchrist M.,1642.0,18,1592.9,3.0,1597.4,14.0,,,,
/player/dziubailau/,Dziubailau D.,1642.0,6,,,1651.1,5.0,,,,
/player/haase/,Haase R.,1641.8,5,,,1613.9,5.0,,,,
/player/ruggeri/,Ruggeri J.,1641.7,30,1454.1,1.0,1650.6,29.0,,,,
/player/osorio-7eecf/,Osorio J.,1641.7,32,1575.3,3.0,1613.7,29.0,,,,
/player/noce-0a1e1/,Noce G.,1641.7,49,1731.6,13.0,1531.5,36.0,,,,
/player/boscardin-dias-3afa8/,Boscardin Dias P.,1641.5,38,,,1628.5,37.0,1444.4,1.0,,
/player/mravcova-b2894/,Mravcova E.,1641.3,5,,,,,,,,
/player/cherubini/,Cherubini D.,1641.2,33,1589.7,6.0,1578.7,27.0,,,,
/player/yang-7c89b/,Yang Y.,1641.2,45,1672.2,34.0,1538.2,4.0,,,1459.0,3.0
/player/rodriguez-af749/,Rodriguez L.,1641.1,6,,,1653.0,6.0,,,,
/player/hettlerova/,Hettlerova S.,1641.1,5,,,1640.7,5.0,,,,
/player/peyer/,Peyer L.,1641.0,5,,,1603.3,2.0,,,,
/player/ivanova-e619a/,Ivanova N.,1641.0,19,1661.0,15.0,1492.3,4.0,,,,
/player/carlini/,Carlini G.,1640.9,17,1445.3,1.0,1639.9,9.0,1594.6,4.0,,
/player/goto-03616/,Goto R.,1640.8,37,1611.5,37.0,,,,,,
/player/lee-3d96f/,Lee C.,1640.7,10,,,,,,,,
/player/takizawa/,Takizawa T.,1640.6,11,1362.4,3.0,1680.8,7.0,,,,
/player/frank-c21a7/,Frank R.,1640.5,13,,,,,,,,
/player/krueger-d6035/,Krueger M.,1640.5,26,1514.3,9.0,1450.2,10.0,1563.7,3.0,1637.2,4.0
/player/johansson-9b851/,Johansson O.,1640.5,10,1626.7,2.0,1660.1,6.0,,,,
/player/jiang-f5756/,Jiang Z.,1640.5,25,1685.5,22.0,,,,,1463.8,3.0
/player/souza-e06d4/,Souza M.,1640.4,30,1698.3,13.0,1560.7,17.0,,,,
/player/tabur/,Tabur C.,1640.4,41,1443.8,2.0,1618.5,30.0,1600.5,5.0,1557.1,4.0
/player/dayal/,Dayal N.,1640.4,20,1529.6,4.0,1583.5,7.0,1615.3,2.0,,
/player/fetecau/,Fetecau I.,1640.4,36,,,1606.1,32.0,,,,
/player/wurth/,Wurth T.,1640.4,16,,,1629.0,15.0,,,,
/player/maloney-c7ea5/,Maloney E.,1640.4,39,1653.4,39.0,,,,,,
/player/ofner-44428/,Ofner S.,1640.3,34,1319.6,4.0,1733.7,28.0,1493.6,2.0,,
/player/castro-zunino/,Castro Zunino M.,1640.3,7,,,1632.9,7.0,,,,
/player/gowda-ad65c/,Gowda T.,1640.3,20,1612.2,15.0,,,,,1542.1,5.0
/player/lutkemeyer-obregon/,Lutkemeyer Obregon A.,1640.2,30,1681.9,27.0,1473.9,3.0,,,,
/player/romero-gormaz/,Romero Gormaz L.,1640.1,42,1434.3,1.0,1681.2,39.0,1480.3,1.0,,
/player/aney-2c05e/,Aney A.,1639.9,5,,,,,,,,
/player/sabbatini/,Sabbatini M.,1639.8,10,1574.8,1.0,1551.6,8.0,,,,
/player/sakamoto-8a921/,Sakamoto H.,1639.8,20,1509.3,2.0,1533.0,1.0,1434.3,1.0,,
/player/bass-5be6d/,Bass F.,1639.8,6,,,,,1450.5,3.0,1549.3,3.0
/player/onclin-89017/,Onclin G.,1639.8,50,1753.3,25.0,1611.2,15.0,1514.9,7.0,1531.1,2.0
/player/volesky/,Volesky J.,1639.7,6,,,,,,,,
/player/wallechner/,Wallechner D.,1639.6,6,1632.0,2.0,1490.6,3.0,,,,
/player/dipakbhai-kanabar/,Dipakbhai Kanabar J.,1639.6,4,1641.3,4.0,,,,,,
/player/markovits-fe7d7/,Markovits M.,1639.5,23,,,,,,,,
/player/galus/,Galus P.,1639.5,48,1502.5,8.0,1591.7,21.0,1655.2,3.0,,
/player/dabas-ba192/,Dabas T.,1639.5,5,1639.1,5.0,,,,,,
/player/shymanovich/,Shymanovich I.,1639.4,30,1498.6,9.0,1497.8,12.0,1629.0,9.0,,
/player/shao-5417f/,Shao Y.,1639.3,17,1622.2,16.0,1450.1,1.0,,,,
/player/miletich/,Miletich I.,1639.2,33,1432.6,8.0,1621.8,20.0,1549.8,3.0,,
/player/norrie/,Norrie C.,1639.2,28,1533.2,14.0,1589.5,10.0,1328.6,4.0,,
/player/moroni-4e991/,Moroni F.,1639.2,18,1663.6,8.0,1469.8,10.0,,,,
/player/hashimoto-8b538/,Hashimoto H.,1639.2,31,1499.5,2.0,1706.1,19.0,1434.3,1.0,,
/player/verma-ec579/,Verma V.,1639.1,5,,,,,,,,
/player/budkov-kjaer/,Budkov Kjaer N.,1639.0,39,1575.5,13.0,1505.0,17.0,1471.8,6.0,1527.4,2.0
/player/senica-b09db/,Senica A.,1639.0,39,,,1632.6,39.0,,,,
/player/friedsam/,Friedsam A.,1638.9,32,1561.3,2.0,1573.2,25.0,1435.2,1.0,1513.2,4.0
/player/makke-732a7/,Makke L.,1638.9,14,1454.0,1.0,1617.5,6.0,1561.2,3.0,,
/player/sydney/,Sydney J.,1638.9,21,1519.8,2.0,1384.7,2.0,1434.3,1.0,,
/player/kirkin/,Kirkin E.,1638.8,36,1562.4,8.0,1593.5,25.0,1466.1,3.0,,
/player/robertson-52862/,Robertson C.,1638.8,14,1544.7,6.0,1471.4,4.0,1622.4,4.0,,
/player/bacaloni/,Bacaloni A.,1638.7,39,1582.0,14.0,1648.7,16.0,1493.2,2.0,,
/player/hartig-c180c/,Hartig R.,1638.5,26,1664.5,3.0,1531.9,16.0,1626.7,2.0,,
/player/young-cae75/,Young G.,1638.5,20,1501.8,8.0,1623.5,7.0,1605.2,5.0,,
/player/wang-dfc36/,Wang K.,1638.5,24,1534.5,5.0,1624.0,15.0,1626.7,2.0,,
/player/rogers-1714b/,Rogers A.,1638.3,30,1588.6,14.0,1475.8,14.0,1512.1,2.0,,
/player/hernandez-cortes/,Hernandez Cortes B.,1638.3,9,1622.3,2.0,1629.5,4.0,1483.0,2.0,,
/player/mruzek/,Mruzek S.,1638.1,16,,,1600.2,2.0,,,,
/player/nong/,Nong X.,1638.1,10,1608.1,10.0,,,,,,
/player/malesevic/,Malesevic N.,1638.0,22,1565.7,1.0,1657.6,19.0,,,,
/player/han-d79e9/,Han J.,1637.9,33,1620.0,26.0,1403.3,2.0,,,1557.1,5.0
/player/cattaneo-4c845/,Cattaneo L.,1637.8,22,1554.6,5.0,1603.0,7.0,1504.6,2.0,,
/player/brunner-ba3bb/,Brunner P.,1637.8,3,,,1637.8,3.0,,,,
/player/vekic/,Vekic D.,1637.7,34,1474.7,7.0,1702.5,17.0,1700.1,9.0,1434.3,1.0
/player/minighini/,Minighini D.,1637.7,24,1571.4,3.0,1629.2,16.0,,,,
/player/kohlmann-de-freitas/,Kohlmann de Freitas E.,1637.7,19,1550.8,4.0,1549.3,11.0,1569.3,3.0,,
/player/damm-4f98a/,Damm M.,1637.6,40,1519.3,14.0,1540.4,13.0,1560.2,13.0,,
/player/fumagalli-aca8a/,Fumagalli S.,1637.5,12,,,1628.2,12.0,,,,
/player/valek-a9009/,Valek O.,1637.5,6,,,,,,,,
/player/park-96ebd/,Park S.,1637.5,8,,,1651.7,8.0,,,,
/player/echazu/,Echazu M.,1637.4,23,1593.5,4.0,1615.5,19.0,,,,
/player/ulrich-54f76/,Ulrich Z.,1637.4,14,1634.6,8.0,1557.3,6.0,,,,
/player/chlodnicki/,Chlodnicki J.,1637.4,16,1461.2,3.0,1580.8,6.0,1504.6,2.0,,
/player/sigsgaard/,Sigsgaard C.,1637.4,7,1584.1,1.0,1552.8,6.0,,,,
/player/kajabova/,Kajabova K.,1637.3,16,,,1627.2,16.0,,,,
/player/martin-a1ff9/,Martin T.,1637.0,30,1661.7,16.0,1514.2,10.0,,,,
/player/cekirge/,Cekirge K.,1637.0,7,,,1616.4,5.0,,,,
/player/adams-cc4a5/,Adams J.,1637.0,31,1639.3,30.0,,,1434.3,1.0,,
/player/zeng-ecc20/,Zeng Y.,1636.8,34,1459.1,11.0,1668.1,23.0,,,,
/player/brownback/,Brownback E.,1636.8,7,,,,,,,,
/player/laborde/,Laborde A.,1636.7,18,1412.8,4.0,1670.5,10.0,1434.3,1.0,,
/player/misasi/,Misasi G.,1636.7,43,1468.4,10.0,1611.9,33.0,,,,
/player/lopez-f2d4a/,Lopez N.,1636.6,34,1558.8,8.0,1618.8,20.0,,,,
/player/recek/,Recek D.,1636.6,35,1502.5,4.0,1586.1,22.0,1636.2,4.0,,
/player/graham-69c92/,Graham K.,1636.6,3,,,,,,,,
/player/akuginova/,Akuginova A.,1636.5,4,,,,,,,,
/player/babinciuc/,Babinciuc I.,1636.4,6,1610.5,2.0,1467.4,3.0,,,,
/player/pahwa-62776/,Pahwa S.,1636.3,14,1651.2,14.0,,,,,,
/player/chaurasia/,Chaurasia Y.,1636.1,25,1459.4,2.0,1575.5,16.0,1588.6,1.0,,
/player/otzipka/,Otzipka J.,1636.0,36,1536.9,12.0,1571.2,20.0,,,1688.5,3.0
/player/sarr/,Sarr J.,1636.0,20,1462.0,5.0,1632.4,9.0,1434.3,1.0,,
/player/dunda/,Dunda K.,1635.9,10,,,,,,,,
/player/oliveira-7b451/,Oliveira N.,1635.7,18,1654.5,5.0,1604.1,12.0,,,1434.3,1.0
/player/guo-255e4/,Guo M.,1635.7,30,1517.1,16.0,1509.7,5.0,,,1654.8,9.0
/player/horansky/,Horansky F.,1635.5,9,,,1630.0,9.0,,,,
/player/daubnerova/,Daubnerova N.,1635.5,15,1633.5,8.0,1582.2,6.0,,,,
/player/susanto-31f06/,Susanto A.,1635.5,22,1423.7,6.0,1705.6,10.0,,,,
/player/torres-ramis/,Torres Ramis M.,1635.1,39,1620.4,10.0,1627.7,20.0,1565.7,1.0,,
/player/callerio/,Callerio F.,1635.1,26,1635.3,9.0,1568.4,12.0,1493.2,2.0,,
/player/petrov-4781d/,Petrov S.,1634.9,21,1662.0,9.0,1456.6,8.0,1434.3,1.0,,
/player/hipfl-b1e6b/,Hipfl N.,1634.8,52,1578.0,5.0,1585.6,44.0,1434.3,1.0,,
/player/chennamsetty/,Chennamsetty S.,1634.6,10,,,1447.4,1.0,,,,
/player/ujvary/,Ujvary M.,1634.5,43,1486.9,6.0,1575.5,24.0,,,,
/player/krupkin/,Krupkin M.,1634.5,8,,,,,,,,
/player/baker-1b882/,Baker N.,1634.5,20,1671.1,6.0,1497.4,5.0,,,,
/player/rodriguez-taverna/,Rodriguez Taverna S.,1634.4,32,1522.4,2.0,1636.9,30.0,,,,
/player/fancutt/,Fancutt T.,1634.4,32,1614.5,22.0,1484.0,9.0,,,,
/player/sun-fb492/,Sun Q.,1634.4,32,1463.8,13.0,1599.6,19.0,,,,
/player/funk-5f672/,Funk A.,1634.4,47,1630.3,16.0,1601.4,27.0,1434.3,1.0,,
/player/dada-mascoll/,Dada-Mascoll S.,1634.3,20,1659.2,19.0,,,1434.3,1.0,,
/player/skrobarcek/,Skrobarcek L.,1634.2,22,,,,,,,,
/player/wijemanne-06a0e/,Wijemanne T.,1634.1,2,,,,,,,,
/player/yashpaul/,Yashpaul N.,1634.1,9,,,,,,,,
/player/alame/,Alame R.,1634.1,8,1656.2,6.0,,,1504.6,2.0,,
/player/butulija/,Butulija B.,1634.1,26,1376.6,5.0,1623.4,16.0,1626.7,2.0,,
/player/domenc/,Domenc M.,1634.1,16,1658.6,8.0,1542.7,8.0,,,,
/player/pouatcha/,Pouatcha P.,1634.0,9,1635.3,2.0,1534.2,4.0,,,,
/player/lew-yan-foon/,Lew Yan Foon A.,1633.9,23,1453.5,1.0,1639.3,22.0,,,,
/player/la-vela/,La Vela G.,1633.8,48,1750.9,6.0,1566.2,42.0,,,,
/player/lopez-ocampos/,Lopez Ocampos A.,1633.8,12,,,1639.8,12.0,,,,
/player/gailis/,Gailis R.,1633.6,18,1555.7,5.0,1646.6,10.0,,,1464.7,3.0
/player/jones-de732/,Jones M.,1633.6,30,1575.7,17.0,1580.3,13.0,,,,
/player/grenier-baaf0/,Grenier H.,1633.6,24,1576.7,16.0,1386.2,6.0,1388.8,2.0,,
/player/triquart/,Triquart S.,1633.4,15,,,1596.4,15.0,,,,
/player/johns-b2ed0/,Johns G.,1633.4,38,1546.1,12.0,1567.3,22.0,1529.5,4.0,,
/player/guerrero-alvarez-79f73/,Guerrero Alvarez C.,1633.3,9,,,1506.8,2.0,,,,
/player/st-hilaire/,St-Hilaire M.,1632.9,19,1482.6,5.0,1674.2,9.0,1461.0,3.0,,
/player/wuelfing/,Wuelfing M.,1632.9,4,,,,,,,,
/player/chlpac/,Chlpac A.,1632.9,17,1440.8,2.0,1631.0,15.0,,,,
/player/perfetti-6f712/,Perfetti N.,1632.7,20,1436.7,4.0,1516.3,9.0,,,,
/player/thurgur/,Thurgur C.,1632.7,14,,,1622.6,4.0,1549.2,5.0,,
/player/angel-40e2a/,Angel M.,1632.7,6,1633.7,6.0,,,,,,
/player/alvarez-sarmiento/,Alvarez Sarmiento M.,1632.7,37,1560.6,8.0,1628.2,25.0,1504.6,2.0,,
/player/tamm/,Tamm K.,1632.7,21,1547.3,11.0,1503.9,7.0,,,,
/player/sucha-5e6e7/,Sucha A.,1632.5,27,1488.9,5.0,1631.1,22.0,,,,
/player/hijikata/,Hijikata R.,1632.5,38,1498.1,14.0,1492.1,13.0,1601.9,11.0,,
/player/krajci/,Krajci M.,1632.3,24,1605.2,12.0,1536.8,12.0,,,,
/player/kikawada/,Kikawada R.,1632.2,35,1655.1,35.0,,,,,,
/player/yamasaki-feffb/,Yamasaki J.,1632.1,20,1450.3,4.0,1647.5,16.0,,,,
/player/osuigwe/,Osuigwe W.,1632.0,32,1669.2,17.0,1446.4,14.0,1419.9,1.0,,
/player/petkovic-11864/,Petkovic M.,1632.0,51,1630.0,4.0,1601.2,47.0,,,,
/player/mazzola-5c967/,Mazzola F.,1631.8,25,1568.1,7.0,1508.4,13.0,1629.7,4.0,,
/player/you-d8dea/,You J.,1631.4,9,,,,,,,,
/player/barun/,Barun B.,1631.4,22,1565.7,1.0,1547.7,16.0,1626.7,2.0,,
/player/salkova/,Salkova D.,1631.3,39,1521.9,12.0,1623.5,26.0,1443.6,1.0,,
/player/wong-6566d/,Wong H.,1631.2,31,1547.6,21.0,,,,,1633.8,9.0
/player/ceban/,Ceban M.,1631.2,14,1541.3,6.0,1567.7,3.0,1357.7,3.0,,
/player/bulte/,Bulte A.,1631.2,17,1645.3,6.0,1578.9,4.0,,,,
/player/vandecasteele-87d37/,Vandecasteele Q.,1631.0,36,1546.8,18.0,1528.5,10.0,1510.3,6.0,1504.6,2.0
/player/lukas-4e78e/,Lukas T.,1630.9,38,,,1608.9,38.0,,,,
/player/solarski/,Solarski J.,1630.8,10,1591.2,4.0,1609.2,2.0,,,,
/player/snigireva/,Snigireva A.,1630.8,34,1578.7,26.0,,,,,1743.0,8.0
/player/navone/,Navone M.,1630.7,36,1451.6,11.0,1654.0,23.0,1371.4,2.0,,
/player/shoaib/,Shoaib M.,1630.7,15,1510.7,4.0,1741.0,9.0,,,1434.3,1.0
/player/popovski-45968/,Popovski D.,1630.7,14,,,1643.9,12.0,,,,
/player/boogaard/,Boogaard T.,1630.5,27,1499.0,7.0,1682.7,16.0,1551.7,3.0,1422.1,1.0
/player/vasilev-518d3/,Vasilev A.,1630.4,30,1606.1,7.0,1623.3,23.0,,,,
/player/kudriashov/,Kudriashov I.,1630.3,4,,,1628.2,4.0,,,,
/player/cocola/,Cocola S.,1630.3,27,1517.1,8.0,1550.8,13.0,1617.9,4.0,,
/player/bailly-a8c26/,Bailly G.,1630.3,35,1544.0,6.0,1599.5,28.0,1434.3,1.0,,
/player/sanchez-uribe/,Sanchez Uribe M.,1630.2,20,1621.0,18.0,1487.7,2.0,,,,
/player/boutleux/,Boutleux N.,1630.1,25,1618.7,4.0,1575.9,15.0,,,,
/player/kardava/,Kardava Z.,1630.0,30,1645.7,30.0,,,,,,
/player/gavrea/,Gavrea M.,1629.9,21,,,,,,,,
/player/blokhin-8781f/,Blokhin N.,1629.9,7,,,1681.8,4.0,1434.3,1.0,,
/player/nolan-b5b2f/,Nolan W.,1629.7,22,1468.2,5.0,1595.4,11.0,,,,
/player/kulevich/,Kulevich G.,1629.6,16,1506.9,2.0,,,,,,
/player/visker/,Visker N.,1629.6,31,1615.5,6.0,1578.5,17.0,1464.1,5.0,1574.8,3.0
/player/sparks/,Sparks B.,1629.6,12,,,,,,,,
/player/moreno-227ae/,Moreno C.,1629.0,14,1623.7,11.0,1571.7,3.0,,,,
/player/weissheim/,Weissheim A.,1628.9,5,,,1547.5,1.0,,,,
/player/leroux-cf713/,Leroux J.,1628.8,16,1458.6,3.0,1629.6,10.0,,,,
/player/sanchez-martinez-d06a8/,Sanchez Martinez B.,1628.6,23,,,1607.2,22.0,1422.1,1.0,,
/player/shimizu-38ca9/,Shimizu Y.,1628.5,34,1610.5,33.0,,,1434.3,1.0,,
/player/reasco-gonzalez/,Reasco Gonzalez M.,1628.4,39,1586.7,12.0,1578.0,21.0,,,1522.0,2.0
/player/tiukaev/,Tiukaev R.,1628.2,27,1641.9,7.0,1517.0,16.0,,,,
/player/aichhorn/,Aichhorn J.,1628.0,5,,,1626.0,5.0,,,,
/player/aubriot/,Aubriot A.,1627.9,24,1363.4,7.0,1631.3,17.0,,,,
/player/corsini-4ba4b/,Corsini L.,1627.9,7,,,,,,,,
/player/komagata/,Komagata R.,1627.7,25,1491.3,4.0,1643.5,15.0,1434.3,1.0,,
/player/bowden-3ebfb/,Bowden L.,1627.6,7,1439.9,1.0,1647.0,2.0,1434.3,1.0,,
/player/mikovic-165f9/,Mikovic M.,1627.6,22,1616.7,2.0,1637.2,11.0,1459.0,3.0,,
/player/bouquet/,Bouquet L.,1627.5,6,1434.3,1.0,1460.7,1.0,,,,
/player/hsu-b2ce0/,Hsu Y.,1627.4,36,1535.1,18.0,1742.4,10.0,1375.3,5.0,1504.6,2.0
/player/viriant/,Viriant M.,1627.4,12,,,1636.2,12.0,,,,
/player/lee-74bca/,Lee G.,1627.3,34,1813.0,23.0,1441.7,11.0,,,,
/player/burchak/,Burchak A.,1627.3,19,,,1557.2,14.0,,,1562.6,5.0
/player/simion-b1e5b/,Simion O.,1627.3,38,,,1602.6,38.0,,,,
/player/zvonareva/,Zvonareva V.,1627.2,9,1613.4,4.0,1575.2,5.0,,,,
/player/rodero/,Rodero C.,1627.1,14,,,1627.6,14.0,,,,
/player/read/,Read H.,1627.1,16,,,,,,,,
/player/ambrogi/,Ambrogi L.,1627.1,33,1468.2,1.0,1626.2,32.0,,,,
/player/bulatova-45d81/,Bulatova A.,1627.0,31,1579.6,5.0,1617.2,26.0,,,,
/player/leston/,Leston T.,1626.9,25,1521.6,8.0,1630.1,11.0,1434.3,1.0,,
/player/dookie/,Dookie J.,1626.9,5,,,,,,,,
/player/beck-cf8c5/,Beck A.,1626.9,17,1633.4,17.0,,,,,,
/player/biletic-48b1c/,Biletic I.,1626.8,34,1523.7,10.0,1606.2,21.0,,,,
/player/martinez-a188d/,Martinez V.,1626.6,18,1603.1,10.0,,,,,,
/player/kumar-299f2/,Kumar S.,1626.5,6,,,,,,,,
/player/nirundorn-9d4b6/,Nirundorn T.,1626.4,16,1416.1,4.0,1628.6,11.0,,,,
/player/burrow/,Burrow I.,1626.4,4,,,,,,,,
/player/safarova-40858/,Safarova Z.,1626.4,6,1440.9,1.0,,,,,,
/player/paszun/,Paszun A.,1626.3,28,1475.4,11.0,1655.2,17.0,,,,
/player/ercan/,Ercan M.,1626.3,18,1595.4,18.0,,,,,,
/player/dhokia/,Dhokia R.,1626.3,34,1591.3,12.0,1595.2,13.0,1446.5,3.0,,
/player/ahmad-46cbd/,Ahmad O.,1626.1,5,,,,,,,,
/player/poling/,Poling K.,1626.1,37,1633.6,23.0,1397.9,9.0,1568.7,3.0,1385.5,2.0
/player/gill-59a09/,Gill F.,1626.1,31,1480.0,3.0,1694.5,17.0,1481.7,11.0,,
/player/le-roux-9d849/,Le Roux D.,1626.1,8,1624.1,8.0,,,,,,
/player/shikhanova/,Shikhanova M.,1626.0,29,1637.9,18.0,1426.2,4.0,,,1632.3,7.0
/player/barroso-campos/,Barroso Campos A.,1625.9,38,1561.1,8.0,1563.0,24.0,1486.8,2.0,1508.0,4.0
/player/kelley-3d0f2/,Kelley G.,1625.8,10,,,,,,,,
/player/soulie-46233/,Soulie A.,1625.7,32,1595.0,8.0,1556.6,13.0,,,,
/player/anikina/,Anikina E.,1625.7,7,,,1592.3,4.0,,,,
/player/bojica/,Bojica S.,1625.7,33,,,1623.2,30.0,,,,
/player/kadiri-hassani/,Kadiri Hassani Y.,1625.6,30,1610.1,10.0,1521.3,14.0,1513.3,2.0,,
/player/peck-2d7b4/,Peck J.,1625.5,40,1563.8,16.0,1518.4,15.0,1502.0,2.0,,
/player/majdandzic-263c3/,Majdandzic O.,1625.4,8,1574.0,3.0,1509.4,5.0,,,,
/player/jimenez-dc70e/,Jimenez A.,1625.4,14,,,1669.0,10.0,1549.3,3.0,,
/player/isaacs-a2ea6/,Isaacs A.,1625.3,26,1592.1,13.0,,,,,,
/player/namigata/,Namigata J.,1625.2,17,1480.3,6.0,,,,,,
/player/franchini-cfb10/,Franchini S.,1625.1,19,,,1557.0,3.0,1504.6,2.0,,
/player/chan-d0ded/,Chan J.,1624.9,39,1606.4,35.0,,,,,1605.2,4.0
/player/gentili-7d9bb/,Gentili A.,1624.9,32,,,1619.1,32.0,,,,
/player/o-connell-6a282/,O'Connell B.,1624.9,28,1526.2,10.0,1589.3,16.0,1384.7,2.0,,
/player/jadoun/,Jadoun N.,1624.9,40,1579.8,7.0,1509.0,25.0,1559.1,3.0,,
/player/fabre-33973/,Fabre A.,1624.9,32,1512.8,11.0,1532.0,14.0,1637.1,4.0,,
/player/ohashi-ad4ca/,Ohashi R.,1624.7,25,1604.0,16.0,,,,,1617.2,9.0
/player/rakotondramanga/,Rakotondramanga A.,1624.6,2,,,,,,,,
/player/majchrzak-905d8/,Majchrzak K.,1624.6,30,1430.9,12.0,1444.1,4.0,1711.4,12.0,,
/player/tona-6576b/,Tona M.,1624.4,35,1527.8,6.0,1591.8,29.0,,,,
/player/alonso-1d5f3/,Alonso J.,1624.4,3,,,1596.5,3.0,,,,
/player/tkacheva/,Tkacheva M.,1624.4,13,1636.9,13.0,,,,,,
/player/perez-navarro/,Perez Navarro P.,1624.3,19,1599.3,11.0,1451.1,6.0,,,,
/player/tessa/,Tessa L.,1624.3,15,1617.1,4.0,1588.2,11.0,,,,
/player/ryan-ziegann/,Ryan Ziegann S.,1624.3,48,1585.6,17.0,1600.3,25.0,1413.3,1.0,,
/player/castelnuovo/,Castelnuovo L.,1624.2,38,1588.7,27.0,1468.6,8.0,1461.0,3.0,,
/player/nguyen-9eb84/,Nguyen D.,1624.2,16,,,,,,,,
/player/stirbu-fd872/,Stirbu C.,1624.2,18,,,1508.5,4.0,,,,
/player/daavettila/,Daavettila S.,1624.1,14,1488.1,7.0,1502.5,3.0,,,1642.1,4.0
/player/dominguez-collado-425fb/,Dominguez Collado D.,1624.1,3,,,,,,,,
/player/zinder/,Zinder M.,1624.1,5,,,,,,,,
/player/martin-e6e6e/,Martin A.,1623.9,34,1607.3,20.0,1545.5,12.0,1434.3,1.0,1434.3,1.0
/player/zlatanovic-790e3/,Zlatanovic T.,1623.9,2,,,1624.7,2.0,,,,
/player/markovic-0da01/,Markovic S.,1623.8,11,1601.7,2.0,1511.3,5.0,1565.7,1.0,,
/player/bentzel/,Bentzel C.,1623.7,31,1580.9,4.0,1602.1,21.0,1504.6,2.0,,
/player/ymer-2ced7/,Ymer R.,1623.7,12,1563.8,3.0,1622.9,6.0,1565.7,1.0,,
/player/paldanius/,Paldanius O.,1623.6,29,1637.1,19.0,1374.3,10.0,,,,
/player/karlsson-wistrand/,Karlsson Wistrand J.,1623.5,19,1560.1,5.0,1612.4,11.0,,,,
/player/tse-0eb16/,Tse E.,1623.5,31,1639.5,25.0,1479.5,6.0,,,,
/player/reisach/,Reisach V.,1623.4,6,1637.1,4.0,,,,,,
/player/rawles/,Rawles G.,1623.2,2,,,,,,,,
/player/tepmahc/,Tepmahc N.,1623.2,35,1508.3,15.0,1705.4,20.0,,,,
/player/mukund/,Mukund S.,1623.1,33,1399.8,15.0,1645.1,18.0,,,,
/player/pernas/,Pernas T.,1623.0,25,1431.7,1.0,1389.0,3.0,,,,
/player/colleu/,Colleu S.,1623.0,8,1551.6,3.0,1557.5,3.0,,,,
/player/woestendick/,Woestendick C.,1623.0,9,1434.5,3.0,1632.0,4.0,,,,
/player/moccia/,Moccia C.,1622.9,25,1649.7,9.0,1530.4,16.0,,,,
/player/oh-e3fc4/,Oh H.,1622.8,4,,,1633.7,4.0,,,,
/player/reami/,Reami A.,1622.8,23,1460.9,2.0,1638.8,14.0,,,1504.6,2.0
/player/picard-9ff55/,Picard M.,1622.6,25,1505.7,4.0,1573.6,17.0,1588.6,1.0,,
/player/viertler/,Viertler M.,1622.6,6,,,1626.6,6.0,,,,
/player/kartal/,Kartal S.,1622.5,4,1611.6,3.0,,,,,,
/player/semedo-956e7/,Semedo M.,1622.4,23,1620.3,6.0,1519.2,4.0,1504.6,2.0,,
/player/karigyo-fd092/,Karigyo T.,1622.1,33,1635.8,2.0,1483.7,15.0,,,,
/player/taranova/,Taranova M.,1622.1,3,,,,,,,,
/player/bernadsky/,Bernadsky G.,1621.9,14,,,,,,,,
/player/wolff-4e33a/,Wolff V.,1621.7,39,1670.2,10.0,1623.0,24.0,,,1558.0,5.0
/player/jedrzejczak-05b0f/,Jedrzejczak J.,1621.7,10,1437.1,1.0,1563.7,4.0,1573.7,3.0,,
/player/ellis-b4efc/,Ellis B.,1621.7,26,1580.1,18.0,1532.3,7.0,1434.3,1.0,,
/player/adeshina-d7cbe/,Adeshina E.,1621.6,34,1640.6,32.0,,,1523.9,2.0,,
/player/petak/,Petak D.,1621.6,14,1565.7,1.0,1654.5,8.0,,,1434.3,1.0
/player/lim-217bc/,Lim A.,1621.6,8,,,1538.5,2.0,1626.7,2.0,,
/player/pavlou-1d9fa/,Pavlou D.,1621.5,7,,,1601.4,7.0,,,,
/player/lopez-morillo/,Lopez Morillo I.,1621.5,47,1445.9,12.0,1605.1,31.0,1640.2,4.0,,
/player/urhobo-8e201/,Urhobo A.,1621.4,31,1504.1,5.0,1700.0,23.0,1475.1,3.0,,
/player/korpatsch/,Korpatsch T.,1621.4,38,1493.7,7.0,1787.1,27.0,1305.9,4.0,,
/player/suchankova/,Suchankova S.,1621.2,4,,,,,,,,
/player/baragiola-mordini/,Baragiola Mordini T.,1621.0,42,1601.0,12.0,1522.0,24.0,1549.9,3.0,,
/player/singeorzan/,Singeorzan J.,1620.9,24,1448.7,5.0,1638.9,11.0,,,1504.6,2.0
/player/hodzic-4835b/,Hodzic M.,1620.9,49,1534.0,7.0,1672.3,38.0,,,1527.6,4.0
/player/cadenasso/,Cadenasso G.,1620.9,18,,,1581.8,17.0,1434.3,1.0,,
/player/volejnicek/,Volejnicek C.,1620.8,5,,,1621.4,5.0,,,,
/player/kosaka-1e273/,Kosaka R.,1620.7,36,1615.4,34.0,,,,,1504.8,2.0
/player/cervantes-b9ed7/,Cervantes I.,1620.7,2,,,1618.0,2.0,,,,
/player/dimitrov-779bc/,Dimitrov G.,1620.6,25,1458.4,6.0,1419.7,7.0,1683.6,10.0,,
/player/svajda-cce6f/,Svajda T.,1620.5,23,1501.4,17.0,,,1797.0,5.0,1434.3,1.0
/player/wirglerova/,Wirglerova S.,1620.4,12,,,1541.9,6.0,,,,
/player/balciunas/,Balciunas M.,1620.4,17,1538.9,2.0,1540.9,8.0,1446.5,3.0,,
/player/angelini-e7ac9/,Angelini L.,1620.4,37,1635.0,11.0,1560.5,26.0,,,,
/player/photiades-30887/,Photiades P.,1620.2,21,1581.8,4.0,1555.0,3.0,1630.4,5.0,,
/player/namigandet-tenguere/,Namigandet Tenguere L.,1620.1,8,1606.3,4.0,1579.5,4.0,,,,
/player/auffray-2c4ee/,Auffray J.,1620.1,12,,,1460.1,2.0,,,,
/player/tanaka-5cb9d/,Tanaka Y.,1620.0,20,1579.8,4.0,1433.0,9.0,1504.6,2.0,,
/player/nouchakis/,Nouchakis G.,1619.9,21,1582.5,5.0,1486.1,8.0,,,,
/player/aney/,Aney J.,1619.9,2,,,1613.7,2.0,,,,
/player/dominguez-alonso-33f7b/,Dominguez Alonso J.,1619.9,30,1505.2,4.0,1600.3,21.0,,,,
/player/starodubtseva/,Starodubtseva Y.,1619.8,34,1550.9,10.0,1716.3,20.0,1408.1,4.0,,
/player/rasamatov/,Rasamatov B.,1619.8,5,,,,,,,,
/player/fondriest/,Fondriest M.,1619.7,39,1555.1,13.0,1569.2,18.0,1549.3,3.0,,
/player/brand-1d828/,Brand V.,1619.7,17,,,1616.9,17.0,,,,
/player/lazarenko-005ec/,Lazarenko M.,1619.7,28,1659.6,15.0,1588.5,13.0,,,,
/player/gatoto/,Gatoto A.,1619.7,26,1596.3,5.0,1464.5,16.0,,,,
/player/kocak-d13f4/,Kocak B.,1619.6,11,1565.3,8.0,,,,,,
/player/mushika-0bdc0/,Mushika M.,1619.6,30,1578.0,24.0,1582.9,5.0,,,1565.7,1.0
/player/popovic-cc443/,Popovic S.,1619.6,16,1450.2,3.0,1562.6,10.0,,,,
/player/echargui/,Echargui M.,1619.5,39,1596.6,21.0,1290.9,13.0,1507.1,4.0,,
/player/ishikawa-511b8/,Ishikawa M.,1619.5,17,1434.3,1.0,1622.0,9.0,1446.6,1.0,,
/player/losciale/,Losciale V.,1619.4,34,1621.5,34.0,,,,,,
/player/groen-e3711/,Groen J.,1619.3,19,1605.7,7.0,1441.5,7.0,,,,
/player/lopez-cherubino/,Lopez Cherubino N.,1619.2,15,1443.3,1.0,1546.1,12.0,,,,
/player/malirz/,Malirz K.,1619.2,34,1571.7,6.0,1656.3,18.0,1565.7,1.0,,
/player/shubina-0e9e1/,Shubina D.,1619.2,20,1680.2,18.0,1488.8,2.0,,,,
/player/schaefbauer/,Schaefbauer M.,1619.2,14,1621.2,12.0,,,,,1493.2,2.0
/player/ogescu/,Ogescu S.,1619.1,38,,,1615.4,28.0,,,,
/player/sweeny/,Sweeny D.,1619.1,32,1507.9,23.0,1460.1,1.0,1626.5,8.0,,
/player/shkutova/,Shkutova A.,1619.1,24,1580.1,11.0,1615.9,13.0,,,,
/player/choi-fbe16/,Choi S.,1618.9,32,1611.0,27.0,,,,,1661.4,5.0
/player/maguire-2de31/,Maguire C.,1618.9,27,1505.2,5.0,1588.8,10.0,,,,
/player/carraro/,Carraro L.,1618.8,5,,,,,,,,
/player/koutroubis/,Koutroubis N.,1618.6,8,,,1565.7,1.0,,,,
/player/sarganella-verdu/,Sarganella Verdu N.,1618.3,23,1590.6,7.0,1591.9,16.0,,,,
/player/walters-920d2/,Walters N.,1618.3,10,1565.7,1.0,1511.6,4.0,1565.7,1.0,,
/player/friedman-d02a2/,Friedman L.,1618.3,5,1559.8,3.0,1525.5,2.0,,,,
/player/gaines-jr/,Gaines Jr J.,1618.2,7,1594.1,7.0,,,,,,
/player/scott-681a2/,Scott K.,1618.2,21,1578.8,13.0,1709.7,7.0,1458.2,1.0,,
/player/yamamoto-f8a02/,Yamamoto N.,1618.2,42,1540.5,9.0,1519.8,14.0,1434.3,1.0,,
/player/buyukakcay/,Buyukakcay C.,1618.1,30,1604.9,10.0,1599.6,20.0,,,,
/player/quirijns/,Quirijns K.,1618.0,4,,,,,,,,
/player/romero-cc7c5/,Romero C.,1618.0,33,1609.8,7.0,1626.0,22.0,,,,
/player/haile/,Haile A.,1618.0,9,1592.2,7.0,,,,,,
/player/cazacu-fcce2/,Cazacu D.,1617.9,33,1511.7,11.0,1574.9,22.0,,,,
/player/shah-e7d4a/,Shah A.,1617.8,13,1354.3,3.0,1692.8,9.0,1420.1,1.0,,
/player/santillan-29bed/,Santillan A.,1617.8,41,1595.0,30.0,1503.4,11.0,,,,
/player/hefti-be152/,Hefti M.,1617.8,2,,,1617.5,2.0,,,,
/player/remondy-pagotto/,Remondy Pagotto V.,1617.3,30,1622.3,8.0,1591.6,19.0,,,,
/player/rathi-a2882/,Rathi A.,1617.2,24,1523.2,6.0,1579.7,18.0,,,,
/player/kawa/,Kawa K.,1617.2,37,1559.7,7.0,1622.8,26.0,1564.3,3.0,,
/player/mikovic-5a4c2/,Mikovic N.,1617.2,35,1660.0,8.0,1603.4,17.0,1434.3,1.0,,
/player/manzanera-pertusa/,Manzanera Pertusa A.,1617.2,9,1435.2,3.0,1622.9,6.0,,,,
/player/morvayova/,Morvayova V.,1617.1,37,1647.2,28.0,1461.5,3.0,1573.5,3.0,1457.2,3.0
/player/marques-3196d/,Marques D.,1616.9,17,1530.3,5.0,1619.6,11.0,1434.3,1.0,,
/player/refaat/,Refaat M.,1616.8,5,1615.0,5.0,,,,,,
/player/chacon-4ec61/,Chacon A.,1616.7,9,,,,,,,,
/player/azkara-85692/,Azkara A.,1616.7,22,1532.6,12.0,1653.5,8.0,1477.1,2.0,,
/player/bollinger-157eb/,Bollinger L.,1616.7,10,1563.3,5.0,1551.1,3.0,,,,
/player/almeida-9eb8d/,Almeida J.,1616.6,13,1483.8,3.0,1729.2,7.0,1384.7,2.0,,
/player/koevermans-ab6c2/,Koevermans A.,1616.5,24,1600.7,9.0,1493.8,9.0,1441.0,3.0,,
/player/drobysheva/,Drobysheva M.,1616.4,23,,,1614.5,23.0,,,,
/player/hignett-94faa/,Hignett L.,1616.4,18,1492.7,2.0,1434.3,1.0,1493.2,2.0,,
/player/barsukov-dff96/,Barsukov N.,1616.3,44,1649.3,13.0,1493.0,29.0,1523.3,2.0,,
/player/ichioka/,Ichioka A.,1616.3,18,1532.9,10.0,,,,,,
/player/yao-33578/,Yao X.,1616.2,42,1679.3,28.0,1539.4,13.0,,,1448.8,1.0
/player/lemaitre-daf5b/,Lemaitre T.,1616.2,30,1630.6,16.0,1415.6,13.0,,,1434.3,1.0
/player/bluett/,Bluett L.,1616.2,4,,,,,,,,
/player/gelber-c0fa1/,Gelber D.,1616.0,4,,,,,,,,
/player/hou-99f1d/,Hou C.,1615.9,14,1521.9,5.0,1531.5,6.0,,,,
/player/oh-cb240/,Oh C.,1615.8,42,1576.3,11.0,1611.7,27.0,1626.7,2.0,,
/player/galarneau-32e1f/,Galarneau A.,1615.7,43,1524.7,25.0,1541.9,5.0,1640.2,13.0,,
/player/seibold/,Seibold E.,1615.5,21,,,1588.1,21.0,,,,
/player/giambelli/,Giambelli C.,1615.4,16,,,1613.3,16.0,,,,
/player/valente-54a99/,Valente R.,1615.4,26,1521.9,11.0,1423.2,11.0,,,,
/player/yastremska/,Yastremska D.,1615.3,24,1482.8,6.0,1622.4,12.0,1493.7,6.0,,
/player/anderson-628b3/,Anderson O.,1615.3,2,1615.3,2.0,,,,,,
/player/malgiaritta/,Malgiaritta M.,1615.3,2,,,1615.3,2.0,,,,
/player/zhang-9e37b/,Zhang R.,1615.3,26,1549.9,14.0,1515.8,9.0,,,1588.5,3.0
/player/paolini-fa166/,Paolini A.,1615.2,34,1675.0,14.0,1487.7,13.0,1553.4,1.0,,
/player/trouve/,Trouve N.,1614.9,6,,,1606.9,4.0,,,,
/player/kliuch/,Kliuch V.,1614.7,8,,,1559.9,3.0,,,,
/player/lefevre-d83eb/,Lefevre R.,1614.6,30,1495.8,4.0,1645.4,15.0,1581.4,3.0,,
/player/okutoyi/,Okutoyi A.,1614.6,17,1446.5,5.0,1612.2,12.0,,,,
/player/rouvroy/,Rouvroy M.,1614.5,33,1626.2,10.0,1507.1,23.0,,,,
/player/kaouk/,Kaouk M.,1614.4,22,1481.9,9.0,1643.9,12.0,,,1434.3,1.0
/player/zidansek/,Zidansek T.,1614.4,23,1485.0,6.0,1590.7,16.0,1434.3,1.0,,
/player/pontjodikromo-962dc/,Pontjodikromo S.,1614.2,5,,,1596.0,1.0,,,,
/player/eldin-39a5d/,Eldin R.,1614.1,38,1497.6,16.0,1541.6,13.0,1504.6,2.0,,
/player/braund-1ea81/,Braund A.,1614.0,27,1706.5,9.0,1558.4,8.0,,,,
/player/craciun-a3e65/,Craciun G.,1613.7,23,,,1603.1,17.0,,,,
/player/paulson-c9bf3/,Paulson A.,1613.6,16,,,1586.3,16.0,,,,
/player/tripathi-ce173/,Tripathi E.,1613.4,31,1530.8,12.0,1545.5,4.0,,,,
/player/hermoso-7d257/,Hermoso P.,1613.4,4,,,1569.1,3.0,,,,
/player/wagner-51005/,Wagner Y.,1613.3,4,,,1640.9,3.0,,,,
/player/corbinais/,Corbinais S.,1613.3,38,1541.4,5.0,1537.1,27.0,1626.7,2.0,,
/player/marterer/,Marterer M.,1613.2,10,1460.7,1.0,1625.6,8.0,1434.3,1.0,,
/player/biot/,Biot A.,1613.1,32,1558.8,10.0,1580.3,19.0,,,1542.9,3.0
/player/imai-69d8b/,Imai S.,1613.1,32,1552.9,10.0,1538.2,19.0,1569.3,3.0,,
/player/tran-85246/,Tran L.,1612.9,33,1473.2,3.0,1645.6,26.0,,,1520.3,4.0
/player/puiac/,Puiac A.,1612.7,23,1473.0,4.0,1517.9,13.0,,,,
/player/skoog/,Skoog I.,1612.7,18,,,1583.4,18.0,,,,
/player/svajda/,Svajda Z.,1612.6,26,1493.4,8.0,1571.0,10.0,1570.5,8.0,,
/player/rovai-0eea1/,Rovai S.,1612.5,23,1511.8,6.0,1645.2,3.0,1434.3,1.0,,
/player/torres-dc0bf/,Torres J.,1612.4,42,,,1578.7,42.0,,,,
/player/elamin/,Elamin A.,1612.3,44,1599.7,13.0,1512.8,23.0,1504.6,2.0,,
/player/daems/,Daems J.,1612.3,29,,,1592.2,29.0,,,,
/player/kochta-15505/,Kochta T.,1612.3,13,1617.5,13.0,,,,,,
/player/chiarello/,Chiarello K.,1612.3,13,1497.6,2.0,1467.2,4.0,,,1649.9,7.0
/player/ann-6d87a/,Ann S.,1612.1,18,1486.4,5.0,1480.6,6.0,,,,
/player/isyanov/,Isyanov E.,1612.0,4,,,,,,,,
/player/spoolder/,Spoolder A.,1612.0,9,1449.7,1.0,1585.1,2.0,,,,
/player/tobon-f2488/,Tobon M.,1611.8,34,1482.8,10.0,1598.7,24.0,,,,
/player/nishikori/,Nishikori K.,1611.8,13,1538.5,9.0,1495.1,4.0,,,,
/player/sandru/,Sandru I.,1611.7,21,,,1605.8,21.0,,,,
/player/xu-50256/,Xu J.,1611.6,23,1596.7,16.0,1446.6,1.0,,,1590.2,6.0
/player/kim-8d399/,Kim C.,1611.6,19,1619.4,18.0,,,,,1434.3,1.0
/player/berlanga-bandera/,Berlanga Bandera M.,1611.5,7,1611.0,7.0,,,,,,
/player/schneider-a5eef/,Schneider V.,1611.4,13,,,,,,,,
/player/madrid-rocca-92c98/,Madrid Rocca M.,1611.4,14,1429.0,3.0,1635.0,9.0,,,1514.7,2.0
/player/holod/,Holod S.,1611.4,7,1554.2,3.0,,,,,,
/player/vaneva/,Vaneva Z.,1611.4,5,,,,,,,,
/player/suksumrarn/,Suksumrarn T.,1611.3,25,1597.3,10.0,1595.6,11.0,1626.7,2.0,,
/player/jamji/,Jamji A.,1611.2,25,1485.9,6.0,1553.7,15.0,,,,
/player/ruzic-76c9f/,Ruzic A.,1611.0,32,1552.6,11.0,1522.4,9.0,1544.2,9.0,,
/player/tiutchenko/,Tiutchenko A.,1610.9,7,,,1621.9,4.0,1504.6,2.0,,
/player/sancilio-865dd/,Sancilio R.,1610.8,21,1580.0,3.0,1642.3,5.0,1664.1,3.0,,
/player/chung-936b1/,Chung K.,1610.8,5,1575.4,4.0,,,,,,
/player/silva-451e9/,Silva T.,1610.7,16,1491.7,5.0,1552.9,6.0,1664.1,3.0,,
/player/mckennon/,Mckennon M.,1610.7,33,1570.3,13.0,1614.2,20.0,,,,
/player/han-41efe/,Han S.,1610.7,14,1589.9,2.0,1464.2,8.0,,,,
/player/loudili/,Loudili S.,1610.6,12,,,,,,,,
/player/altur-fernandez/,Altur Fernandez A.,1610.6,13,,,,,,,,
/player/garcia-mestre/,Garcia Mestre J.,1610.6,33,1698.2,7.0,1487.7,17.0,1504.6,2.0,,
/player/karma/,Karma N.,1610.6,28,1636.7,10.0,1572.6,16.0,,,,
/player/klaassen/,Klaassen S.,1610.6,18,1422.7,3.0,1468.4,8.0,1625.3,4.0,,
/player/borisov-5c139/,Borisov D.,1610.6,4,1553.4,1.0,1573.3,3.0,,,,
/player/wendelken/,Wendelken H.,1610.6,39,1635.7,23.0,1319.9,5.0,1417.3,8.0,1526.0,2.0
/player/marino-ffd7d/,Marino R.,1610.5,12,1500.9,8.0,,,,,1629.6,4.0
/player/de-carvalho-damazio/,De Carvalho Damazio L.,1610.5,13,1580.8,3.0,1547.9,8.0,,,,
/player/branger/,Branger L.,1610.4,29,1532.6,7.0,1597.9,20.0,1434.3,1.0,,
/player/rojas-6e103/,Rojas C.,1610.3,43,1469.2,9.0,1564.2,24.0,1585.7,4.0,,
/player/matis/,Matis S.,1610.3,7,1611.9,7.0,,,,,,
/player/de-felipe-garcia/,De Felipe Garcia S.,1610.2,39,1465.6,8.0,1537.5,20.0,1565.7,1.0,,
/player/jiang-2dd08/,Jiang F.,1610.2,20,1462.4,6.0,1446.0,8.0,1655.2,3.0,,
/player/sheldon-2fa06/,Sheldon M.,1610.2,18,1528.9,2.0,1618.2,5.0,,,,
/player/mrose/,Mrose O.,1610.1,5,,,1610.0,5.0,,,,
/player/valente-38265/,Valente D.,1610.1,41,1607.5,13.0,1592.0,18.0,,,,
/player/larraya-guidi/,Larraya Guidi S.,1610.1,13,1628.9,2.0,1568.2,10.0,,,1434.3,1.0
/player/matsumoto-c3869/,Matsumoto Y.,1610.0,33,1608.8,33.0,,,,,,
/player/marti-22432/,Marti S.,1609.9,9,,,1605.9,9.0,,,,
/player/sakellaridi/,Sakellaridi S.,1609.9,53,1435.6,1.0,1610.4,52.0,,,,
/player/weng-a6754/,Weng N.,1609.9,12,1460.6,5.0,,,,,,
/player/orlinska/,Orlinska O.,1609.8,6,,,1508.2,2.0,,,,
/player/labrana/,Labrana F.,1609.8,27,1430.9,1.0,1655.6,22.0,,,,
/player/krebs-hyllested/,Krebs Hyllested V.,1609.7,7,,,1521.8,4.0,,,,
/player/dalla-pozza/,Dalla Pozza A.,1609.7,4,1600.4,4.0,,,,,,
/player/lee-d4739/,Lee E.,1609.6,25,1622.5,22.0,,,,,1401.6,2.0
/player/ichikawa-3744f/,Ichikawa T.,1609.6,50,1532.6,16.0,1605.4,30.0,1435.8,3.0,,
/player/segovia-perez-83331/,Segovia Perez J.,1609.5,5,1553.4,1.0,,,,,,
/player/bucsa/,Bucsa C.,1609.3,20,1622.4,14.0,1354.1,4.0,,,,
/player/oliel/,Oliel Y.,1609.3,5,,,1593.1,5.0,,,,
/player/greiner-42dc8/,Greiner S.,1609.3,33,1549.8,3.0,1609.6,30.0,,,,
/player/edengren/,Edengren K.,1609.1,20,1422.3,4.0,1604.0,11.0,1655.2,3.0,,
/player/mcewan/,McEwan W.,1609.1,11,,,,,,,,
/player/bonnaud/,Bonnaud A.,1609.0,13,1533.7,4.0,1574.8,7.0,1434.3,1.0,,
/player/cheng-0aec1/,Cheng S.,1608.9,7,,,1607.9,2.0,,,,
/player/prat-22e20/,Prat A.,1608.9,6,1544.6,1.0,,,,,,
/player/golas-a7422/,Golas O.,1608.9,10,,,1614.1,10.0,,,,
/player/cherie-ligniere/,Cherie Ligniere E.,1608.9,40,1489.4,7.0,1581.3,29.0,1503.4,2.0,,
/player/popovic-9c138/,Popovic K.,1608.9,29,1615.3,25.0,1696.6,3.0,1446.6,1.0,,
/player/caruso-d5e21/,Caruso A.,1608.8,10,1447.8,1.0,1605.7,6.0,1504.6,2.0,,
/player/domingo-00e24/,Domingo E.,1608.8,9,1565.0,1.0,1588.5,6.0,,,,
/player/koenders/,Koenders R.,1608.7,31,,,,,,,,
/player/mdlulwa-57184/,Mdlulwa W.,1608.7,29,1644.2,19.0,1477.6,10.0,,,,
/player/ciurletti/,Ciurletti A.,1608.7,5,,,,,,,,
/player/atmane/,Atmane T.,1608.6,27,1579.6,11.0,1464.9,11.0,1410.7,5.0,,
/player/munk-mesa/,Munk Mesa B.,1608.5,22,1526.0,9.0,1581.9,13.0,,,,
/player/de-la-fuente-32aa6/,De La Fuente S.,1608.5,32,1705.1,9.0,1466.2,23.0,,,,
/player/okonkwo-10bda/,Okonkwo A.,1608.5,5,1561.3,3.0,,,,,1434.3,1.0
/player/ingles-garre/,Ingles Garre S.,1608.5,4,,,,,,,,
/player/malaszszak-8b512/,Malaszszak M.,1608.4,33,1685.2,11.0,1529.6,19.0,,,,
/player/zheng-f1cb8/,Zheng Z.,1608.4,8,1596.5,4.0,1437.9,3.0,,,,
/player/dols/,Dols S.,1608.4,9,,,1597.3,9.0,,,,
/player/kikuchi-b071b/,Kikuchi Y.,1608.3,20,1572.1,11.0,1488.7,9.0,,,,
/player/burtsev-b44f4/,Burtsev D.,1608.3,14,1686.6,6.0,1462.7,7.0,,,,
/player/georgiev-574a5/,Georgiev G.,1608.3,11,1565.7,1.0,1678.0,5.0,1446.5,3.0,,
/player/nakano-829ee/,Nakano S.,1608.1,3,,,,,,,,
/player/claverie/,Claverie L.,1608.0,19,1271.5,5.0,1760.0,9.0,,,,
/player/seversen-a1a99/,Seversen J.,1608.0,5,1434.3,1.0,,,,,,
/player/zack/,Zack A.,1607.9,2,,,,,,,,
/player/graziani-9a9f0/,Graziani M.,1607.9,2,,,1606.6,2.0,,,,
/player/black-a5c31/,Black B.,1607.7,10,1661.4,9.0,,,1447.3,1.0,,
/player/ruhrig/,Ruhrig G.,1607.6,9,1606.4,9.0,,,,,,
/player/swaine/,Swaine C.,1607.5,15,,,1591.5,5.0,,,,
/player/rohrer/,Rohrer N.,1607.5,7,,,1596.1,7.0,,,,
/player/tomljanovic/,Tomljanovic A.,1607.3,17,,,1393.0,8.0,1603.2,9.0,,
/player/do-fc821/,Do N.,1607.3,12,,,,,,,,
/player/honda-48d1d/,Honda N.,1607.3,46,1467.0,24.0,1694.3,19.0,1504.6,2.0,,
/player/kongara/,Kongara K.,1607.3,4,,,,,,,,
/player/squire/,Squire H.,1607.3,42,1388.0,2.0,1675.0,39.0,1411.2,1.0,,
/player/petrofsky/,Petrofsky D.,1607.2,12,1576.2,1.0,1552.1,4.0,1626.7,2.0,,
/player/bocchi/,Bocchi L.,1607.2,50,1641.7,12.0,1569.7,38.0,,,,
/player/martincova-a08dc/,Martincova T.,1607.1,21,,,1549.8,12.0,1508.4,7.0,1626.7,2.0
/player/stojanova-fa5e9/,Stojanova J.,1606.9,15,,,,,,,,
/player/hietaranta-71970/,Hietaranta L.,1606.9,47,1471.5,4.0,1657.8,38.0,,,,
/player/kolar-d6d52/,Kolar Z.,1606.8,38,1450.5,1.0,1608.2,36.0,1428.4,1.0,,
/player/stusek/,Stusek J.,1606.8,31,,,1601.6,29.0,,,1517.0,2.0
/player/gonzalez-vilar/,Gonzalez Vilar R.,1606.8,13,1475.0,7.0,1581.1,3.0,,,,
/player/ionescu-4f8cd/,Ionescu E.,1606.7,13,1499.6,3.0,1426.3,4.0,,,,
/player/yazdani/,Yazdani A.,1606.7,38,1529.9,4.0,1561.9,21.0,,,1434.3,1.0
/player/warren-d754b/,Warren E.,1606.6,4,1440.0,1.0,,,,,,
/player/coleman-0b1ec/,Coleman E.,1606.6,16,1618.1,6.0,1580.2,10.0,,,,
/player/catry/,Catry R.,1606.5,28,1498.6,4.0,1563.2,23.0,1455.7,1.0,,
/player/jones-07763/,Jones M.,1606.5,31,1559.5,17.0,1695.5,10.0,,,1504.6,2.0
/player/korysheva/,Korysheva E.,1606.5,20,1613.1,20.0,,,,,,
/player/badlani/,Badlani A.,1606.5,9,,,,,,,,
/player/malkin-4e296/,Malkin M.,1606.5,18,1585.9,16.0,1514.6,2.0,,,,
/player/xu-f3a40/,Xu S.,1606.4,11,,,1606.0,11.0,,,,
/player/roncadelli/,Roncadelli F.,1606.4,35,1421.6,1.0,1597.2,32.0,1454.6,1.0,,
/player/hermanns-94518/,Hermanns C.,1606.4,9,1621.3,6.0,1559.3,3.0,,,,
/player/vickery-c5cce/,Vickery L.,1606.3,33,1606.9,8.0,1553.0,20.0,1504.6,2.0,,
/player/tarrio-ponte/,Tarrio Ponte A.,1606.3,21,1475.6,4.0,1537.2,5.0,,,,
/player/paparkar/,Paparkar A.,1606.2,3,,,1563.4,3.0,,,,
/player/volz/,Volz M.,1606.2,14,1498.3,2.0,1424.0,2.0,1504.6,2.0,,
/player/segura-e09a8/,Segura M.,1606.2,15,1492.9,4.0,1649.6,9.0,,,,
/player/brune-ec079/,Brune E.,1606.1,11,1684.5,7.0,1407.7,4.0,,,,
/player/reinhard-a3519/,Reinhard B.,1606.1,16,1505.8,4.0,1481.1,7.0,,,,
/player/chaudhari/,Chaudhari V.,1606.1,20,1601.6,15.0,1544.8,5.0,,,,
/player/collignon/,Collignon R.,1606.1,32,1325.8,4.0,1764.5,21.0,1520.2,7.0,,
/player/bielinska/,Bielinska S.,1606.0,12,1540.7,6.0,1641.3,6.0,,,,
/player/domingues/,Domingues J.,1606.0,34,1562.9,6.0,1564.4,28.0,,,,
/player/shannon-a445d/,Shannon A.,1606.0,15,,,1434.3,1.0,,,,
/player/cohen-7b219/,Cohen D.,1605.9,2,,,,,,,,
/player/palovic/,Palovic L.,1605.9,8,,,1470.6,1.0,,,,
/player/ccuno/,Ccuno R.,1605.8,31,1601.3,7.0,1577.8,24.0,,,,
/player/maloney-d0a78/,Maloney P.,1605.8,14,1521.4,7.0,1610.5,3.0,1549.9,3.0,1434.3,1.0
/player/erickson-fa3a0/,Erickson K.,1605.8,12,,,,,,,,
/player/jorquera-b863c/,Jorquera E.,1605.7,4,,,1540.5,3.0,,,,
/player/whitehouse-171ae/,Whitehouse M.,1605.7,1,,,1604.7,1.0,,,,
/player/nakamine/,Nakamine L.,1605.6,7,1505.5,2.0,1649.5,4.0,1434.3,1.0,,
/player/lizarazo/,Lizarazo Y.,1605.5,7,,,1601.4,7.0,,,,
/player/charrier-67e6e/,Charrier A.,1605.4,14,1586.5,11.0,1568.8,3.0,,,,
/player/saito-64ad1/,Saito S.,1605.4,33,1583.9,26.0,1405.2,7.0,,,,
/player/pellegrino-fd654/,Pellegrino A.,1605.4,35,1436.5,3.0,1629.7,30.0,1509.7,2.0,,
/player/branstine-1974d/,Branstine C.,1605.3,5,1593.8,5.0,,,,,,
/player/gai-b9ea7/,Gai C.,1605.2,12,1607.2,9.0,1557.3,3.0,,,,
/player/son-95368/,Son H.,1605.2,29,1604.2,29.0,,,,,,
/player/hornung-0ffc8/,Hornung G.,1605.2,14,,,1426.4,4.0,1577.9,1.0,,
/player/michalitsch/,Michalitsch A.,1605.2,5,,,1605.7,5.0,,,,
/player/robert-5ffe2/,Robert N.,1605.1,35,1703.9,14.0,1422.5,14.0,1588.0,3.0,,
/player/boullay/,Boullay O.,1605.1,7,1644.4,6.0,1450.9,1.0,,,,
/player/mroz/,Mroz W.,1605.1,3,,,1552.6,3.0,,,,
/player/orgiles-garcia-retamero/,Orgiles Garcia Retamero I.,1605.1,25,1373.6,3.0,1649.2,7.0,1495.4,2.0,,
/player/ruland-95e55/,Ruland L.,1605.1,15,1569.4,4.0,1584.2,5.0,1565.7,1.0,,
/player/zocco/,Zocco Y.,1605.0,17,1566.0,3.0,1579.8,14.0,,,,
/player/rowinska/,Rowinska M.,1605.0,16,1455.2,3.0,1518.0,5.0,,,1549.3,3.0
/player/corwin-48373/,Corwin F.,1604.9,17,1600.2,7.0,1530.1,7.0,,,,
/player/laskutova-475f4/,Laskutova K.,1604.9,31,1616.5,27.0,1544.1,4.0,,,,
/player/ruiz-rodriguez/,Ruiz Rodriguez H.,1604.9,9,,,1619.8,9.0,,,,
/player/kobayashi-5af5e/,Kobayashi H.,1604.8,7,1609.5,7.0,,,,,,
/player/sik/,Sik M.,1604.6,15,1508.2,4.0,1507.9,10.0,,,,
/player/timini/,Timini A.,1604.6,14,1494.1,4.0,1637.6,8.0,1494.4,2.0,,
/player/phillips-48340/,Phillips D.,1604.5,12,1502.1,2.0,1553.7,6.0,1626.7,2.0,,
/player/tjen/,Tjen J.,1604.4,30,1511.6,12.0,1447.9,7.0,1417.7,7.0,,
/player/sanders-620d7/,Sanders O.,1604.4,17,1632.9,5.0,1611.8,8.0,,,,
/player/rivet/,Rivet M.,1604.4,25,1500.4,6.0,1579.1,18.0,,,,
/player/hong-d2477/,Hong Y.,1604.4,6,1620.5,6.0,,,,,,
/player/megargee/,Megargee O.,1604.4,2,,,,,,,,
/player/aikawa/,Aikawa M.,1604.3,37,1567.8,16.0,1551.9,14.0,,,1434.3,1.0
/player/nikolic-4504b/,Nikolic M.,1604.1,32,1494.7,6.0,1542.6,15.0,1565.7,1.0,,
/player/holmgren-a5794/,Holmgren A.,1604.1,45,1589.1,25.0,1640.2,9.0,1460.6,11.0,,
/player/postolka/,Postolka R.,1604.0,8,,,1579.3,8.0,,,,
/player/gschwendtner/,Gschwendtner J.,1603.8,34,1504.2,11.0,1558.3,21.0,1504.6,2.0,,
/player/visaya/,Visaya A.,1603.8,25,1598.2,4.0,1562.5,12.0,1626.7,2.0,,
/player/zamora-6a932/,Zamora N.,1603.4,40,1464.3,9.0,1565.3,15.0,1683.3,5.0,1434.3,1.0
/player/visscher-1b22e/,Visscher S.,1603.4,45,1572.1,33.0,1566.0,5.0,,,1611.3,7.0
/player/satara/,Satara H.,1603.4,29,1537.1,6.0,1593.4,11.0,,,,
/player/n-tcha-7949f/,N'tcha S.,1603.3,4,,,,,,,,
/player/tosetto/,Tosetto R.,1603.3,36,1671.5,10.0,1507.0,25.0,,,,
/player/cox-485bd/,Cox N.,1603.2,22,1569.7,7.0,1502.9,8.0,1565.7,1.0,,
/player/srbljak/,Srbljak G.,1603.2,28,1626.7,2.0,1496.7,9.0,,,,
/player/ait-el-bachir/,Ait El Bachir W.,1603.2,35,,,1598.7,30.0,,,,
/player/kosaner/,Kosaner K.,1603.1,6,,,1590.9,6.0,,,,
/player/cordoba/,Cordoba C.,1603.1,32,1602.7,9.0,1521.6,23.0,,,,
/player/ogura/,Ogura K.,1603.0,43,1424.4,15.0,1642.4,24.0,1549.3,3.0,,
/player/peet-24dd0/,Peet F.,1602.9,29,1527.1,23.0,1601.4,6.0,,,,
/player/schafer-fc13a/,Schafer B.,1602.9,10,,,,,,,,
/player/kincses/,Kincses K.,1602.8,17,1482.3,4.0,1468.5,5.0,1626.7,2.0,,
/player/musa-40b48/,Musa D.,1602.8,2,,,,,,,,
/player/wang-c6f63/,Wang A.,1602.8,8,1618.9,7.0,1439.0,1.0,,,,
/player/taddia/,Taddia L.,1602.7,16,1382.3,2.0,1630.2,12.0,,,,
/player/seleznev-5b48c/,Seleznev B.,1602.7,39,1521.8,10.0,1519.1,20.0,1655.2,3.0,,
/player/perret/,Perret L.,1602.5,5,,,1600.2,5.0,,,,
/player/host-82934/,Host T.,1602.5,25,1572.4,11.0,1630.8,11.0,1434.3,1.0,,
/player/bielinskyi-7503c/,Bielinskyi V.,1602.5,16,1514.1,2.0,1606.7,14.0,,,,
/player/laron/,Laron M.,1602.4,30,1664.4,24.0,1500.4,6.0,,,,
/player/huszar/,Huszar A.,1602.3,17,1533.8,5.0,1512.3,10.0,,,,
/player/smith-0506a/,Smith R.,1602.2,15,1600.7,6.0,1374.8,5.0,,,,
/player/vetrih/,Vetrih M.,1602.2,10,1586.3,3.0,1555.7,5.0,,,,
/player/castagnola/,Castagnola L.,1602.1,43,1583.8,13.0,1564.3,28.0,1434.3,1.0,,
/player/atkinson-a95cf/,Atkinson C.,1601.8,13,1585.6,4.0,1599.8,6.0,,,,
/player/bruce-smith/,Bruce-Smith J.,1601.8,35,1541.7,10.0,1530.8,14.0,,,,
/player/altmaier/,Altmaier D.,1601.8,42,1489.5,10.0,1646.0,24.0,1570.0,7.0,,
/player/mikaca/,Mikaca S.,1601.7,40,,,1586.0,33.0,,,,
/player/medjedovic/,Medjedovic H.,1601.7,25,1311.8,4.0,1744.2,17.0,1445.5,3.0,,
/player/martynov-22216/,Martynov D.,1601.6,35,1606.9,5.0,1504.2,25.0,,,1492.1,5.0
/player/van-schalkwyk-60699/,Van Schalkwyk C.,1601.6,6,1407.2,2.0,,,,,,
/player/martinez-5f8d2/,Martinez D.,1601.6,4,,,,,,,,
/player/plekhanova/,Plekhanova D.,1601.6,12,1581.0,12.0,,,,,,
/player/ashar-be091/,Ashar I.,1601.6,8,,,,,,,,
/player/shah-f263b/,Shah K.,1601.5,15,1533.2,3.0,1531.9,6.0,,,,
/player/diyunuge/,Diyunuge A.,1601.4,2,,,,,,,,
/player/leal-e9015/,Leal R.,1601.4,16,1523.7,6.0,1620.2,10.0,,,,
/player/rottoli/,Rottoli L.,1601.4,31,1512.2,6.0,1519.3,25.0,,,,
/player/andaloro/,Andaloro F.,1601.3,39,1634.1,7.0,1500.8,32.0,,,,
/player/demin/,Demin Y.,1601.3,23,1472.7,8.0,1581.5,15.0,,,,
/player/balducci-de4d5/,Balducci L.,1601.3,16,1542.1,3.0,1601.1,7.0,1569.7,3.0,,
/player/papamichail/,Papamichail D.,1601.2,38,1531.4,2.0,1579.4,31.0,1422.1,1.0,,
/player/mas-de-ugarte/,Mas De Ugarte J.,1601.2,4,1589.0,1.0,1564.9,3.0,,,,
/player/berrut/,Berrut A.,1601.1,17,1512.9,6.0,1587.6,5.0,1504.6,2.0,,
/player/lamchinniah/,Lamchinniah H.,1600.9,17,1494.0,5.0,1497.9,2.0,,,,
/player/natal-gomez/,Natal Gomez L.,1600.8,16,,,1621.7,16.0,,,,
/player/herrmann-6dbf7/,Herrmann T.,1600.5,16,1417.3,2.0,1647.3,14.0,,,,
/player/bertoldo/,Bertoldo J.,1600.5,19,,,1575.6,19.0,,,,
/player/ivanovic-2f6dc/,Ivanovic G.,1600.5,31,1589.4,5.0,1566.9,26.0,,,,
/player/tsujioka/,Tsujioka S.,1600.4,24,1601.8,24.0,,,,,,
/player/newman-7dba9/,Newman W.,1600.4,6,1434.3,1.0,1674.4,5.0,,,,
/player/bergkvist-larsson/,Bergkvist Larsson B.,1600.3,4,1585.5,4.0,,,,,,
/player/jovanovic-b73b3/,Jovanovic M.,1600.3,30,1498.0,4.0,1475.7,15.0,,,,
/player/saigo-c334b/,Saigo R.,1600.2,44,1630.1,43.0,,,,,1434.3,1.0
/player/tripathi-0b740/,Tripathi A.,1600.2,15,1552.5,6.0,1434.6,4.0,1565.7,1.0,,
/player/de-giorgio/,De Giorgio P.,1600.2,8,1576.1,3.0,1537.1,4.0,,,,
/player/radenkovic-6376e/,Radenkovic M.,1600.1,17,,,1426.3,4.0,,,,
/player/rabjohns-a39e7/,Rabjohns A.,1600.1,4,,,,,,,,
/player/sapic/,Sapic D.,1599.9,4,,,1521.2,3.0,,,,
/player/darderi-55c66/,Darderi V.,1599.8,17,1514.6,5.0,1575.7,9.0,1385.5,2.0,,
/player/urrea/,Urrea A.,1599.8,13,1555.6,1.0,1593.0,12.0,,,,
/player/mouilleron-salvo/,Mouilleron Salvo M.,1599.8,47,1675.8,11.0,1581.1,23.0,1434.3,1.0,,
/player/hercog/,Hercog P.,1599.8,28,1608.1,4.0,1587.0,23.0,1422.1,1.0,,
/player/halemai-3f557/,Halemai M.,1599.7,2,1597.8,2.0,,,,,,
/player/lutkovskii/,Lutkovskii R.,1599.6,14,1496.3,4.0,1674.5,7.0,,,,
/player/ounmuang/,Ounmuang S.,1599.3,8,1605.4,8.0,,,,,,
/player/xiao-8a22f/,Xiao S.,1599.3,3,,,1598.6,3.0,,,,
/player/walters-3fee4/,Walters M.,1599.3,36,1394.9,8.0,1634.4,18.0,1548.2,4.0,,
/player/welte-21e16/,Welte M.,1599.1,8,,,1578.5,8.0,,,,
/player/kamyshev-aa419/,Kamyshev S.,1599.0,2,,,,,,,,
/player/cembranos/,Cembranos P.,1599.0,38,1568.5,21.0,1606.4,17.0,,,,
/player/vatutin/,Vatutin A.,1599.0,8,,,1551.3,8.0,,,,
/player/elsayed-8f65f/,Elsayed A.,1598.9,21,1481.9,6.0,1635.0,14.0,,,,
/player/dunyon-4b331/,Dunyon J.,1598.9,19,1639.5,7.0,1503.6,2.0,,,,
/player/baumgartner-cb15a/,Baumgartner S.,1598.9,21,1601.4,4.0,1634.0,9.0,1565.7,1.0,,
/player/sach/,Sach T.,1598.8,38,1429.3,18.0,1623.0,20.0,,,,
/player/added/,Added D.,1598.6,46,1537.6,16.0,1641.4,22.0,1565.5,6.0,1384.7,2.0
/player/zamburek/,Zamburek A.,1598.6,16,,,1620.0,5.0,,,,
/player/shao-482c5/,Shao Z.,1598.6,6,1608.3,4.0,1481.6,1.0,,,,
/player/xu-a4b41/,Xu B.,1598.5,7,1553.0,3.0,1581.4,4.0,,,,
/player/konishi-camargo-silva/,Konishi Camargo Silva J.,1598.4,31,1556.6,9.0,1572.9,22.0,,,,
/player/eigelsbach/,Eigelsbach E.,1598.3,10,,,1592.1,10.0,,,,
/player/vazquez-41979/,Vazquez F.,1598.2,22,1524.7,4.0,1551.7,9.0,,,,
/player/ferri/,Ferri L.,1598.1,29,1633.4,10.0,1476.8,15.0,,,,
/player/wu-f664e/,Wu T.,1598.0,28,1560.1,23.0,1634.4,3.0,1434.3,1.0,,
/player/petrov-35612/,Petrov A.,1598.0,26,1466.8,6.0,1584.2,11.0,1434.3,1.0,,
/player/rittberger/,Rittberger S.,1598.0,4,,,1593.9,4.0,,,,
/player/zusman/,Zusman R.,1598.0,11,1619.3,5.0,1512.6,3.0,,,,
/player/lomakin-0fb5e/,Lomakin G.,1597.9,43,1572.5,21.0,1497.9,18.0,1626.7,2.0,,
/player/pitts-47399/,Pitts N.,1597.9,18,,,,,,,,
/player/parkhomenko-f7bde/,Parkhomenko A.,1597.6,5,,,,,,,,
/player/zeuch/,Zeuch T.,1597.6,34,1527.1,10.0,1588.4,23.0,1434.3,1.0,,
/player/park-8dfc1/,Park J.,1597.6,14,1594.6,14.0,,,,,,
/player/ciocca/,Ciocca G.,1597.5,37,1559.3,13.0,1586.3,19.0,1434.3,1.0,,
/player/mandelikova/,Mandelikova K.,1597.5,26,,,1604.4,26.0,,,,
/player/savinykh/,Savinykh V.,1597.5,24,1571.2,22.0,,,,,1503.4,2.0
/player/chainykova/,Chainykova Y.,1597.4,23,1696.5,18.0,,,,,,
/player/osorio-16592/,Osorio C.,1597.4,27,1522.0,9.0,1644.5,15.0,1493.0,3.0,,
/player/stenzer/,Stenzer M.,1597.3,9,1437.4,1.0,1645.0,8.0,,,,
/player/walker-d0d49/,Walker B.,1597.3,21,1359.6,4.0,1554.4,11.0,,,,
/player/burcescu/,Burcescu M.,1597.2,15,1553.9,2.0,1587.7,13.0,,,,
/player/alekseychuk/,Alekseychuk A.,1597.1,26,1456.5,3.0,1700.9,17.0,1565.7,1.0,,
/player/oparnica/,Oparnica A.,1597.1,34,1613.4,4.0,1605.2,14.0,1384.7,2.0,,
/player/nam-ad0c4/,Nam J.,1597.0,12,1627.4,10.0,1425.4,2.0,,,,
/player/pinzon-moreno-48630/,Pinzon Moreno F.,1596.9,7,,,,,,,,
/player/schmidt-be614/,Schmidt G.,1596.8,4,,,1587.6,4.0,,,,
/player/moneke/,Moneke S.,1596.7,7,,,1590.6,7.0,,,,
/player/lamens/,Lamens S.,1596.7,30,1498.8,8.0,1615.6,12.0,1478.5,6.0,,
/player/yang-50970/,Yang Y.,1596.5,33,1520.9,24.0,1489.2,5.0,,,1539.5,4.0
/player/karatancheva/,Karatancheva L.,1596.0,40,1526.8,2.0,1587.2,38.0,,,,
/player/cross-11d4d/,Cross K.,1596.0,27,1581.8,16.0,1523.7,4.0,1440.8,6.0,,
/player/martinez-cirez/,Martinez Cirez C.,1595.9,44,,,1591.3,44.0,,,,
/player/majchrzak-5319d/,Majchrzak A.,1595.9,18,1559.6,10.0,1535.7,7.0,,,,
/player/poritskyy/,Poritskyy A.,1595.8,34,1480.4,11.0,1533.0,13.0,1577.9,1.0,,
/player/garcia-af165/,Garcia J.,1595.7,13,1583.3,13.0,,,,,,
/player/simonit/,Simonit E.,1595.7,10,,,,,,,,
/player/olson-d8767/,Olson B.,1595.7,3,,,,,,,,
/player/lan-f3f48/,Lan X.,1595.6,10,1609.5,9.0,,,,,1434.3,1.0
/player/diatlova/,Diatlova K.,1595.6,29,1635.9,22.0,1543.2,7.0,,,,
/player/cinkanicova/,Cinkanicova S.,1595.6,15,,,1592.3,15.0,,,,
/player/park-0d049/,Park A.,1595.5,2,,,,,,,,
/player/chanta-3fff8/,Chanta A.,1595.5,29,1583.2,25.0,,,,,,
/player/selvaraj-806dc/,Selvaraj N.,1595.4,9,1593.2,9.0,,,,,,
/player/agudelo-b0551/,Agudelo L.,1595.4,6,,,1604.9,6.0,,,,
/player/luciano-2f974/,Luciano L.,1595.3,35,1574.4,15.0,1560.1,20.0,,,,
/player/marakhtanova/,Marakhtanova P.,1595.1,5,,,,,,,,
/player/tange-e2956/,Tange S.,1595.0,21,1594.1,6.0,1515.6,9.0,1565.7,1.0,,
/player/moriya/,Moriya H.,1595.0,40,1533.0,33.0,1618.5,5.0,1504.6,2.0,,
/player/olszakowski/,Olszakowski S.,1594.9,2,,,,,,,,
/player/maines/,Maines N.,1594.9,32,1599.2,8.0,1580.7,24.0,,,,
/player/chan-baa4c/,Chan B.,1594.8,9,1516.9,4.0,,,,,,
/player/fryer-6d838/,Fryer C.,1594.7,6,,,,,,,,
/player/manuel-39567/,Manuel J.,1594.7,36,1581.6,5.0,1703.6,11.0,1565.7,1.0,,
/player/olivarez-02ad5/,Olivarez E.,1594.6,21,1646.2,8.0,1660.8,7.0,,,,
/player/bartashevich/,Bartashevich Y.,1594.6,27,1478.0,3.0,1595.4,23.0,,,1422.1,1.0
/player/bobo/,Bobo D.,1594.5,37,1592.2,17.0,1549.1,16.0,1434.3,1.0,,
/player/gray-0bd9f/,Gray A.,1594.4,37,1549.7,26.0,1597.5,1.0,1589.9,10.0,,
/player/park-872bb/,Park U.,1594.4,25,1284.0,8.0,1754.4,17.0,,,,
/player/sallay/,Sallay P.,1594.4,25,1531.9,7.0,1477.9,6.0,1493.2,2.0,,
/player/dreycopp/,Dreycopp I.,1594.3,25,1451.5,3.0,1540.9,13.0,1561.2,3.0,,
/player/pampanin-6dd55/,Pampanin P.,1594.3,8,1578.2,1.0,1458.9,5.0,,,,
/player/mykhailets/,Mykhailets S.,1594.1,6,,,,,,,,
/player/idogaki-d5716/,Idogaki K.,1594.1,10,1542.5,3.0,1557.7,5.0,1434.3,1.0,,
/player/weintraub-f3b3f/,Weintraub B.,1594.0,11,1482.1,6.0,1596.0,3.0,,,,
/player/massard/,Massard L.,1594.0,25,1620.9,8.0,1546.6,17.0,,,,
/player/urribarrens-ramirez/,Urribarrens Ramirez I.,1594.0,23,1572.8,3.0,1475.1,8.0,1565.7,1.0,,
/player/taylor-9bf7d/,Taylor L.,1593.9,12,1596.0,12.0,,,,,,
/player/djukic-valera/,Djukic Valera N.,1593.8,16,1585.6,4.0,1554.2,9.0,1446.6,1.0,,
/player/elyasi/,Elyasi S.,1593.7,5,1647.8,2.0,,,1457.3,1.0,,
/player/mochizuki-7f854/,Mochizuki Y.,1593.7,31,1344.4,12.0,1604.0,15.0,1584.6,3.0,,
/player/nesmianovych/,Nesmianovych A.,1593.6,25,,,1505.0,17.0,,,1630.8,5.0
/player/pagnacco/,Pagnacco F.,1593.5,10,1492.4,2.0,1614.4,2.0,,,,
/player/krall/,Krall L.,1593.3,21,1480.5,2.0,1568.2,14.0,1495.1,2.0,,
/player/kobelt-b6376/,Kobelt N.,1593.3,12,1434.3,1.0,1565.1,7.0,1626.7,2.0,,
/player/koike-26094/,Koike E.,1593.3,40,1544.7,40.0,,,,,,
/player/rame/,Rame A.,1593.3,28,,,1598.1,27.0,1434.3,1.0,,
/player/haliak/,Haliak M.,1593.3,7,1534.3,3.0,1596.7,4.0,,,,
/player/garnevska-4e795/,Garnevska V.,1593.2,18,,,1600.2,18.0,,,,
/player/lepskaya/,Lepskaya A.,1593.2,7,1506.0,3.0,1602.0,4.0,,,,
/player/held-8a2c8/,Held J.,1593.2,6,1554.9,4.0,1444.5,1.0,,,,
/player/alujas/,Alujas R.,1593.2,29,1556.7,7.0,1493.7,19.0,1584.8,3.0,,
/player/ferrer-guimaraes/,Ferrer Guimaraes R.,1593.2,9,,,1536.5,3.0,,,,
/player/stepanov-d76e0/,Stepanov T.,1593.1,16,1563.4,3.0,1503.6,7.0,1493.9,2.0,,
/player/sagmar/,Sagmar I.,1593.0,25,,,1590.2,25.0,,,,
/player/cruz-7c65f/,Cruz R.,1593.0,5,,,1446.4,1.0,1664.1,3.0,,
/player/nishiwaki/,Nishiwaki K.,1593.0,21,1716.5,7.0,1461.0,6.0,1434.3,1.0,,
/player/torner-sensano/,Torner Sensano N.,1593.0,27,1459.3,1.0,1621.3,26.0,,,,
/player/pecorini-b3e4a/,Pecorini F.,1592.9,21,1659.3,11.0,1465.9,5.0,,,,
/player/hill-6331a/,Hill C.,1592.9,12,1549.2,8.0,1530.0,4.0,,,,
/player/slavic/,Slavic N.,1592.8,28,1681.6,9.0,1379.6,16.0,1419.9,1.0,1504.6,2.0
/player/meabe-12cf7/,Meabe S.,1592.8,9,1565.7,1.0,1577.7,6.0,,,1504.6,2.0
/player/leon-jaume/,Leon Jaume M.,1592.7,5,1608.3,5.0,,,,,,
/player/leite-f2563/,Leite W.,1592.7,38,1489.6,4.0,1564.9,34.0,,,,
/player/solorzano-02614/,Solorzano A.,1592.6,6,,,,,,,,
/player/pires-antonio/,Pires Antonio T.,1592.5,13,,,1564.7,12.0,,,,
/player/stadler-d668e/,Stadler N.,1592.5,2,,,1592.5,2.0,,,,
/player/spyrou-a0343/,Spyrou C.,1592.2,2,1566.6,1.0,1565.7,1.0,,,,
/player/costoulas/,Costoulas S.,1592.2,35,1614.3,18.0,1654.6,15.0,1435.2,1.0,1434.3,1.0
/player/baez-0bf85/,Baez A.,1592.0,7,1453.5,1.0,,,,,,
/player/ridout-dc356/,Ridout F.,1591.9,14,1626.7,2.0,1604.5,10.0,,,,
/player/sornlaksup/,Sornlaksup P.,1591.9,22,1621.5,8.0,1476.6,14.0,,,,
/player/cervantes-tomas/,Cervantes Tomas I.,1591.8,13,,,1572.0,11.0,,,,
/player/golovanov-c31a7/,Golovanov E.,1591.8,13,,,,,,,,
/player/ceuca/,Ceuca A.,1591.7,36,1695.9,29.0,1494.5,7.0,,,,
/player/cizek-2b924/,Cizek J.,1591.6,31,1615.5,10.0,1515.3,18.0,,,,
/player/bayldon/,Bayldon B.,1591.6,1,1580.3,1.0,,,,,,
/player/krastenova/,Krastenova G.,1591.6,22,1446.6,1.0,1599.5,21.0,,,,
/player/villet/,Villet M.,1591.5,25,1572.2,22.0,,,,,1560.7,3.0
/player/nemcsek-ea226/,Nemcsek G.,1591.4,13,,,1587.8,12.0,,,,
/player/tan-7921a/,Tan S.,1591.4,12,,,,,,,,
/player/hausberger-7587c/,Hausberger G.,1591.3,31,1654.3,3.0,1522.8,17.0,1434.3,1.0,,
/player/fekete-1b5b9/,Fekete J.,1591.3,4,1422.4,1.0,1570.4,1.0,,,,
/player/treacy/,Treacy A.,1591.3,10,,,1538.3,1.0,,,,
/player/matsumura-af2cf/,Matsumura R.,1591.3,7,,,,,,,,
/player/da-silva-cfb68/,Da Silva L.,1591.2,8,1428.8,1.0,1539.8,5.0,,,,
/player/oki-e89d0/,Oki Y.,1591.2,23,1496.0,4.0,1583.1,14.0,1549.3,3.0,,
/player/helguera-casado/,Helguera Casado L.,1591.2,9,1462.8,5.0,1612.5,4.0,,,,
/player/brumm/,Brumm J.,1591.1,34,1442.5,8.0,1401.3,4.0,1504.6,2.0,,
/player/dellien-e101c/,Dellien M.,1590.9,31,1626.5,6.0,1530.5,25.0,,,,
/player/hendrikx-00064/,Hendrikx J.,1590.9,44,1530.7,7.0,1616.4,15.0,1455.4,1.0,,
/player/glushkova/,Glushkova D.,1590.8,42,,,1569.1,40.0,,,,
/player/bolsova/,Bolsova A.,1590.8,7,,,1583.4,7.0,,,,
/player/pla-malfeito/,Pla Malfeito J.,1590.7,3,1573.7,1.0,1454.7,1.0,,,,
/player/migliorati/,Migliorati M.,1590.7,4,,,1590.7,4.0,,,,
/player/walker-2e646/,Walker C.,1590.6,2,,,,,,,,
/player/wang-21b79/,Wang A.,1590.6,10,1330.7,5.0,1723.6,5.0,,,,
/player/ibrahim-6343c/,Ibrahim K.,1590.6,23,1482.1,7.0,1576.6,16.0,,,,
/player/ma-2d7c9/,Ma Y.,1590.6,36,1571.4,29.0,1371.4,2.0,1434.3,1.0,1539.5,4.0
/player/kalyakina/,Kalyakina M.,1590.5,34,1574.4,26.0,1569.9,3.0,,,1578.8,5.0
/player/vaccari-b4899/,Vaccari L.,1590.5,19,1452.7,1.0,1574.2,10.0,1653.4,5.0,,
/player/juarez-8d805/,Juarez F.,1590.4,5,,,,,,,,
/player/sun-a07d0/,Sun Y.,1590.4,39,1595.3,29.0,1504.6,2.0,,,1525.5,8.0
/player/battesti/,Battesti A.,1590.3,12,1526.7,4.0,1408.5,4.0,,,,
/player/monnet/,Monnet C.,1590.3,28,1532.4,10.0,1603.7,16.0,1396.7,2.0,,
/player/popowich/,Popowich J.,1590.2,11,,,,,,,,
/player/heinrich-5733d/,Heinrich S.,1590.2,33,1488.6,9.0,1597.7,17.0,,,,
/player/barnes-74592/,Barnes K.,1590.1,4,,,,,,,,
/player/da-silva-625a2/,Da Silva P.,1590.1,4,,,,,,,1605.9,4.0
/player/spiteri/,Spiteri D.,1590.0,28,1467.8,1.0,1594.4,27.0,,,,
/player/wagner-00629/,Wagner L.,1589.9,9,1593.4,9.0,,,,,,
/player/cid-subervi/,Cid Subervi R.,1589.9,9,,,1547.5,8.0,,,,
/player/grandke/,Grandke S.,1589.7,1,,,1581.5,1.0,,,,
/player/blardone/,Blardone O.,1589.7,8,1470.1,1.0,1600.9,7.0,,,,
/player/drab/,Drab F.,1589.7,39,1519.5,8.0,1571.9,16.0,1626.7,2.0,,
/player/gruenig/,Gruenig G.,1589.6,12,,,1536.9,10.0,1626.7,2.0,,
/player/rybakov/,Rybakov A.,1589.6,29,1482.6,8.0,1571.8,17.0,1504.6,2.0,1504.6,2.0
/player/pennaforti/,Pennaforti G.,1589.4,16,1438.3,5.0,1500.3,10.0,,,,
/player/suresh-kumar-5a16e/,Suresh Kumar D.,1589.3,8,,,1617.5,2.0,1565.7,1.0,,
/player/allen-1cc6d/,Allen K.,1589.2,28,1540.9,13.0,1571.0,8.0,,,1504.6,2.0
/player/farzam/,Farzam M.,1589.2,15,1513.0,4.0,1507.0,8.0,1434.3,1.0,,
/player/keller-b69ff/,Keller K.,1589.2,36,1548.3,25.0,1519.3,2.0,,,,
/player/dedura-palomero/,Dedura-Palomero M.,1589.1,11,1637.8,2.0,1490.0,7.0,1457.3,1.0,,
/player/blanchet/,Blanchet U.,1589.0,25,1546.0,9.0,1454.6,10.0,1373.3,2.0,1538.3,4.0
/player/hashem-d869d/,Hashem A.,1589.0,6,1632.8,5.0,,,,,,
/player/pade-a6035/,Pade L.,1588.8,10,,,,,,,,
/player/dong-ff59e/,Dong Z.,1588.8,41,1527.6,13.0,1678.7,19.0,1504.6,2.0,,
/player/han-5dcf5/,Han X.,1588.8,50,1551.2,11.0,1606.6,26.0,1615.3,2.0,,
/player/pizzigoni/,Pizzigoni M.,1588.8,24,1441.4,6.0,1591.0,13.0,,,,
/player/el-feky-840e7/,El Feky G.,1588.8,26,1589.3,6.0,1584.9,12.0,1564.4,1.0,,
/player/abibsi/,Abibsi M.,1588.7,51,1638.7,13.0,1604.5,29.0,1626.7,2.0,,
/player/pop-e3ba3/,Pop M.,1588.6,3,,,1579.5,3.0,,,,
/player/lynch-d62ba/,Lynch A.,1588.6,25,1604.8,14.0,1597.7,7.0,1384.7,2.0,,
/player/tixhon/,Tixhon D.,1588.5,32,1494.0,7.0,1554.1,17.0,1561.2,3.0,,
/player/gaudin/,Gaudin A.,1588.4,10,1582.5,5.0,1519.1,5.0,,,,
/player/klegou/,Klegou A.,1588.3,2,,,,,,,,
/player/giamichelle/,Giamichelle S.,1588.2,21,1605.8,7.0,1587.4,13.0,1434.3,1.0,,
/player/challa-907bf/,Challa D.,1588.2,2,,,,,,,,
/player/tallakson-158fc/,Tallakson A.,1588.1,11,1446.6,1.0,1466.4,2.0,,,,
/player/gabric/,Gabric A.,1588.1,13,,,1552.0,13.0,,,,
/player/zhu-fb672/,Zhu J.,1587.8,11,1560.3,2.0,1433.9,4.0,,,,
/player/jang-e71f6/,Jang G.,1587.8,38,1646.3,33.0,1484.9,5.0,,,,
/player/vergara-rivera/,Vergara Rivera A.,1587.7,40,1448.3,7.0,1688.0,29.0,,,,
/player/sabadi/,Sabadi L.,1587.7,7,,,1576.0,7.0,,,,
/player/stringer/,Stringer T.,1587.5,16,1701.5,10.0,1400.4,4.0,1494.5,2.0,,
/player/fuentes-vasquez/,Fuentes Vásquez J.,1587.5,12,1595.2,4.0,1498.3,2.0,,,,
/player/aytoyan/,Aytoyan M.,1587.4,31,1547.5,18.0,,,,,,
/player/van-assendelft/,Van Assendelft J.,1587.2,13,1447.3,1.0,1600.0,8.0,,,,
/player/bushuev/,Bushuev P.,1587.1,54,,,,,,,,
/player/elesin/,Elesin M.,1587.1,29,1635.5,7.0,1617.6,17.0,,,,
/player/grasl/,Grasl F.,1587.1,7,,,1584.9,7.0,,,,
/player/shang-12f46/,Shang F.,1587.0,9,1547.8,3.0,1582.7,6.0,,,,
/player/ingale-d3e71/,Ingale P.,1586.9,11,1483.0,2.0,1547.7,5.0,,,,
/player/lazic-b612a/,Lazic M.,1586.9,11,1390.0,2.0,1688.3,7.0,,,,
/player/etcheverry-7101a/,Etcheverry T.,1586.8,33,1501.0,9.0,1637.2,21.0,1352.7,3.0,,
/player/jang-45777/,Jang S.,1586.8,27,1578.1,23.0,,,,,1498.7,4.0
/player/rengifo-e334b/,Rengifo F.,1586.8,13,1403.9,4.0,1568.1,5.0,,,,
/player/dekkers/,Dekkers F.,1586.7,16,1624.6,15.0,,,,,1434.3,1.0
/player/ahn-5bfc6/,Ahn Y.,1586.6,23,1630.2,19.0,,,,,1319.5,4.0
/player/angeloni/,Angeloni L.,1586.6,31,1644.3,12.0,1563.3,15.0,,,,
/player/zelinskaya/,Zelinskaya D.,1586.6,32,1576.0,32.0,,,,,,
/player/mashni/,Mashni Z.,1586.5,7,,,,,,,1493.2,2.0
/player/retelj/,Retelj M.,1586.5,24,1622.4,9.0,1546.0,10.0,,,,
/player/meng-b3f9b/,Meng F.,1586.5,30,1475.8,12.0,1564.7,15.0,1435.6,1.0,1434.3,1.0
/player/peiro-serrano/,Peiro Serrano A.,1586.4,25,1362.3,6.0,1707.1,11.0,1550.6,3.0,,
/player/ciocan-e1714/,Ciocan M.,1586.4,20,,,1613.4,16.0,,,1479.3,4.0
/player/imamura-da963/,Imamura M.,1586.3,46,1440.7,27.0,1841.3,17.0,1384.7,2.0,,
/player/biondolillo/,Biondolillo G.,1586.3,15,1675.7,8.0,1511.4,6.0,,,,
/player/mandlik-a0289/,Mandlik E.,1586.2,29,1493.5,8.0,1634.8,14.0,1580.4,7.0,,
/player/munkhammar/,Munkhammar P.,1586.2,4,1562.7,3.0,1448.8,1.0,,,,
/player/de-krom/,De Krom M.,1586.1,41,1516.6,10.0,1571.9,31.0,,,,
/player/gibson-980e2/,Gibson T.,1586.1,29,1395.5,8.0,1418.2,9.0,1429.1,7.0,1633.6,4.0
/player/coromina-boluda/,Coromina Boluda A.,1586.0,21,1496.6,9.0,1666.3,12.0,,,,
/player/yersh/,Yersh K.,1586.0,16,1577.4,9.0,1434.3,1.0,,,,
/player/uzhylovsky/,Uzhylovsky V.,1585.9,6,1655.2,3.0,1430.9,3.0,,,,
/player/coccioli/,Coccioli A.,1585.8,13,1566.5,6.0,1511.3,6.0,,,,
/player/stevens-ea018/,Stevens A.,1585.7,27,1621.4,18.0,1440.1,6.0,1559.3,3.0,,
/player/mbithi/,Mbithi M.,1585.6,18,1565.9,5.0,1533.8,13.0,,,,
/player/ciurnelli/,Ciurnelli R.,1585.6,5,,,1568.5,5.0,,,,
/player/pellicano/,Pellicano H.,1585.5,10,1376.6,2.0,1699.9,8.0,,,,
/player/chesman/,Chesman K.,1585.5,4,,,,,,,,
/player/mayoral/,Mayoral A.,1585.3,11,,,1493.2,2.0,,,,
/player/tu-41622/,Tu L.,1585.3,22,1573.4,16.0,1392.7,3.0,,,1549.3,3.0
/player/estrella-a7659/,Estrella M.,1585.2,4,,,1581.3,4.0,,,,
/player/geladaris/,Geladaris O.,1585.1,9,1501.0,4.0,1506.1,5.0,,,,
/player/suh-54991/,Suh S.,1585.1,15,1541.1,10.0,,,,,,
/player/gallego-f593a/,Gallego J.,1585.0,30,1551.8,8.0,1358.9,9.0,1504.6,2.0,,
/player/kmiecik/,Kmiecik A.,1585.0,36,1480.0,10.0,1609.6,26.0,,,,
/player/ye-892d3/,Ye S.,1585.0,35,1634.2,28.0,1385.9,2.0,,,1563.1,5.0
/player/kirchheimer/,Kirchheimer S.,1585.0,20,1486.7,5.0,1551.3,12.0,1568.7,3.0,,
/player/warang/,Warang A.,1584.9,7,1583.1,7.0,,,,,,
/player/jacquemot/,Jacquemot E.,1584.9,35,1586.3,14.0,1466.8,12.0,1400.7,5.0,,
/player/hou-c1b33/,Hou Y.,1584.8,25,1583.8,20.0,,,,,1565.2,5.0
/player/petr/,Petr V.,1584.8,1,,,1584.1,1.0,,,,
/player/gettwart/,Gettwart F.,1584.7,19,1645.9,10.0,1529.1,9.0,,,,
/player/kostka-0fdc4/,Kostka T.,1584.6,6,,,1547.0,5.0,,,,
/player/pawelska/,Pawelska M.,1584.5,15,,,1610.8,6.0,,,,
/player/lage-castelan/,Lage Castelan L.,1584.4,16,1582.4,7.0,1521.6,8.0,,,,
/player/price-pelaez/,Price Pelaez S.,1584.3,28,1473.3,3.0,1502.0,16.0,,,,
/player/torres-espinosa/,Torres Espinosa J.,1584.1,10,1454.1,1.0,1506.0,6.0,1565.7,1.0,,
/player/dean-61c66/,Dean T.,1583.9,16,1345.5,3.0,1617.0,11.0,1492.4,2.0,,
/player/panagiotidou/,Panagiotidou A.,1583.9,5,1467.8,1.0,,,,,,
/player/fruhvirtova/,Fruhvirtova L.,1583.9,35,1596.5,19.0,1520.1,12.0,1327.3,3.0,1434.3,1.0
/player/agureeva-df4cc/,Agureeva E.,1583.8,13,1390.0,2.0,1622.6,11.0,,,,
/player/font-b1b3e/,Font O.,1583.8,29,1455.8,3.0,1689.2,22.0,,,,
/player/nefve/,Nefve A.,1583.7,16,1636.8,9.0,1412.2,5.0,,,,
/player/stodder/,Stodder T.,1583.7,13,,,1582.7,13.0,,,,
/player/silva-da27a/,Silva J.,1583.7,31,1502.5,7.0,1504.0,22.0,,,,
/player/heger/,Heger T.,1583.7,3,1661.8,2.0,1458.5,1.0,,,,
/player/olimjanova/,Olimjanova S.,1583.7,10,1585.9,10.0,,,,,,
/player/krivoshchekov-fea1d/,Krivoshchekov M.,1583.5,30,1571.9,4.0,1576.7,19.0,,,,
/player/spadola/,Spadola A.,1583.3,20,1606.3,5.0,1426.0,9.0,1626.7,2.0,,
/player/parizzia/,Parizzia N.,1583.2,41,1559.0,12.0,1548.6,27.0,1446.6,1.0,,
/player/rolland/,Rolland D.,1583.2,19,1580.0,3.0,1461.6,7.0,1655.2,3.0,,
/player/lyons-f800a/,Lyons J.,1583.2,11,,,1455.4,1.0,,,,
/player/kecmanovic/,Kecmanovic M.,1583.1,32,1422.1,11.0,1660.7,15.0,1457.1,5.0,,
/player/horiuchi/,Horiuchi R.,1583.1,9,1540.3,3.0,1474.0,4.0,,,,
/player/suvirdjonkova/,Suvirdjonkova D.,1583.0,40,1679.4,28.0,1347.2,4.0,,,,
/player/elias-3e14c/,Elias G.,1583.0,6,,,1552.7,6.0,,,,
/player/pikkaart-1a9cb/,Pikkaart C.,1583.0,43,,,1535.7,26.0,,,,
/player/spiridon/,Spiridon D.,1582.9,25,1584.4,5.0,1539.6,13.0,1601.9,6.0,,
/player/froehlich-6f8d2/,Froehlich M.,1582.9,13,1375.2,2.0,1514.9,7.0,,,,
/player/dutine/,Dutine D.,1582.9,18,1451.4,3.0,1597.6,7.0,1561.2,3.0,,
/player/winter-e2184/,Winter E.,1582.9,36,1561.7,31.0,1516.1,2.0,1385.3,2.0,1434.3,1.0
/player/alvarez-valdes/,Alvarez Valdes L.,1582.9,13,1618.3,7.0,1477.5,6.0,,,,
/player/fullerton/,Fullerton M.,1582.8,6,,,,,,,,
/player/hakizumwami/,Hakizumwami J.,1582.8,2,,,,,,,,
/player/rocens/,Rocens M.,1582.7,22,1607.9,4.0,1650.0,7.0,1446.5,3.0,,
/player/ye-c76b0/,Ye Q.,1582.7,16,1618.3,13.0,1376.7,3.0,,,,
/player/kawanishi/,Kawanishi H.,1582.7,4,1577.9,1.0,1533.2,3.0,,,,
/player/rivadeneira-gallegos/,Rivadeneira Gallegos F.,1582.7,12,1597.5,2.0,1540.5,8.0,,,,
/player/veldheer-04b23/,Veldheer M.,1582.7,7,,,1573.6,7.0,,,,
/player/hinojosa-gomez/,Hinojosa Gomez J.,1582.6,20,1552.6,8.0,1508.6,8.0,,,,
/player/rosca-c9c4a/,Rosca E.,1582.6,6,,,1577.2,6.0,,,,
/player/miranda-19710/,Miranda T.,1582.6,11,1575.7,1.0,1536.3,7.0,,,,
/player/kim-ac772/,Kim E.,1582.6,44,1639.8,35.0,1629.1,5.0,,,1411.1,4.0
/player/horak-d773c/,Horak O.,1582.5,8,,,1580.7,6.0,,,,
/player/richer/,Richer N.,1582.5,2,,,,,,,,
/player/scomparin/,Scomparin P.,1582.3,17,1469.4,3.0,1575.5,13.0,,,,
/player/herrmann-a21f7/,Herrmann S.,1582.3,27,,,1546.9,27.0,,,,
/player/santos-503a5/,Santos L.,1582.1,10,1549.3,3.0,1440.3,3.0,,,,
/player/rodrigues-a6e6d/,Rodrigues P.,1582.1,3,,,1569.3,3.0,,,,
/player/pallegar/,Pallegar A.,1582.1,18,1453.5,3.0,1526.7,4.0,1506.8,2.0,,
/player/grignac/,Grignac C.,1582.1,11,,,1495.7,7.0,,,,
/player/hammes/,Hammes T.,1582.0,32,1533.9,3.0,1504.1,7.0,,,,
/player/da-costa-6dc81/,Da Costa R.,1582.0,11,1573.0,4.0,1520.4,6.0,,,,
/player/agamenone/,Agamenone F.,1581.9,35,,,1531.0,35.0,,,,
/player/shevardnadze/,Shevardnadze N.,1581.9,4,,,1583.5,4.0,,,,
/player/saner/,Saner J.,1581.7,32,1559.6,3.0,1442.8,4.0,,,,
/player/hsieh-4e1bc/,Hsieh Y.,1581.7,3,1583.2,3.0,,,,,,
/player/voljavec/,Voljavec A.,1581.7,16,1565.7,1.0,1536.7,13.0,,,,
/player/ozerova/,Ozerova A.,1581.7,29,1449.5,1.0,1533.4,13.0,,,,
/player/salvestre-13cde/,Salvestre M.,1581.6,3,1472.7,1.0,1611.5,2.0,,,,
/player/vega-gudino/,Vega Gudino C.,1581.6,14,1512.4,2.0,1576.4,10.0,,,1504.6,2.0
/player/lien-17bb9/,Lien J.,1581.6,16,1445.1,5.0,1583.7,11.0,,,,
/player/betti/,Betti E.,1581.6,11,1499.7,4.0,1440.6,3.0,,,,
/player/bozemoj/,Bozemoj B.,1581.5,18,1627.8,7.0,1416.6,9.0,,,,
/player/monlleo-ramos/,Monlleo Ramos A.,1581.5,17,1595.8,7.0,1533.0,10.0,,,,
/player/purtseladze/,Purtseladze S.,1581.4,35,1472.6,5.0,1574.6,26.0,,,,
/player/motoyama/,Motoyama S.,1581.4,6,,,1580.2,6.0,,,,
/player/blackford/,Blackford E.,1581.2,5,1423.6,2.0,,,,,,
/player/thornton-feb02/,Thornton M.,1581.2,9,,,,,,,,
/player/israelan/,Israelan G.,1581.2,6,1511.9,4.0,1556.8,1.0,,,,
/player/watane/,Watane A.,1581.1,26,1610.2,6.0,1536.4,11.0,1434.3,1.0,,
/player/erjavec/,Erjavec V.,1581.0,27,1335.6,3.0,1667.3,18.0,1448.1,4.0,,
/player/stuurman/,Stuurman R.,1581.0,12,,,,,,,,
/player/stan-97c8a/,Stan M.,1581.0,3,,,1532.6,2.0,,,,
/player/wang-8822f/,Wang X.,1580.9,8,1574.3,8.0,,,,,,
/player/sozaonova/,Sozaonova N.,1580.9,22,1565.4,22.0,,,,,,
/player/zhou-d3f6d/,Zhou X.,1580.8,30,1688.7,6.0,1525.7,15.0,,,,
/player/popyrin/,Popyrin A.,1580.8,23,1536.1,8.0,1565.8,12.0,1396.1,3.0,,
/player/lu-171d4/,Lu J.,1580.8,13,1522.4,3.0,1544.7,5.0,,,1575.0,5.0
/player/prado-23315/,Prado A.,1580.7,5,,,1580.9,5.0,,,,
/player/lagasio/,Lagasio M.,1580.6,3,,,1513.7,2.0,,,,
/player/gerald-gonzalez/,Gerald Gonzalez J.,1580.5,24,1431.2,1.0,1594.6,23.0,,,,
/player/szostak-65e37/,Szostak M.,1580.5,26,1556.1,13.0,1548.1,7.0,,,1506.6,6.0
/player/paquet/,Paquet C.,1580.4,34,1575.4,3.0,1517.8,31.0,,,,
/player/kim-cdd40/,Kim Y.,1580.3,12,1582.8,12.0,,,,,,
/player/heredia-f10e3/,Heredia S.,1580.2,32,1472.5,6.0,1595.8,25.0,,,,
/player/price-659cb/,Price G.,1580.1,18,1657.4,8.0,1484.8,10.0,,,,
/player/burton-b108d/,Burton M.,1580.1,5,1548.8,5.0,,,,,,
/player/kraus-2ea2a/,Kraus L.,1580.1,12,,,1582.8,12.0,,,,
/player/jones-28bc0/,Jones A.,1580.1,33,1490.3,10.0,1703.2,15.0,,,,
/player/dong-3d430/,Dong J.,1580.0,4,1576.5,4.0,,,,,,
/player/tokuda-f9c9a/,Tokuda R.,1580.0,15,1492.1,12.0,1600.5,3.0,,,,
/player/trainauskas/,Trainauskas J.,1579.9,32,1504.3,10.0,1566.2,16.0,1434.3,1.0,,
/player/oswald-5b4ce/,Oswald P.,1579.9,4,,,1589.1,4.0,,,,
/player/ponce-de-leon-gomila/,Ponce De Leon Gomila M.,1579.8,7,1573.2,1.0,1475.9,5.0,,,,
/player/marginean/,Marginean A.,1579.7,11,,,1583.2,11.0,,,,
/player/smoliner/,Smoliner T.,1579.7,4,,,1579.6,4.0,,,,
/player/butuc-cerchez/,Butuc Cerchez S.,1579.7,26,,,1571.1,26.0,,,,
/player/shiraishi-6f6a9/,Shiraishi H.,1579.7,41,1525.8,18.0,1601.7,21.0,1504.6,2.0,,
/player/cehajic-ad7dd/,Cehajic H.,1579.6,10,,,1567.0,10.0,,,,
/player/tarasevich/,Tarasevich U.,1579.6,19,1574.1,5.0,1510.4,6.0,,,,
/player/sleptsova/,Sleptsova P.,1579.4,6,1597.3,6.0,,,,,,
/player/uehling-3942e/,Uehling Z.,1579.3,14,,,1624.5,5.0,,,,
/player/shiga-f83ec/,Shiga A.,1579.3,4,1579.0,4.0,,,,,,
/player/yamazaki-e384f/,Yamazaki I.,1579.2,34,1686.1,22.0,1485.2,9.0,,,1470.1,3.0
/player/martinez-d0cfb/,Martinez T.,1579.1,34,1545.9,6.0,1547.9,28.0,,,,
/player/begu/,Begu I.,1579.0,9,,,1464.7,4.0,1533.9,5.0,,
/player/velikova/,Velikova D.,1579.0,39,,,1571.4,30.0,,,,
/player/mubarak/,Mubarak A.,1579.0,18,1458.3,4.0,1607.5,5.0,,,,
/player/curras-abasolo/,Curras Abasolo T.,1578.9,39,1469.1,8.0,1471.5,12.0,1553.4,1.0,,
/player/vrtilka/,Vrtilka J.,1578.9,21,1434.3,1.0,1644.9,16.0,1434.3,1.0,,
/player/payne-85df0/,Payne B.,1578.7,23,1439.5,6.0,1713.2,17.0,,,,
/player/yaneva-8f6e9/,Yaneva V.,1578.7,4,,,1576.5,4.0,,,,
/player/manescu/,Manescu T.,1578.7,23,,,1548.6,20.0,,,1565.4,3.0
/player/korpanec-davies/,Korpanec Davies A.,1578.6,31,1494.7,9.0,1599.8,20.0,1504.6,2.0,,
/player/chen-2709f/,Chen C.,1578.5,5,1569.2,5.0,,,,,,
/player/griekspoor-d58ed/,Griekspoor T.,1578.3,26,1492.0,9.0,1527.1,12.0,1409.8,4.0,,
/player/vrancken-peeters/,Vrancken Peeters A.,1578.3,27,,,1568.3,24.0,1384.7,2.0,,
/player/tonejc-21aeb/,Tonejc V.,1578.3,20,1556.0,5.0,1442.1,7.0,1504.6,2.0,,
/player/yoshioka-11b7c/,Yoshioka K.,1578.3,30,1602.9,29.0,,,,,1448.0,1.0
/player/grubor/,Grubor A.,1578.3,37,1424.9,15.0,1606.5,19.0,,,1597.3,3.0
/player/youri/,Youri E.,1578.2,14,1552.4,10.0,,,,,,
/player/ferlito/,Ferlito A.,1578.0,14,1603.0,12.0,1409.0,2.0,,,,
/player/anghel-a89ed/,Anghel A.,1578.0,16,,,1555.6,11.0,,,,
/player/batista-26239/,Batista D.,1578.0,3,,,1574.9,3.0,,,,
/player/misolic/,Misolic F.,1577.9,8,1424.0,1.0,1588.7,7.0,,,,
/player/marcinko/,Marcinko P.,1577.9,32,1319.8,3.0,1660.5,18.0,1599.2,8.0,,
/player/dhamne/,Dhamne M.,1577.8,36,1571.6,10.0,1445.6,24.0,,,1516.7,2.0
/player/duran-fd3b3/,Duran D.,1577.8,9,,,,,1550.6,3.0,,
/player/lataste/,Lataste M.,1577.7,7,,,1583.4,5.0,,,1506.8,2.0
/player/kapasi/,Kapasi K.,1577.7,18,1508.1,2.0,1487.9,9.0,1434.3,1.0,,
/player/stanisavljevic-280bf/,Stanisavljevic M.,1577.7,27,1545.1,8.0,1621.0,13.0,1549.3,3.0,,
/player/alvarez-cf812/,Alvarez M.,1577.6,44,1510.1,7.0,1623.2,5.0,1434.3,1.0,,
/player/sato-0c81d/,Sato C.,1577.6,18,1589.5,4.0,1556.2,13.0,,,,
/player/grigoreva/,Grigoreva A.,1577.6,10,1488.3,2.0,,,,,,
/player/henning-eb6bb/,Henning B.,1577.5,4,,,1561.4,4.0,,,,
/player/antwi/,Antwi S.,1577.4,6,,,,,,,,
/player/franchi/,Franchi F.,1577.4,32,1602.7,12.0,,,,,,
/player/gasparini-b1e8b/,Gasparini C.,1577.3,21,,,1579.5,21.0,,,,
/player/snyder-b6e9e/,Snyder Q.,1577.1,8,,,,,,,,
/player/khazime/,Khazime D.,1577.1,3,1566.3,2.0,1564.4,1.0,,,,
/player/eichenseher/,Eichenseher D.,1577.0,35,1420.3,9.0,1596.8,24.0,1434.3,1.0,,
/player/mckenzie-f0c9f/,McKenzie N.,1577.0,22,1603.3,11.0,1563.8,11.0,,,,
/player/stepanov-d0d4f/,Stepanov D.,1576.9,10,1534.3,5.0,1552.1,5.0,,,,
/player/zeiger/,Zeiger N.,1576.9,8,,,,,1495.4,2.0,,
/player/kakenova/,Kakenova A.,1576.9,25,1575.9,25.0,,,,,,
/player/kiss-c6d87/,Kiss C.,1576.7,19,,,,,,,,
/player/nejedly-66496/,Nejedly B.,1576.6,12,,,1626.0,8.0,,,,
/player/hu-4ae6a/,Hu F.,1576.6,5,1560.3,5.0,,,,,,
/player/cabaj-awad/,Cabaj Awad J.,1576.5,5,,,1567.1,5.0,,,,
/player/lacasse-d16d0/,Lacasse R.,1576.4,10,1597.1,10.0,,,,,,
/player/kozaki/,Kozaki F.,1576.3,20,1590.6,19.0,,,,,1430.7,1.0
/player/grumet/,Grumet G.,1576.2,17,1567.2,7.0,1532.2,5.0,1565.7,1.0,,
/player/govila/,Govila A.,1576.1,6,,,,,,,,
/player/okhtenberg/,Okhtenberg N.,1576.1,13,,,,,,,,
/player/panarin/,Panarin D.,1575.8,13,1504.6,2.0,1462.8,5.0,1655.2,3.0,,
/player/kominek-e7353/,Kominek K.,1575.6,9,1434.3,1.0,1624.8,6.0,,,,
/player/shcherbakov/,Shcherbakov E.,1575.5,15,1550.3,3.0,1577.3,9.0,,,,
/player/zhu-a98e2/,Zhu L.,1575.5,17,1495.8,10.0,,,1553.1,7.0,,
/player/matvejeva/,Matvejeva D.,1575.5,7,,,1574.2,7.0,,,,
/player/markovina/,Markovina D.,1575.5,30,1513.3,8.0,1562.4,19.0,,,,
/player/panwar/,Panwar Y.,1575.4,18,1573.7,16.0,1513.4,2.0,,,,
/player/vaksmann/,Vaksmann R.,1575.3,3,,,1520.1,2.0,,,,
/player/coppez/,Coppez K.,1575.3,33,1456.7,3.0,1560.2,26.0,,,1501.6,4.0
/player/todorovic-5d9fe/,Todorovic L.,1575.3,4,,,1578.1,4.0,,,,
/player/suzuki-9af42/,Suzuki N.,1575.2,13,1572.7,11.0,,,,,1494.3,2.0
/player/dumitru-8fc60/,Dumitru K.,1575.1,8,,,1590.0,8.0,,,,
/player/kulhava/,Kulhava V.,1575.1,20,,,1563.2,20.0,,,,
/player/erhart/,Erhart L.,1575.0,6,,,1557.6,6.0,,,,
/player/campbell-71163/,Campbell N.,1574.9,3,,,1514.9,2.0,,,,
/player/ngounoue-8ab66/,Ngounoue C.,1574.9,17,1561.9,13.0,,,1511.1,4.0,,
/player/giribalan/,Giribalan K.,1574.8,20,1471.4,5.0,,,,,,
/player/dell-elba/,Dell'elba V.,1574.8,39,1463.2,9.0,1557.2,22.0,1577.9,1.0,,
/player/crowder/,Crowder R.,1574.7,25,1444.2,3.0,,,,,,
/player/sureshkumar/,Sureshkumar M.,1574.7,20,1529.9,8.0,1519.2,11.0,,,,
/player/von-deichmann/,Von Deichmann K.,1574.5,28,,,1567.3,27.0,,,1434.3,1.0
/player/mroz-88a11/,Mroz M.,1574.5,9,1565.7,1.0,1505.7,2.0,,,,
/player/wazny/,Wazny A.,1574.5,32,1597.6,12.0,1546.1,20.0,,,,
/player/petre/,Petre S.,1574.5,36,1510.9,10.0,1588.9,19.0,1549.3,3.0,,
/player/oboniye/,Oboniye G.,1574.4,4,,,,,,,,
/player/parcelli/,Parcelli F.,1574.4,21,,,1562.5,21.0,,,,
/player/perez-mellado/,Perez Mellado A.,1574.4,12,1605.0,2.0,1504.6,4.0,1434.3,1.0,,
/player/mair-38859/,Mair L.,1574.4,32,,,1577.2,32.0,,,,
/player/kolyachev/,Kolyachev N.,1574.4,10,1628.9,2.0,1451.6,3.0,1565.7,1.0,,
/player/barrientos/,Barrientos N.,1574.3,5,,,1564.4,5.0,,,,
/player/langmo/,Langmo C.,1574.3,38,1432.7,20.0,1630.2,18.0,,,,
/player/jovic-b2796/,Jovic N.,1574.3,24,1441.5,3.0,1616.1,16.0,1504.6,2.0,,
/player/landau-1be01/,Landau S.,1574.2,3,,,1479.1,1.0,,,,
/player/dalmasso/,Dalmasso G.,1574.2,34,1415.5,16.0,1664.4,17.0,1434.3,1.0,,
/player/hill-827da/,Hill S.,1574.1,3,,,,,,,,
/player/tauson/,Tauson C.,1574.1,21,1519.7,13.0,1408.8,2.0,1427.1,6.0,,
/player/ochi-91d1b/,Ochi M.,1574.1,35,1539.0,7.0,1477.6,22.0,1527.1,4.0,,
/player/slama-df1d6/,Slama M.,1574.1,19,1577.9,11.0,1589.4,5.0,,,1436.9,3.0
/player/hrabavets-9c148/,Hrabavets U.,1574.0,22,1659.2,18.0,1438.1,4.0,,,,
/player/oliver-sanchez/,Oliver Sanchez M.,1574.0,43,1637.3,36.0,1433.5,7.0,,,,
/player/alhussein-abdel-aziz/,Alhussein Abdel Aziz L.,1573.9,30,1747.8,19.0,1388.4,5.0,1517.3,2.0,,
/player/havlicek-6584a/,Havlicek M.,1573.9,3,,,,,,,,
/player/schuknecht/,Schuknecht L.,1573.8,27,,,1475.3,11.0,,,,
/player/brown-09e37/,Brown J.,1573.7,24,1605.4,8.0,1600.6,13.0,,,1454.0,3.0
/player/de-visser-669bf/,De Visser S.,1573.6,23,1578.8,5.0,1506.1,2.0,1434.3,1.0,,
/player/el-sayed-b01e9/,El Sayed A.,1573.6,24,1604.0,15.0,1484.0,2.0,1516.9,2.0,,
/player/gasimov/,Gasimov K.,1573.5,14,1457.3,1.0,1527.5,2.0,1565.7,1.0,,
/player/assi-c4c7d/,Assi B.,1573.5,3,,,,,,,,
/player/zanolini/,Zanolini C.,1573.4,29,1702.2,12.0,1536.7,17.0,,,,
/player/cotton/,Cotton W.,1573.3,8,,,1553.4,1.0,1434.3,1.0,,
/player/shapatava/,Shapatava S.,1573.3,38,1367.4,3.0,1564.2,30.0,,,1504.6,2.0
/player/ivankovic-716fa/,Ivankovic I.,1573.2,5,,,1546.3,5.0,,,,
/player/frydrych/,Frydrych V.,1573.1,35,1467.1,9.0,1567.3,20.0,,,,
/player/rencheli-7a759/,Rencheli A.,1573.1,15,1458.0,5.0,1466.7,7.0,,,,
/player/estevez-4ab72/,Estevez J.,1573.1,38,1519.7,6.0,1514.6,27.0,1686.6,5.0,,
/player/defalco/,Defalco J.,1573.1,24,1555.0,24.0,,,,,,
/player/ahti-90798/,Ahti V.,1573.0,16,1616.3,7.0,1438.0,7.0,,,,
/player/de-silva-6666d/,De Silva D.,1573.0,5,,,,,,,,
/player/knezevic-ea1c0/,Knezevic M.,1572.9,28,,,1565.2,19.0,1565.7,1.0,,
/player/mehra-a2492/,Mehra R.,1572.9,15,1515.6,4.0,1600.1,8.0,1493.2,2.0,,
/player/da-silva-fick/,Da Silva Fick G.,1572.9,32,1580.1,22.0,1470.3,10.0,,,,
/player/casanova-f9583/,Casanova A.,1572.9,18,1633.1,5.0,1417.1,8.0,1626.7,2.0,,
/player/teunissen/,Teunissen L.,1572.8,16,1539.0,9.0,1561.2,5.0,,,,
/player/brockett-a1ea3/,Brockett S.,1572.7,7,1480.6,2.0,1515.7,2.0,1434.3,1.0,,
/player/bao-5c1fa/,Bao D.,1572.7,15,,,,,,,,
/player/schell/,Schell N.,1572.7,33,1479.2,9.0,1541.0,24.0,,,,
/player/skvortcov/,Skvortcov P.,1572.7,9,1547.5,2.0,1528.2,6.0,,,,
/player/canter/,Canter A.,1572.6,8,1434.3,1.0,1507.1,5.0,,,,
/player/windsor-bec90/,Windsor B.,1572.6,5,,,,,,,,
/player/casey-4e324/,Casey G.,1572.6,1,,,,,,,,
/player/tverijonaite/,Tverijonaite E.,1572.5,8,1443.9,1.0,1640.1,7.0,,,,
/player/kralus/,Kralus L.,1572.5,9,1594.0,9.0,,,,,,
/player/almasi-82c71/,Almasi A.,1572.5,13,1434.3,1.0,1444.8,1.0,,,,
/player/vujic-e8fca/,Vujic S.,1572.4,28,1541.8,12.0,1516.1,16.0,,,,
/player/catini-a5da6/,Catini N.,1572.4,19,1506.7,5.0,1486.1,11.0,1569.3,3.0,,
/player/machac/,Machac T.,1572.3,19,1439.8,8.0,1608.3,11.0,,,,
/player/krejcova-03a1d/,Krejcova T.,1572.3,9,1562.7,5.0,1499.1,4.0,,,,
/player/tammaro/,Tammaro M.,1572.1,10,1468.1,5.0,1614.3,4.0,,,,
/player/ribero-096ef/,Ribero F.,1572.1,36,1525.1,4.0,1521.7,28.0,,,,
/player/vagramov/,Vagramov A.,1572.1,30,1580.4,26.0,1326.1,4.0,,,,
/player/mihalka/,Mihalka A.,1572.0,9,,,1564.6,9.0,,,,
/player/uchijima/,Uchijima M.,1572.0,30,1519.4,11.0,1500.6,14.0,1434.3,1.0,1593.5,3.0
/player/lim-a40f3/,Lim S.,1572.0,6,1578.3,6.0,,,,,,
/player/lopez-alcaraz/,Lopez Alcaraz E.,1571.9,37,1497.5,17.0,1655.4,20.0,,,,
/player/rocha-1d2ba/,Rocha L.,1571.9,22,,,1551.5,7.0,,,,
/player/guzauskas/,Guzauskas G.,1571.8,24,1384.7,2.0,1536.4,17.0,1615.3,2.0,,
/player/turker/,Turker M.,1571.8,34,1498.9,13.0,1579.5,21.0,,,,
/player/mulville-70dbb/,Mulville V.,1571.8,15,1539.1,12.0,,,,,1549.3,3.0
/player/cundom/,Cundom J.,1571.8,32,1471.1,6.0,1531.1,19.0,1504.6,2.0,,
/player/gomez-4695b/,Gomez C.,1571.7,16,1555.8,15.0,,,,,1434.3,1.0
/player/sanjay-mohanty/,Sanjay Mohanty S.,1571.5,6,1586.9,6.0,,,,,,
/player/kolninov/,Kolninov O.,1571.5,18,1555.7,5.0,1577.5,11.0,,,,
/player/christodoulou-049a3/,Christodoulou S.,1571.2,6,,,,,,,,
/player/berkieta/,Berkieta T.,1571.2,27,1596.7,6.0,1499.9,20.0,1434.3,1.0,,
/player/beraldo-5e636/,Beraldo L.,1571.0,32,1566.0,11.0,1508.4,17.0,,,,
/player/burguete-beltran/,Burguete Beltran A.,1571.0,11,1434.3,1.0,1583.4,10.0,,,,
/player/cruz-afbff/,Cruz C.,1571.0,13,1434.3,1.0,1496.6,2.0,1565.7,1.0,,
/player/bulgaru/,Bulgaru M.,1571.0,28,,,1553.5,28.0,,,,
/player/barreto-sanchez/,Barreto Sanchez D.,1570.9,5,,,1434.3,1.0,,,,
/player/bachour/,Bachour L.,1570.9,4,,,,,,,,
/player/jorgensen-e5034/,Jorgensen S.,1570.9,19,1484.0,6.0,1557.7,10.0,,,,
/player/baierl-7ad2e/,Baierl C.,1570.8,4,,,,,,,,
/player/giraldi-29777/,Giraldi C.,1570.7,63,1571.0,20.0,1602.5,32.0,1626.7,2.0,,
/player/watanuki-223ad/,Watanuki Y.,1570.7,15,1565.2,10.0,1359.3,3.0,,,1506.8,2.0
/player/molla-pons/,Molla Pons E.,1570.6,12,,,1570.1,12.0,,,,
/player/myslivec/,Myslivec S.,1570.5,5,,,,,,,,
/player/mert-1a3c1/,Mert A.,1570.5,7,1574.1,7.0,,,,,,
/player/miskovic-1031d/,Miskovic D.,1570.5,13,,,1542.7,11.0,,,,
/player/djokic-9c317/,Djokic A.,1570.5,32,,,1466.0,17.0,,,,
/player/helgo/,Helgo M.,1570.5,9,1561.6,3.0,1655.9,3.0,,,,
/player/bowman-887d5/,Bowman A.,1570.5,6,,,,,,,,
/player/augusto-dos-santos/,Augusto Dos Santos R.,1570.4,25,1613.7,7.0,1558.2,14.0,,,,
/player/cinalli/,Cinalli L.,1570.4,30,1489.8,2.0,1588.4,26.0,,,1530.1,2.0
/player/brand-ab387/,Brand D.,1570.4,9,1450.1,3.0,1623.0,6.0,,,,
/player/missoum/,Missoum A.,1570.4,2,,,1511.3,2.0,,,,
/player/tang-0fdcf/,Tang X.,1570.4,20,1586.2,20.0,,,,,,
/player/mackinlay/,Mackinlay J.,1570.2,7,,,,,1406.9,1.0,,
/player/ward-fb35f/,Ward R.,1570.2,7,1469.0,5.0,,,,,,
/player/o-brien-cb8ff/,O'Brien I.,1570.2,4,,,,,,,,
/player/campese/,Campese C.,1570.1,15,1504.6,2.0,1739.6,9.0,,,,
/player/gay-450ef/,Gay C.,1570.1,15,1569.4,7.0,1579.0,8.0,,,,
/player/luz-2f442/,Luz O.,1570.0,5,,,1563.2,4.0,1434.3,1.0,,
/player/falabella/,Falabella L.,1570.0,15,1435.1,1.0,1433.6,3.0,,,,
/player/liu-24fa7/,Liu L.,1569.9,10,1578.3,8.0,1501.2,2.0,,,,
/player/pabisiak-62ae3/,Pabisiak J.,1569.8,9,1655.6,5.0,1453.4,4.0,,,,
/player/faurel-53b9f/,Faurel T.,1569.8,39,1548.9,2.0,1521.4,35.0,,,1495.2,2.0
/player/jozwicki/,Jozwicki P.,1569.5,22,1555.1,8.0,1476.0,11.0,,,,
/player/niederle/,Niederle P.,1569.5,6,1488.6,2.0,1627.8,2.0,,,,
/player/rushiti/,Rushiti A.,1569.3,3,1569.3,3.0,,,,,,
/player/raidt-e1d2e/,Raidt C.,1569.3,4,,,,,,,,
/player/satterfield/,Satterfield J.,1569.3,12,1535.8,2.0,1533.4,10.0,,,,
/player/fomba-7be02/,Fomba L.,1569.3,19,1630.7,7.0,1495.5,12.0,,,,
/player/gengel/,Gengel M.,1569.2,26,1621.8,15.0,1542.8,10.0,,,1434.3,1.0
/player/slavikova/,Slavikova E.,1569.2,34,1569.5,9.0,1642.0,22.0,,,,
/player/ogunwale/,Ogunwale J.,1569.1,10,1428.2,5.0,,,,,,
/player/chiang-6842e/,Chiang Y.,1569.1,4,1565.9,4.0,,,,,,
/player/barbulescu-5ac54/,Barbulescu S.,1569.0,8,,,1582.7,8.0,,,,
/player/shin-09158/,Shin M.,1569.0,26,1554.8,2.0,1513.5,22.0,,,,
/player/schoeman-a627d/,Schoeman M.,1569.0,29,1559.6,13.0,1597.5,4.0,,,,
/player/kandil-ecbb3/,Kandil O.,1568.9,14,1500.1,4.0,1630.2,7.0,,,,
/player/kitahara/,Kitahara Y.,1568.9,36,1537.1,34.0,,,,,1515.8,2.0
/player/king-3e7a3/,King L.,1568.9,21,1379.7,13.0,,,,,,
/player/urankar/,Urankar V.,1568.9,23,1393.3,4.0,1590.0,14.0,,,,
/player/loizas/,Loizas A.,1568.9,20,,,1529.7,5.0,,,,
/player/varela-herrera-52065/,Varela Herrera N.,1568.8,3,1560.5,3.0,,,,,,
/player/lebeda/,Lebeda G.,1568.7,6,,,1568.5,6.0,,,,
/player/pohle/,Pohle V.,1568.6,36,1540.4,3.0,1552.7,33.0,,,,
/player/kozlovsky/,Kozlovsky M.,1568.5,39,1472.6,10.0,1556.7,16.0,,,,
/player/hull-55e46/,Hull L.,1568.4,19,1657.8,3.0,1444.0,4.0,,,,
/player/kanduth/,Kanduth S.,1568.4,9,,,1578.3,9.0,,,,
/player/chodora/,Chodora R.,1568.4,22,,,1389.7,2.0,,,,
/player/rabman/,Rabman T.,1568.4,12,1575.6,6.0,,,,,1554.7,6.0
/player/hoffmann-3c39c/,Hoffmann M.,1568.3,8,1618.0,2.0,1479.4,5.0,,,,
/player/damaskova/,Damaskova K.,1568.3,4,,,,,,,,
/player/perez-c33e6/,Perez B.,1568.3,7,1666.0,6.0,1434.3,1.0,,,,
/player/john-baptiste/,John-Baptiste L.,1568.2,16,1587.2,16.0,,,,,,
/player/rocha-a46b1/,Rocha F.,1568.1,35,1499.1,10.0,1497.8,25.0,,,,
/player/kasatkina/,Kasatkina D.,1568.1,31,1423.5,8.0,1739.7,16.0,1451.1,6.0,1434.3,1.0
/player/loutit/,Loutit J.,1568.0,3,,,,,1565.7,1.0,,
/player/maltsev-70720/,Maltsev I.,1568.0,3,1480.5,2.0,,,,,,
/player/garcia-paez-5b1a8/,Garcia Paez L.,1567.9,30,1520.5,4.0,1502.7,22.0,1626.7,2.0,,
/player/mueller-e26d8/,Mueller C.,1567.9,36,1599.7,7.0,1505.9,28.0,1434.3,1.0,,
/player/battiston/,Battiston A.,1567.9,23,1454.3,3.0,1544.5,17.0,1434.3,1.0,,
/player/sarksian/,Sarksian D.,1567.9,31,1580.0,9.0,1524.8,21.0,1434.3,1.0,,
/player/karakas/,Karakas K.,1567.9,3,,,1527.5,2.0,,,,
/player/russell-2df91/,Russell T.,1567.8,9,1567.0,9.0,,,,,,
/player/longueville/,Longueville R.,1567.8,35,,,1555.7,31.0,,,,
/player/coats-bf3be/,Coats T.,1567.8,9,,,,,,,,
/player/kozakova-0def9/,Kozakova K.,1567.8,11,,,1565.8,11.0,,,,
/player/adesoro/,Adesoro A.,1567.6,19,,,1493.2,2.0,,,,
/player/de-micco-padula/,De Micco Padula I.,1567.5,14,1583.2,14.0,,,,,,
/player/romeo-75564/,Romeo F.,1567.5,32,1398.5,6.0,1352.3,3.0,1565.7,1.0,,
/player/trklja/,Trklja N.,1567.5,7,,,1489.2,2.0,,,,
/player/harnoth-manrubia/,Harnoth Manrubia L.,1567.5,18,1582.4,2.0,1385.2,11.0,,,,
/player/matushkina/,Matushkina K.,1567.4,17,1464.4,5.0,1553.8,3.0,,,1503.9,6.0
/player/hanatani-15398/,Hanatani N.,1567.3,43,1561.2,35.0,1486.3,5.0,,,1549.3,3.0
/player/minasyan-c0923/,Minasyan M.,1567.3,15,1635.9,2.0,1537.4,6.0,1493.2,2.0,,
/player/lima-sanches/,Lima Sanches D.,1567.2,9,1539.7,3.0,1519.1,4.0,,,,
/player/delgadillo-1fe54/,Delgadillo A.,1567.1,3,1437.4,1.0,1620.1,2.0,,,,
/player/lee-432d6/,Lee J.,1567.1,6,,,,,,,,
/player/de-jager-e07b9/,De Jager J.,1567.1,20,1576.2,4.0,1541.1,9.0,1565.7,1.0,,
/player/sandberg-12e74/,Sandberg V.,1567.0,19,,,1616.5,9.0,,,,
/player/djosic/,Djosic N.,1567.0,17,1354.4,3.0,1665.4,13.0,1434.3,1.0,,
/player/varaksina/,Varaksina A.,1566.9,16,1581.3,14.0,,,,,1406.0,2.0
/player/bowers-fb3f6/,Bowers T.,1566.9,21,1560.9,6.0,1380.8,6.0,1565.7,1.0,,
/player/regas-luis/,Regas Luis N.,1566.9,28,1393.7,2.0,1621.2,20.0,1434.3,1.0,,
/player/fossa-huergo/,Fossa Huergo N.,1566.9,3,,,1579.5,3.0,,,,
/player/halisdemir/,Halisdemir D.,1566.9,5,,,1554.6,5.0,,,,
/player/rinderknech/,Rinderknech A.,1566.8,30,1556.7,6.0,1544.3,17.0,1525.3,5.0,,
/player/djonov/,Djonov C.,1566.8,33,1483.4,9.0,1532.8,20.0,,,,
/player/tikhonova/,Tikhonova A.,1566.8,39,1519.6,11.0,1469.6,24.0,1623.6,4.0,,
/player/hernandez-ramirez/,Hernandez Ramirez S.,1566.7,11,1707.2,7.0,1405.5,4.0,,,,
/player/polakova/,Polakova T.,1566.7,14,,,1445.7,3.0,,,,
/player/neilson-gatenby/,Neilson Gatenby T.,1566.6,9,1584.6,9.0,,,,,,
/player/uchijima-39346/,Uchijima M.,1566.6,31,1577.1,30.0,,,,,1434.3,1.0
/player/de-armas-05da0/,De Armas I.,1566.4,7,1550.7,3.0,1586.0,3.0,,,,
/player/combs/,Combs E.,1566.4,12,1489.7,5.0,1653.4,7.0,,,,
/player/fontenel/,Fontenel C.,1566.3,38,1612.1,32.0,1455.9,6.0,,,,
/player/yevseyev/,Yevseyev D.,1566.3,37,1571.3,7.0,1497.3,30.0,,,,
/player/ravasio/,Ravasio G.,1566.1,35,1474.3,7.0,1568.6,19.0,1578.0,4.0,,
/player/gretskiy/,Gretskiy I.,1566.1,37,1468.9,8.0,1512.3,24.0,,,,
/player/kossler/,Kossler B.,1566.0,4,,,1563.8,4.0,,,,
/player/bueno-e199e/,Bueno H.,1566.0,12,1535.6,2.0,1564.9,10.0,,,,
/player/pavlyuchenkova/,Pavlyuchenkova A.,1566.0,3,,,1567.0,3.0,,,,
/player/wu-4a894/,Wu H.,1566.0,14,1570.3,10.0,,,,,1474.9,4.0
/player/zivkovic-7e193/,Zivkovic S.,1566.0,5,1615.6,2.0,1524.4,2.0,,,,
/player/chen-ed001/,Chen Y.,1565.9,7,1525.9,7.0,,,,,,
/player/yuldasheva-2a083/,Yuldasheva S.,1565.9,35,1622.8,7.0,1518.0,22.0,,,1434.3,1.0
/player/szerencsits/,Szerencsits B.,1565.9,31,1425.9,7.0,1553.4,16.0,,,,
/player/krishnakumar/,Krishnakumar Y.,1565.8,9,,,,,,,,
/player/chisongo-ef4f5/,Chisongo I.,1565.7,1,,,,,,,,
/player/sutjiadi/,Sutjiadi A.,1565.7,1,,,,,,,,
/player/mohammed-305ea/,Mohammed K.,1565.7,1,,,,,,,,
/player/samir/,Samir S.,1565.7,38,1665.4,22.0,1335.1,12.0,1515.2,2.0,,
/player/hodson/,Hodson A.,1565.7,1,1565.7,1.0,,,,,,
/player/lee-3908c/,Lee Y.,1565.7,12,1579.2,12.0,,,,,,
/player/sebesta/,Sebesta J.,1565.7,25,1466.7,3.0,1499.2,9.0,1626.7,2.0,,
/player/mostafa-samih/,Mostafa Samih S.,1565.7,1,1565.7,1.0,,,,,,
/player/moutama/,Moutama A.,1565.7,1,,,,,,,,
/player/pfeiffer-ff87c/,Pfeiffer A.,1565.7,1,,,1565.7,1.0,,,,
/player/newborn/,Newborn R.,1565.7,1,,,1565.7,1.0,,,,
/player/jade-63600/,Jade W.,1565.7,1,,,,,,,,
/player/hsu-bf50f/,Hsu T.,1565.7,1,1565.7,1.0,,,,,,
/player/aleksovski-dc11a/,Aleksovski M.,1565.7,1,1565.7,1.0,,,,,,
/player/laabi/,Laabi M.,1565.7,1,,,1565.7,1.0,,,,
/player/riml/,Riml E.,1565.7,1,,,1565.7,1.0,,,,
/player/antchandie-0797f/,Antchandie R.,1565.7,1,,,,,,,,
/player/mass/,Mass F.,1565.7,1,,,1565.7,1.0,,,,
/player/schweigel/,Schweigel A.,1565.7,1,,,1565.7,1.0,,,,
/player/lopez-alcerro/,Lopez Alcerro M.,1565.7,1,,,,,,,,
/player/andriamasilalao/,Andriamasilalao L.,1565.7,1,,,,,,,,
/player/jank/,Jank K.,1565.7,1,,,1565.7,1.0,,,,
/player/solakov/,Solakov L.,1565.6,21,,,1563.2,21.0,,,,
/player/ruiperez-mendoza/,Ruiperez Mendoza C.,1565.6,3,,,1550.9,3.0,,,,
/player/rusher/,Rusher A.,1565.6,25,,,,,,,,
/player/yuan-eec8f/,Yuan Y.,1565.4,31,1571.1,12.0,1470.0,16.0,1345.7,3.0,,
/player/lepsi/,Lepsi R.,1565.3,1,,,,,,,,
/player/slocombe-940c2/,Slocombe S.,1565.3,5,1565.7,1.0,1626.7,2.0,1427.6,1.0,,
/player/makhlouf/,Makhlouf M.,1565.2,40,1441.0,9.0,1529.8,28.0,1493.2,2.0,,
/player/gurmendi/,Gurmendi A.,1565.2,11,1488.4,6.0,1556.9,3.0,,,,
/player/spencer-f46be/,Spencer K.,1565.1,8,,,,,,,,
/player/andres-pastor/,Andres Pastor Y.,1565.1,11,1423.2,2.0,1622.1,7.0,,,,
/player/bonelli-0b73a/,Bonelli E.,1565.1,12,,,1551.2,12.0,,,,
/player/furlanetto-d86b4/,Furlanetto M.,1565.0,17,1565.7,1.0,1470.2,14.0,,,,
/player/ceccon/,Ceccon R.,1565.0,2,,,1524.5,2.0,,,,
/player/huertas-del-pino-00123/,Huertas Del Pino C.,1565.0,23,1422.1,1.0,1592.7,22.0,,,,
/player/barmicheva/,Barmicheva A.,1564.9,8,1553.9,3.0,,,,,,
/player/vasa-a72b8/,Vasa I.,1564.9,35,1573.0,13.0,1532.9,19.0,,,,
/player/folkesson-doudy/,Folkesson-Doudy N.,1564.8,17,,,1434.3,1.0,,,,
/player/madarasz-31016/,Madarasz G.,1564.7,20,,,1516.0,2.0,,,,
/player/borsoi-12689/,Borsoi J.,1564.7,7,1571.7,3.0,1466.4,3.0,,,,
/player/chepik/,Chepik A.,1564.6,13,1577.7,1.0,,,,,,
/player/brain/,Brain L.,1564.6,5,,,,,,,,
/player/jang-fde1b/,Jang G.,1564.5,19,1564.2,19.0,,,,,,
/player/mcfadzean/,McFadzean L.,1564.4,16,1575.8,4.0,1463.0,11.0,,,,
/player/bougouffa/,Bougouffa H.,1564.4,25,1535.5,6.0,1544.2,14.0,,,1536.3,5.0
/player/manukyan-0f655/,Manukyan V.,1564.3,29,1479.0,3.0,1549.9,22.0,,,,
/player/molinaro/,Molinaro E.,1564.3,3,,,,,,,,
/player/iakubenko/,Iakubenko V.,1564.3,23,1351.7,6.0,1640.9,12.0,1538.3,2.0,,
/player/shin-79862/,Shin J.,1564.2,21,1559.9,15.0,1549.3,3.0,,,1574.7,3.0
/player/zancheta/,Zancheta L.,1564.2,7,,,1550.1,7.0,,,,
/player/garcia-fernandez-e9161/,Garcia Fernandez A.,1564.1,3,,,1559.2,3.0,,,,
/player/sibanda-59da4/,Sibanda M.,1564.1,10,1578.3,1.0,1508.2,8.0,,,,
/player/alimli/,Alimli M.,1564.0,18,1448.9,3.0,1495.9,4.0,1434.3,1.0,,
/player/dullinger/,Dullinger V.,1564.0,40,1455.5,6.0,1515.0,27.0,1626.7,2.0,,
/player/belday/,Belday R.,1564.0,3,,,1551.2,3.0,,,,
/player/starastsenka/,Starastsenka K.,1563.9,3,,,,,,,,
/player/ugo-carabelli/,Ugo Carabelli C.,1563.8,28,1448.7,7.0,1618.1,20.0,1447.8,1.0,,
/player/baranovska/,Baranovska A.,1563.8,5,,,,,,,,
/player/redondo-pereira-5e35e/,Redondo Pereira S.,1563.8,5,,,,,,,,
/player/agarwal-20f6f/,Agarwal M.,1563.8,3,1561.3,3.0,,,,,,
/player/rakhmatullayev/,Rakhmatullayev D.,1563.7,9,1513.8,2.0,1404.4,2.0,,,,
/player/yesayan/,Yesayan A.,1563.7,5,,,1562.7,5.0,,,,
/player/maratuly/,Maratuly I.,1563.6,5,1437.3,1.0,1443.3,1.0,,,,
/player/hosoki-4e591/,Hosoki Y.,1563.6,36,1582.4,31.0,,,,,1435.3,5.0
/player/palomar-castello/,Palomar Castello H.,1563.5,14,1564.3,14.0,,,,,,
/player/hidalgo-5a6c9/,Hidalgo G.,1563.5,3,,,,,,,,
/player/amadike/,Amadike C.,1563.4,20,1553.3,5.0,1570.4,12.0,,,,
/player/kaserer/,Kaserer M.,1563.3,19,1468.2,5.0,1707.0,10.0,,,,
/player/center/,Center O.,1563.3,13,1595.2,9.0,,,,,,
/player/badia/,Badia L.,1563.2,13,1549.1,8.0,1577.1,5.0,,,,
/player/sun-adc7d/,Sun T.,1563.2,5,1567.9,5.0,,,,,,
/player/moll/,Moll A.,1563.2,6,,,,,,,,
/player/aleen-qamar/,Aleen Qamar F.,1563.1,8,,,1538.7,8.0,,,,
/player/katuch/,Katuch J.,1563.1,4,,,,,,,,
/player/rudiukova/,Rudiukova N.,1563.0,18,1561.2,14.0,1598.2,4.0,,,,
/player/moskowitz/,Moskowitz D.,1563.0,5,,,1551.9,1.0,1626.7,2.0,,
/player/eerola-9052e/,Eerola O.,1563.0,7,,,1539.7,6.0,,,,
/player/blanco-bdc8a/,Blanco A.,1562.9,1,,,,,,,,
/player/santos-gava/,Santos Gava K.,1562.9,10,1565.7,1.0,1474.9,8.0,,,,
/player/coulibaly-c3af9/,Coulibaly S.,1562.9,11,1573.2,11.0,,,,,,
/player/nakajima-8d782/,Nakajima K.,1562.8,32,1564.3,7.0,1514.3,17.0,1434.3,1.0,,
/player/fujisaki/,Fujisaki K.,1562.7,6,1453.5,1.0,1631.9,5.0,,,,
/player/khotchenkov/,Khotchenkov E.,1562.6,28,1564.3,7.0,1584.3,17.0,1435.2,1.0,,
/player/udvardy/,Udvardy P.,1562.6,40,1448.7,10.0,1723.0,25.0,1373.9,5.0,,
/player/trufelli/,Trufelli T.,1562.5,36,1476.4,11.0,1565.6,21.0,1434.3,1.0,,
/player/keremedchiev-27de8/,Keremedchiev N.,1562.5,22,1548.5,3.0,1547.8,3.0,,,,
/player/zamarripa-ab6bb/,Zamarripa A.,1562.5,13,1538.1,5.0,1552.1,8.0,,,,
/player/kostina/,Kostina A.,1562.4,7,,,1537.9,7.0,,,,
/player/bertimon-afa6d/,Bertimon M.,1562.3,28,1513.8,11.0,1473.4,17.0,,,,
/player/sodan/,Sodan I.,1562.3,5,,,,,,,,
/player/andre-ba2d1/,Andre S.,1562.3,32,1519.9,7.0,1517.6,16.0,,,,
/player/garin/,Garin C.,1562.2,19,1646.3,2.0,1460.8,16.0,,,,
/player/george-bfca6/,George B.,1562.1,28,1485.0,13.0,1492.0,14.0,1434.3,1.0,,
/player/carballes-baena/,Carballes Baena R.,1562.1,28,1455.8,1.0,1571.9,25.0,1476.6,2.0,,
/player/cai-75406/,Cai J.,1562.0,24,1592.1,20.0,1441.0,1.0,,,1465.3,3.0
/player/cervos-noguer/,Cervos Noguer E.,1561.9,5,,,,,,,,
/player/baadi/,Baadi T.,1561.9,3,1577.9,1.0,1493.2,2.0,,,,
/player/carpico/,Carpico B.,1561.8,3,,,1470.6,1.0,,,,
/player/trochu/,Trochu P.,1561.7,6,1504.6,2.0,1406.6,2.0,,,,
/player/kouame-d4969/,Kouame M.,1561.7,25,1567.6,16.0,1423.1,9.0,,,,
/player/paun-27385/,Paun G.,1561.7,13,,,1523.6,13.0,,,,
/player/schinteie-f25b4/,Schinteie G.,1561.7,36,1352.5,6.0,1603.8,19.0,1504.6,2.0,,
/player/sroka-e92e0/,Sroka M.,1561.4,7,1369.6,2.0,1609.1,4.0,,,,
/player/kovacevic-59088/,Kovacevic E.,1561.3,7,,,1502.3,6.0,,,,
/player/tsybulska/,Tsybulska T.,1561.2,9,1544.4,4.0,1523.9,5.0,,,,
/player/colby/,Colby R.,1561.2,25,1521.0,7.0,1545.6,15.0,1494.4,2.0,1434.3,1.0
/player/schoppe/,Schoppe E.,1561.2,12,1509.9,4.0,1587.1,8.0,,,,
/player/guerra-f3171/,Guerra B.,1561.1,18,1613.5,10.0,1463.7,8.0,,,,
/player/singh-24cc8/,Singh S.,1561.1,3,1551.8,3.0,,,,,,
/player/im-841e9/,Im H.,1561.0,37,1442.4,23.0,1557.9,3.0,,,1588.9,11.0
/player/descotte/,Descotte M.,1561.0,2,,,1529.5,2.0,,,,
/player/rondinoni/,Rondinoni G.,1560.9,8,1493.2,2.0,1580.0,6.0,,,,
/player/kisantal-caf10/,Kisantal B.,1560.9,35,1532.9,7.0,1622.7,4.0,1434.3,1.0,,
/player/klasen/,Klasen A.,1560.8,9,,,1560.1,9.0,,,,
/player/van-loben-sels/,Van Loben Sels E.,1560.8,14,1403.4,2.0,1331.7,4.0,1633.4,4.0,,
/player/alhogbani-13710/,Alhogbani S.,1560.8,13,1626.7,2.0,1498.8,2.0,1565.7,1.0,,
/player/thomas-iglesias/,Thomas Iglesias L.,1560.7,15,1632.3,8.0,1497.6,7.0,,,,
/player/rao-b4b18/,Rao S.,1560.7,14,1585.0,12.0,1504.6,2.0,,,,
/player/dinits/,Dinits D.,1560.6,3,,,1532.0,3.0,,,,
/player/goldsteiner/,Goldsteiner P.,1560.6,18,,,1479.6,2.0,,,,
/player/ferrer-mateo/,Ferrer Mateo X.,1560.5,16,1544.6,1.0,1614.4,8.0,1504.6,2.0,,
/player/michocki/,Michocki P.,1560.5,11,1374.5,2.0,1705.6,4.0,,,,
/player/takahashi-aebfd/,Takahashi Y.,1560.5,36,1498.5,25.0,1599.5,10.0,1450.7,1.0,,
/player/patru/,Patru A.,1560.5,8,,,1554.2,8.0,,,,
/player/takamisawa/,Takamisawa T.,1560.4,24,1663.4,8.0,1530.3,10.0,1504.6,2.0,,
/player/bakker-19724/,Bakker S.,1560.4,6,,,1571.0,6.0,,,,
/player/alvarez-sande/,Alvarez Sande E.,1560.4,13,1508.9,8.0,1585.4,5.0,,,,
/player/arseneault/,Arseneault A.,1560.4,38,1527.2,36.0,,,1520.8,2.0,,
/player/polonskiy/,Polonskiy I.,1560.3,4,1434.3,1.0,1613.9,2.0,,,,
/player/zurek-7d0d9/,Zurek M.,1560.2,1,,,,,,,,
/player/nishioka/,Nishioka Y.,1560.2,2,1508.0,2.0,,,,,,
/player/novakova-0c52f/,Novakova E.,1560.2,5,,,,,,,,
/player/vavassori/,Vavassori A.,1560.1,3,,,1559.7,3.0,,,,
/player/azar-52385/,Azar B.,1560.1,2,,,1528.8,2.0,,,,
/player/zhu-3c8d6/,Zhu A.,1559.9,19,1569.4,14.0,1439.7,5.0,,,,
/player/dembo/,Dembo J.,1559.9,30,1489.5,5.0,1599.1,12.0,,,,
/player/lansere/,Lansere S.,1559.9,39,1707.6,16.0,1463.7,22.0,,,1434.3,1.0
/player/civera-martinez/,Civera Martinez A.,1559.8,5,1621.4,2.0,1378.0,2.0,,,,
/player/kawaguchi/,Kawaguchi N.,1559.8,25,1495.6,22.0,,,,,1597.6,3.0
/player/mattel/,Mattel M.,1559.6,14,1539.5,3.0,1550.5,10.0,,,1434.3,1.0
/player/krishna-30455/,Krishna R.,1559.5,17,1573.5,3.0,1524.4,5.0,,,,
/player/mireles-67206/,Mireles E.,1559.5,8,,,,,,,1454.1,1.0
/player/ruan-f4f5e/,Ruan Z.,1559.5,26,1558.2,18.0,1525.4,8.0,,,,
/player/nagaraj-0a493/,Nagaraj H.,1559.3,18,1525.9,14.0,1596.6,4.0,,,,
/player/fulgenzi/,Fulgenzi B.,1559.3,5,1541.2,5.0,,,,,,
/player/khomitskaya/,Khomitskaya A.,1559.3,19,1579.8,14.0,1523.5,5.0,,,,
/player/zhang-c4288/,Zhang J.,1559.2,7,1468.5,3.0,1531.1,3.0,,,,
/player/rakotondrasoa-6a870/,Rakotondrasoa V.,1559.2,3,,,,,,,,
/player/tognolini/,Tognolini A.,1559.2,6,1544.6,1.0,1583.6,4.0,,,,
/player/plans/,Plans J.,1559.1,20,1377.2,6.0,1548.8,13.0,1434.3,1.0,,
/player/walkow-6849e/,Walkow S.,1559.1,4,,,1548.2,4.0,,,,
/player/ratziu/,Ratziu N.,1559.1,11,1565.7,1.0,1415.0,7.0,1626.7,2.0,,
/player/portillo-ramirez/,Portillo Ramirez M.,1559.0,4,,,1558.4,4.0,,,,
/player/sulcova/,Sulcova V.,1559.0,5,,,,,,,,
/player/radulov/,Radulov I.,1559.0,34,1472.9,7.0,1651.4,22.0,1577.6,3.0,,
/player/carou/,Carou I.,1559.0,2,,,1557.7,2.0,,,,
/player/gniewkowska/,Gniewkowska O.,1558.9,29,1462.0,6.0,1533.2,23.0,,,,
/player/medvedeva-179dc/,Medvedeva M.,1558.9,32,1570.1,31.0,1437.6,1.0,,,,
/player/okuwaki/,Okuwaki R.,1558.7,6,1564.4,6.0,,,,,,
/player/zyryanova/,Zyryanova A.,1558.7,8,,,,,,,,
/player/lopez-0c14b/,Lopez P.,1558.7,32,1581.3,11.0,1495.7,21.0,,,,
/player/lee-fad80/,Lee M.,1558.6,3,,,,,,,,
/player/comesana-c17e0/,Comesana F.,1558.5,30,1397.8,5.0,1615.1,24.0,1434.3,1.0,,
/player/haavisto/,Haavisto E.,1558.5,22,1561.6,6.0,1539.0,13.0,,,,
/player/nortey-0c11d/,Nortey I.,1558.5,15,1517.6,4.0,1559.5,8.0,,,,
/player/castillo-meza/,Castillo Meza M.,1558.4,30,1530.5,16.0,1502.6,8.0,,,,
/player/moreno-778be/,Moreno A.,1558.4,21,1553.6,3.0,1434.8,6.0,1434.3,1.0,,
/player/skeene/,Skeene S.,1558.3,5,,,,,,,,
/player/hazawa-9e391/,Hazawa S.,1558.3,32,1483.5,10.0,1563.8,21.0,1434.3,1.0,,
/player/stanke/,Stanke C.,1558.2,22,1561.8,8.0,1532.1,6.0,,,,
/player/semenistaja-6abe4/,Semenistaja M.,1558.2,12,1559.9,10.0,1544.2,2.0,,,,
/player/aguiar-johansson/,Aguiar Johansson D.,1558.2,4,1590.3,3.0,1453.7,1.0,,,,
/player/parks-bcd85/,Parks A.,1558.2,39,1483.8,14.0,1600.4,18.0,1376.6,5.0,1510.4,2.0
/player/schenekenberg/,Schenekenberg G.,1558.2,29,1578.4,8.0,1500.5,19.0,,,,
/player/zhou-6cf7f/,Zhou Z.,1558.0,17,1559.6,17.0,,,,,,
/player/pedrico-kravtsov/,Pedrico Kravtsov A.,1557.9,12,1443.1,3.0,1370.8,5.0,1493.2,2.0,,
/player/vojcinakova/,Vojcinakova I.,1557.9,38,,,1523.8,28.0,,,,
/player/jeran/,Jeran A.,1557.8,27,1644.4,7.0,1454.6,17.0,1572.4,3.0,,
/player/elistratov/,Elistratov E.,1557.8,3,1565.7,1.0,,,,,,
/player/squarcialupi/,Squarcialupi G.,1557.6,8,1489.9,2.0,,,,,,
/player/kessler-09366/,Kessler M.,1557.6,24,1424.8,5.0,1569.1,12.0,1507.9,7.0,,
/player/yang-ace75/,Yang Z.,1557.5,40,1477.4,9.0,1601.8,21.0,1565.7,1.0,,
/player/mundhe/,Mundhe P.,1557.5,7,1549.1,5.0,1504.6,2.0,,,,
/player/adascalitei/,Adascalitei A.,1557.5,5,,,1550.9,5.0,,,,
/player/seres/,Seres F.,1557.5,8,1559.9,3.0,1537.3,5.0,,,,
/player/danilova-6f8a4/,Danilova O.,1557.5,29,1556.1,20.0,1549.3,2.0,1572.7,5.0,,
/player/goldammer/,Goldammer T.,1557.4,19,1565.7,1.0,1445.5,5.0,,,,
/player/pares-bergnes-de-las-casas/,Pares Bergnes de las Casas M.,1557.3,12,1590.7,7.0,1514.6,5.0,,,,
/player/micic-2eaa8/,Micic E.,1557.2,39,1501.9,39.0,,,,,,
/player/martellenghi/,Martellenghi E.,1557.1,5,1575.1,3.0,1482.6,2.0,,,,
/player/you-fe146/,You X.,1557.1,27,1632.2,18.0,1385.7,7.0,1434.3,1.0,1434.3,1.0
/player/driscoll-c384a/,Driscoll C.,1557.1,9,1575.2,8.0,,,,,1434.3,1.0
/player/faragcao/,Faragcao A.,1557.1,17,1469.5,3.0,1646.1,13.0,,,,
/player/figl/,Figl M.,1557.0,37,1505.1,13.0,1445.0,22.0,,,,
/player/cunha-cc931/,Cunha V.,1557.0,20,1466.5,5.0,1567.7,11.0,,,,
/player/van-weldam/,Van Weldam S.,1557.0,26,1500.9,7.0,1552.1,7.0,,,,
/player/zhukayev/,Zhukayev B.,1557.0,17,1481.5,9.0,1637.7,8.0,,,,
/player/pankin/,Pankin S.,1557.0,44,1462.4,24.0,1737.8,18.0,1516.5,2.0,,
/player/alopaeus-90a83/,Alopaeus F.,1556.9,11,1457.4,1.0,1439.1,4.0,,,,
/player/liu-94f42/,Liu S.,1556.8,39,1429.0,11.0,1514.7,24.0,1434.3,1.0,,
/player/pieczkowski/,Pieczkowski O.,1556.8,9,1348.7,5.0,1631.7,4.0,,,,
/player/wang-6769b/,Wang X.,1556.6,6,1466.6,5.0,1565.7,1.0,,,,
/player/baltensperger/,Baltensperger R.,1556.6,5,,,1553.3,5.0,,,,
/player/lima-eba65/,Lima E.,1556.5,28,1485.8,8.0,1527.0,18.0,1434.3,1.0,,
/player/liu-a6123/,Liu Y.,1556.4,20,1556.0,16.0,1434.3,1.0,,,1473.2,3.0
/player/cirstea-65bec/,Cirstea J.,1556.3,16,,,1545.7,16.0,,,,
/player/carroll-7b573/,Carroll M.,1556.3,16,1575.4,6.0,1476.1,8.0,,,,
/player/papagno/,Papagno S.,1556.3,14,1532.5,5.0,1537.4,9.0,,,,
/player/allaye-chan/,Allaye-Chan C.,1556.2,3,,,,,,,,
/player/qabazard/,Qabazard E.,1556.2,26,1575.4,3.0,1539.2,13.0,1504.6,2.0,,
/player/church/,Church C.,1556.2,10,1489.8,3.0,1565.7,1.0,,,,
/player/delgado-76130/,Delgado A.,1556.2,6,1426.7,1.0,,,,,,
/player/ge/,Ge L.,1556.1,13,1563.2,13.0,,,,,,
/player/trione/,Trione R.,1556.1,4,,,1465.3,1.0,,,,
/player/zhang-5b163/,Zhang Y.,1555.9,19,1556.3,15.0,1463.6,1.0,,,1529.1,3.0
/player/fouhety/,Fouhety C.,1555.9,3,,,,,,,,
/player/hodgson-ee35b/,Hodgson I.,1555.9,1,,,,,,,,
/player/albuquerque-dietrich/,Albuquerque Dietrich P.,1555.9,9,1484.3,2.0,1559.6,6.0,,,,
/player/liborio/,Liborio P.,1555.9,9,1440.2,3.0,1524.9,4.0,,,,
/player/siftar/,Siftar J.,1555.9,17,1644.3,5.0,1499.7,5.0,,,,
/player/dessi/,Dessi M.,1555.7,7,,,1513.0,6.0,,,,
/player/oana/,Oana A.,1555.6,6,,,1500.8,3.0,,,,
/player/goina/,Goina P.,1555.6,49,1463.5,1.0,1558.0,36.0,,,,
/player/kibue/,Kibue L.,1555.6,1,,,,,,,,
/player/gschiel-16531/,Gschiel A.,1555.5,23,1510.2,6.0,1458.2,9.0,1626.7,2.0,,
/player/de-schepper/,de Schepper K.,1555.5,21,1645.7,8.0,1403.2,10.0,,,1446.5,3.0
/player/varsalona/,Varsalona F.,1555.5,5,1564.1,3.0,1504.6,2.0,,,,
/player/kuzmenok/,Kuzmenok P.,1555.5,6,,,1554.9,5.0,1565.7,1.0,,
/player/homberg-86c0d/,Homberg M.,1555.5,18,1531.5,3.0,1510.5,15.0,,,,
/player/alvarado-berrospi/,Alvarado Berrospi A.,1555.3,17,1662.4,5.0,1546.9,5.0,1506.8,2.0,,
/player/madis/,Madis T.,1555.3,5,,,,,,,1434.3,1.0
/player/schock/,Schock K.,1555.2,4,,,,,,,,
/player/zornada/,Zornada E.,1555.2,20,1502.7,2.0,1522.6,15.0,,,1569.3,3.0
/player/otegui-8d508/,Otegui J.,1555.2,30,1512.6,4.0,1436.0,7.0,,,,
/player/kobori-937ee/,Kobori M.,1555.0,27,1607.7,20.0,1349.1,3.0,1497.0,4.0,,
/player/jovanovski-63b3e/,Jovanovski D.,1554.9,7,1531.7,2.0,1449.0,3.0,,,,
/player/johnson-e1fe4/,Johnson C.,1554.9,28,,,,,,,,
/player/blomqvist-01510/,Blomqvist C.,1554.9,27,1611.6,13.0,1424.4,13.0,,,,
/player/atayev/,Atayev R.,1554.9,3,,,,,,,,
/player/guiovanna/,Guiovanna N.,1554.9,4,1577.9,1.0,1414.1,2.0,,,,
/player/ovcharenko/,Ovcharenko E.,1554.9,22,1496.3,12.0,1574.0,9.0,1434.3,1.0,,
/player/veliz-1d575/,Veliz A.,1554.8,9,1697.3,5.0,1446.6,3.0,,,,
/player/moghimi-87b35/,Moghimi S.,1554.8,7,1434.3,1.0,,,1553.4,1.0,,
/player/wawrzkiewicz/,Wawrzkiewicz I.,1554.6,8,,,1382.8,2.0,,,,
/player/kim-35576/,Kim R.,1554.6,8,1490.5,5.0,,,,,,
/player/ivanov-1c006/,Ivanov S.,1554.6,26,1450.3,7.0,1575.2,17.0,,,,
/player/tufekci/,Tufekci C.,1554.5,12,,,1510.8,8.0,1626.7,2.0,,
/player/caldwell-4ffcb/,Caldwell S.,1554.5,21,1469.0,5.0,1543.4,9.0,,,,
/player/ito-dabf4/,Ito A.,1554.5,36,1564.0,25.0,1446.9,3.0,1343.3,6.0,1501.5,2.0
/player/rivera-b0190/,Rivera L.,1554.4,31,1515.0,8.0,1463.1,19.0,1632.0,4.0,,
/player/joseph-8f914/,Joseph C.,1554.3,5,1539.3,5.0,,,,,,
/player/nikcevic/,Nikcevic T.,1554.3,26,,,1557.8,23.0,,,,
/player/brownrigg-19c91/,Brownrigg A.,1554.2,25,1480.8,13.0,1719.3,5.0,,,,
/player/tremblay/,Tremblay D.,1554.1,31,1549.3,9.0,1491.7,14.0,1664.1,3.0,,
/player/bharadwaj-6bd75/,Bharadwaj P.,1554.0,13,,,,,,,,
/player/oxford/,Oxford E.,1553.9,4,1434.3,1.0,,,,,1569.3,3.0
/player/voaviandraina/,Voaviandraina H.,1553.9,4,,,,,,,,
/player/ray-01ab6/,Ray V.,1553.9,2,1556.5,2.0,,,,,,
/player/ferrari-4548a/,Ferrari N.,1553.9,6,,,1529.4,6.0,,,,
/player/evtimova/,Evtimova D.,1553.8,29,1468.2,1.0,1335.8,12.0,,,,
/player/zanada/,Zanada E.,1553.8,28,1641.0,8.0,1511.7,14.0,,,,
/player/verrue/,Verrue D.,1553.7,5,1434.3,1.0,1434.3,1.0,1565.7,1.0,,
/player/brunkel/,Brunkel L.,1553.7,8,,,1533.9,8.0,,,,
/player/petrasova/,Petrasova D.,1553.6,4,,,1550.9,4.0,,,,
/player/levin-29165/,Levin V.,1553.6,5,,,1530.0,5.0,,,,
/player/thurner-76329/,Thurner N.,1553.5,26,1606.5,6.0,1465.2,16.0,,,,
/player/hujo/,Hujo O.,1553.5,27,,,,,,,,
/player/samardzic-3ee49/,Samardzic A.,1553.5,21,1522.6,13.0,1528.6,6.0,1504.6,2.0,,
/player/habib/,Habib H.,1553.4,2,1455.7,1.0,1584.8,1.0,,,,
/player/mathys-0b975/,Mathys T.,1553.4,1,,,1553.4,1.0,,,,
/player/hoschek/,Hoschek V.,1553.4,1,,,1553.4,1.0,,,,
/player/pawlak/,Pawlak P.,1553.4,5,1577.9,1.0,1564.0,3.0,,,,
/player/tesgaye-tefera/,Tesgaye Tefera A.,1553.4,1,,,,,,,,
/player/marobela-becd3/,Marobela B.,1553.4,1,,,,,,,,
/player/berto/,Berto L.,1553.4,32,1372.0,5.0,1530.1,22.0,1626.7,2.0,,
/player/ret/,Ret A.,1553.4,4,1565.7,1.0,1602.9,2.0,,,,
/player/rakotomanga-rajaonah/,Rakotomanga Rajaonah T.,1553.3,15,,,1521.4,12.0,1491.1,2.0,,
/player/oluwadare/,Oluwadare H.,1553.2,6,,,,,,,1504.6,2.0
/player/atia/,Atia M.,1553.1,3,1554.3,3.0,,,,,,
/player/rune/,Rune H.,1552.9,4,1394.4,2.0,,,,,,
/player/garcia-perez/,Garcia-Perez G.,1552.9,35,1530.7,10.0,1498.5,25.0,,,,
/player/laki/,Laki M.,1552.8,1,,,,,,,,
/player/loudon/,Loudon S.,1552.8,3,,,,,,,,
/player/hao-yu/,Hao-Yu L.,1552.8,26,1608.5,7.0,1626.1,9.0,1561.2,3.0,,
/player/kamigata/,Kamigata L.,1552.8,11,1613.4,6.0,,,,,,
/player/chen-9caa2/,Chen S.,1552.8,22,1595.9,15.0,1492.7,4.0,,,1435.8,3.0
/player/yamamoto-0d5ff/,Yamamoto S.,1552.7,11,,,,,,,,
/player/planella-hernandez/,Planella Hernandez S.,1552.6,28,1574.7,9.0,1497.8,15.0,1504.6,2.0,,
/player/cardinaud/,Cardinaud H.,1552.6,19,1435.1,3.0,1500.0,9.0,1615.1,2.0,,
/player/safta/,Safta A.,1552.5,29,1462.7,4.0,1543.7,25.0,,,,
/player/kivattsev/,Kivattsev K.,1552.5,38,1527.7,10.0,1535.5,27.0,1446.6,1.0,,
/player/kiyari-mabiala/,Kiyari Mabiala C.,1552.4,3,,,,,,,,
/player/lemke-f32f8/,Lemke N.,1552.3,7,1435.6,1.0,1577.5,5.0,,,,
/player/hui-cc453/,Hui K.,1552.3,29,1597.3,22.0,1521.0,4.0,,,1428.3,3.0
/player/sopkova/,Sopkova K.,1552.2,6,,,1549.7,6.0,,,,
/player/van-wijk-284ad/,Van Wijk Q.,1552.1,1,,,,,,,,
/player/les/,Les M.,1552.1,7,,,1562.8,7.0,,,,
/player/hansen-10336/,Hansen S.,1552.1,27,1584.9,18.0,1395.6,9.0,,,,
/player/karahan/,Karahan A.,1551.9,7,1537.7,2.0,1466.1,2.0,,,,
/player/genovese-ba26d/,Genovese E.,1551.9,3,,,,,,,,
/player/novell/,Novell R.,1551.9,10,1504.6,2.0,1489.8,4.0,1626.7,2.0,,
/player/genier/,Genier T.,1551.9,29,1446.6,5.0,1583.7,21.0,1549.3,3.0,,
/player/munoz-fuster/,Munoz Fuster J.,1551.8,23,1355.9,2.0,1577.3,15.0,1565.7,1.0,,
/player/piening/,Piening C.,1551.7,42,1509.6,4.0,1548.1,14.0,1565.7,1.0,,
/player/tatu-d1b15/,Tatu A.,1551.7,10,1493.2,2.0,1565.3,8.0,,,,
/player/mildren/,Mildren S.,1551.7,15,1616.9,10.0,,,,,,
/player/brown-8a1cb/,Brown P.,1551.7,35,1459.8,10.0,1516.2,22.0,1504.6,2.0,,
/player/ricci-4466b/,Ricci P.,1551.7,9,1553.0,1.0,1495.9,8.0,,,,
/player/kasday-45210/,Kasday S.,1551.6,8,,,,,,,,
/player/fernandez-figueras/,Fernandez Figueras S.,1551.6,10,1586.8,9.0,1463.5,1.0,,,,
/player/tzeng-11dca/,Tzeng M.,1551.5,4,1549.3,4.0,,,,,,
/player/golovina-90e68/,Golovina T.,1551.5,5,,,1554.0,5.0,,,,
/player/davtyan-a3e02/,Davtyan M.,1551.4,9,1468.7,3.0,1366.9,2.0,,,,
/player/magimay/,Magimay K.,1551.4,4,,,,,,,,
/player/stoiberer/,Stoiberer R.,1551.2,1,,,1551.2,1.0,,,,
/player/srirat/,Srirat T.,1551.1,7,1564.8,3.0,1493.1,4.0,,,,
/player/mayank/,Mayank S.,1551.1,12,1473.8,3.0,1535.2,7.0,,,,
/player/murthy/,Murthy A.,1551.1,5,,,,,,,,
/player/sierra-ab6b4/,Sierra S.,1551.0,27,1419.1,7.0,1682.1,13.0,1514.5,7.0,,
/player/gureva/,Gureva A.,1551.0,5,1578.1,4.0,,,,,1439.2,1.0
/player/azizyan/,Azizyan M.,1551.0,5,,,1551.1,5.0,,,,
/player/brancaccio/,Brancaccio R.,1550.9,50,1400.9,2.0,1564.2,47.0,1437.3,1.0,,
/player/fajta/,Fajta P.,1550.9,26,1469.3,7.0,1522.9,19.0,,,,
/player/van-sambeek/,Van Sambeek F.,1550.9,33,1533.0,9.0,1493.2,16.0,1494.4,2.0,,
/player/wang-fd898/,Wang T.,1550.9,6,1457.0,1.0,,,,,,
/player/best-c57b0/,Best H.,1550.9,22,1529.0,5.0,1543.1,9.0,,,,
/player/marty-e4511/,Marty E.,1550.7,5,1612.7,2.0,1470.2,2.0,,,,
/player/landaluce-84126/,Landaluce M.,1550.7,35,1362.1,9.0,1609.9,18.0,1454.4,7.0,,
/player/shaw-a652e/,Shaw E.,1550.7,16,1582.0,16.0,,,,,,
/player/licht/,Licht T.,1550.6,3,,,,,,,,
/player/diaz-adrover/,Diaz Adrover C.,1550.5,15,,,1556.2,15.0,,,,
/player/chen-85bb7/,Chen T.,1550.5,6,,,1538.0,4.0,,,,
/player/glushko-e27b0/,Glushko L.,1550.4,23,1550.4,22.0,1475.3,1.0,,,,
/player/fathalla/,Fathalla N.,1550.4,3,,,1544.0,3.0,,,,
/player/muto-f8201/,Muto S.,1550.3,28,1503.2,6.0,1638.3,15.0,,,,
/player/crowther/,Crowther C.,1550.2,54,1525.7,11.0,1612.4,10.0,1434.3,1.0,,
/player/beckles-49dd9/,Beckles D.,1550.1,20,1529.0,8.0,1390.7,7.0,,,,
/player/barendse/,Barendse L.,1550.0,27,,,1446.5,1.0,,,,
/player/lahjomri/,Lahjomri Y.,1549.9,7,1556.6,3.0,1388.2,2.0,,,,
/player/deus-b3ddf/,Deus J.,1549.8,3,1424.5,1.0,1577.6,1.0,,,,
/player/jackson-db436/,Jackson J.,1549.8,2,,,,,,,1535.9,2.0
/player/jokic-6c750/,Jokic K.,1549.7,4,,,1549.7,4.0,,,,
/player/walch-7c2ac/,Walch A.,1549.7,10,1574.2,3.0,1328.5,4.0,1626.7,2.0,,
/player/jeong-5c79b/,Jeong B.,1549.7,21,1568.3,20.0,,,,,1445.3,1.0
/player/garbero-f9f65/,Garbero F.,1549.5,45,1551.4,6.0,1494.3,29.0,1434.3,1.0,,
/player/pascual-montalvo/,Pascual Montalvo I.,1549.5,35,1544.6,25.0,1603.3,4.0,,,1434.3,1.0
/player/abanda-a73fc/,Abanda F.,1549.5,9,1496.2,2.0,1523.8,4.0,,,1562.0,3.0
/player/blando-4a4dc/,Blando M.,1549.4,3,,,1555.9,1.0,1434.3,1.0,,
/player/krizan-0915e/,Krizan R.,1549.4,1,,,,,,,,
/player/abel-614ff/,Abel J.,1549.3,3,,,1548.4,3.0,,,,
/player/kovacevic-a2706/,Kovacevic A.,1549.3,35,1478.4,13.0,1556.4,16.0,1348.9,6.0,,
/player/jefferson/,Jefferson H.,1549.2,19,1541.4,3.0,1612.5,13.0,1438.9,1.0,,
/player/kim-7eda1/,Kim J.,1549.2,3,,,1552.4,3.0,,,,
/player/lapalme/,Lapalme M.,1549.1,3,,,1620.7,2.0,1434.3,1.0,,
/player/koreshkova/,Koreshkova D.,1549.0,9,1489.3,4.0,1572.1,5.0,,,,
/player/windler-28749/,Windler A.,1548.9,5,,,1548.0,5.0,,,,
/player/chambers-3860d/,Chambers H.,1548.9,5,,,,,,,,
/player/haider-maurer-90ba8/,Haider-Maurer A.,1548.8,5,,,1548.2,5.0,,,,
/player/nayuki-87ca4/,Nayuki G.,1548.7,6,,,1435.2,1.0,,,,
/player/tolev-22bf5/,Tolev A.,1548.7,18,1664.6,6.0,1518.4,9.0,1434.3,1.0,,
/player/soukup-2c4ac/,Soukup A.,1548.6,19,1482.5,6.0,1600.9,10.0,,,,
/player/tourkhani/,Tourkhani C.,1548.6,6,1546.3,6.0,,,,,,
/player/herman/,Herman L.,1548.6,14,1455.8,3.0,1633.4,8.0,1434.3,1.0,,
/player/lee-cc381/,Lee E.,1548.4,2,1543.0,2.0,,,,,,
/player/podhajecka/,Podhajecka D.,1548.3,16,1518.7,11.0,,,,,,
/player/pradat/,Pradat P.,1548.3,8,1451.5,1.0,1676.0,4.0,1434.3,1.0,,
/player/bronzetti-39b8f/,Bronzetti A.,1548.2,10,1493.2,2.0,1509.6,6.0,,,,
/player/hong-0ce56/,Hong S.,1548.2,10,1526.3,9.0,,,,,1434.3,1.0
/player/bertacchi/,Bertacchi A.,1548.2,33,1678.7,19.0,1364.4,14.0,,,,
/player/simeva/,Simeva A.,1548.2,3,,,,,,,,
/player/foshee/,Foshee I.,1548.0,12,1498.2,7.0,,,,,,
/player/fernando-f333d/,Fernando D.,1548.0,8,1517.8,5.0,1567.5,3.0,,,,
/player/padgham/,Padgham E.,1548.0,8,,,1534.5,7.0,,,,
/player/ampaw/,Ampaw K.,1548.0,8,,,,,,,,
/player/tomic-d3830/,Tomic R.,1547.8,3,,,1610.3,2.0,,,,
/player/wells-838e3/,Wells C.,1547.6,18,1536.7,3.0,1390.4,2.0,,,,
/player/klu/,Klu G.,1547.6,5,,,,,,,,
/player/klimovicova/,Klimovicova L.,1547.6,23,1572.5,12.0,1490.0,6.0,1351.1,3.0,1434.3,1.0
/player/storrie-a20df/,Storrie R.,1547.6,4,,,1410.6,2.0,,,,
/player/webb-1f37e/,Webb S.,1547.5,18,1549.9,13.0,,,,,,
/player/peranovic/,Peranovic L.,1547.5,12,1525.8,3.0,1423.7,6.0,,,,
/player/loureiro-6c54c/,Loureiro J.,1547.5,32,1358.0,3.0,1547.8,29.0,,,,
/player/farzami/,Farzami M.,1547.5,17,1527.9,15.0,,,,,1517.0,2.0
/player/laabs/,Laabs C.,1547.5,1,,,1547.4,1.0,,,,
/player/rosenkranz-koenig/,Rosenkranz Koenig T.,1547.5,37,1515.5,2.0,1493.6,24.0,1626.7,2.0,,
/player/llanes-24863/,Llanes F.,1547.4,1,,,,,,,,
/player/czaplinski/,Czaplinski T.,1547.4,6,,,,,,,,
/player/shirokyi/,Shirokyi D.,1547.4,19,1635.9,2.0,1444.1,12.0,1434.3,1.0,,
/player/romanova-476f1/,Romanova L.,1547.3,31,1508.7,11.0,1479.5,5.0,,,,
/player/komano/,Komano M.,1547.3,29,1626.5,21.0,1454.8,3.0,,,1466.7,5.0
/player/alcaraz-galbis/,Alcaraz Galbis V.,1547.2,17,1505.9,5.0,1637.2,10.0,,,,
/player/velazquez-farre/,Velazquez Farre A.,1547.2,3,1565.7,1.0,1493.7,2.0,,,,
/player/rybkin/,Rybkin S.,1547.2,8,1588.8,1.0,1519.8,5.0,,,,
/player/renard-52f2a/,Renard E.,1547.2,5,,,1596.0,3.0,,,1406.3,2.0
/player/tommesani/,Tommesani F.,1547.1,3,,,,,,,,
/player/gabriel-d7af2/,Gabriel A.,1547.0,24,,,1549.6,24.0,,,,
/player/tischner/,Tischner T.,1546.9,14,1448.0,3.0,1606.9,8.0,1504.6,2.0,,
/player/waldner-d423c/,Waldner N.,1546.8,39,1621.3,11.0,1419.3,27.0,,,,
/player/dartawan/,Dartawan O.,1546.8,3,,,,,,,,
/player/rothensteiner/,Rothensteiner L.,1546.7,35,1591.6,23.0,1411.4,12.0,,,,
/player/gao-8b635/,Gao R.,1546.7,10,1626.7,2.0,1483.4,4.0,,,,
/player/kim-4aafe/,Kim M.,1546.7,10,1598.0,4.0,1501.0,6.0,,,,
/player/kontopoulos/,Kontopoulos T.,1546.6,8,,,1593.9,6.0,,,,
/player/de-boer-76bd5/,De Boer J.,1546.6,19,1606.7,6.0,1503.9,4.0,,,,
/player/mcleod-1a3c0/,Mcleod A.,1546.5,39,1499.6,13.0,1604.2,19.0,,,,
/player/ferrando-f4bda/,Ferrando C.,1546.4,3,,,1536.0,3.0,,,,
/player/park-98044/,Park J.,1546.4,7,,,1570.9,3.0,,,,
/player/vozniak/,Vozniak K.,1546.4,30,1472.9,2.0,1466.3,19.0,,,,
/player/kumru/,Kumru A.,1546.4,26,1573.3,21.0,1507.3,4.0,,,,
/player/ajdukovic/,Ajdukovic D.,1546.4,37,,,1517.3,37.0,,,,
/player/fabre-2a1a1/,Fabre J.,1546.3,12,1567.0,3.0,1442.9,4.0,1561.2,3.0,,
/player/tauber-0428b/,Tauber L.,1546.2,4,,,1523.5,4.0,,,,
/player/sara-c86f6/,Sara A.,1546.2,4,,,1544.1,4.0,,,,
/player/morag-b1142/,Morag S.,1546.2,17,1474.7,4.0,1556.6,10.0,1434.3,1.0,,
/player/ton-53cf4/,Ton A.,1546.0,3,,,,,,,,
/player/sau-franco-f4357/,Sau Franco A.,1546.0,20,1476.3,5.0,1562.9,9.0,1626.7,2.0,,
/player/hewitt-0f840/,Hewitt D.,1546.0,18,1522.7,18.0,,,,,,
/player/anavatan/,Anavatan M.,1545.9,28,1523.7,13.0,1528.5,15.0,,,,
/player/vidal-cba19/,Vidal D.,1545.9,5,,,,,,,,
/player/kock-a7f0b/,Kock K.,1545.9,3,,,,,,,,
/player/izquierdo-luque/,Izquierdo Luque R.,1545.7,30,1632.0,12.0,1407.2,15.0,1553.4,1.0,,
/player/hashimoto-df9f7/,Hashimoto K.,1545.6,1,,,,,,,,
/player/lee-e999b/,Lee N.,1545.6,2,,,1550.9,2.0,,,,
/player/romano-cf2f0/,Romano F.,1545.6,40,,,1448.4,23.0,1548.5,14.0,1549.9,3.0
/player/qu-3ba87/,Qu Y.,1545.6,8,1562.8,7.0,1431.3,1.0,,,,
/player/garcia-garcia-1839d/,Garcia Garcia A.,1545.6,21,1534.4,5.0,1576.6,13.0,,,,
/player/ren-c1f90/,Ren K.,1545.5,31,1551.3,25.0,1434.3,1.0,,,1459.0,5.0
/player/jacobs-c1d35/,Jacobs A.,1545.3,3,,,,,,,,
/player/jurajda/,Jurajda A.,1545.3,5,,,,,,,,
/player/dibenedetto/,Dibenedetto C.,1545.2,24,1464.4,1.0,1573.4,23.0,,,,
/player/simmen-d8c71/,Simmen J.,1545.2,5,,,1534.2,5.0,,,,
/player/nakagawa-5e4d8/,Nakagawa S.,1545.2,16,1549.5,8.0,1554.8,4.0,1626.7,2.0,,
/player/liope-f1c24/,Liope F.,1545.1,7,,,,,,,,
/player/dule/,Dule K.,1545.1,4,,,,,,,,
/player/rebenschuetz/,Rebenschuetz M.,1545.1,3,,,1547.4,3.0,,,,
/player/beaven/,Beaven J.,1545.1,26,1469.6,7.0,1652.8,12.0,1530.9,4.0,,
/player/urasa/,Urasa F.,1545.0,1,,,,,,,,
/player/fomin/,Fomin S.,1545.0,45,1504.4,19.0,1487.2,22.0,,,1504.6,2.0
/player/santamarta-roig/,Santamarta Roig A.,1545.0,10,,,1516.9,10.0,,,,
/player/dornbusch-88bed/,Dornbusch H.,1545.0,25,,,1470.3,13.0,,,,
/player/kobierski/,Kobierski J.,1544.9,21,1364.8,3.0,1410.2,7.0,,,,
/player/okumus/,Okumus B.,1544.9,5,1504.6,2.0,,,1565.7,1.0,,
/player/fita-juan/,Fita Juan S.,1544.8,32,1541.4,8.0,1495.5,24.0,,,,
/player/ponwith/,Ponwith N.,1544.7,3,1495.5,2.0,,,,,,
/player/nishimura-ba5a6/,Nishimura K.,1544.6,33,1568.4,32.0,,,,,1434.3,1.0
/player/ponchet/,Ponchet J.,1544.6,13,,,1589.1,11.0,1442.0,1.0,1434.3,1.0
/player/scheuermann/,Scheuermann R.,1544.6,1,,,1544.6,1.0,,,,
/player/martinovic-1331c/,Martinovic F.,1544.6,7,,,1522.1,5.0,,,,
/player/djakouris/,Djakouris A.,1544.5,47,1394.9,2.0,1592.3,1.0,,,,
/player/goity-zapico/,Goity Zapico S.,1544.4,19,1373.3,2.0,1568.5,16.0,,,,
/player/seo-9fd0b/,Seo H.,1544.4,3,,,1448.9,1.0,,,,
/player/roussel/,Roussel F.,1544.3,8,1455.4,1.0,1570.4,7.0,,,,
/player/neubauer-d88e1/,Neubauer C.,1544.3,9,,,1560.5,3.0,,,,
/player/raguin-97291/,Raguin N.,1544.2,8,,,1387.7,4.0,,,,
/player/marino-6e591/,Marino P.,1544.2,10,,,1407.1,4.0,1626.7,2.0,,
/player/zajickova/,Zajickova K.,1544.1,2,,,1540.0,2.0,,,,
/player/song-kwon/,Song Kwon G.,1544.1,3,1535.5,3.0,,,,,,
/player/kajin/,Kajin K.,1544.1,16,1563.7,5.0,1451.1,9.0,,,,
/player/lee-9e204/,Lee A.,1544.1,10,1429.5,7.0,,,,,,
/player/grosman/,Grosman S.,1544.1,17,1376.5,2.0,1480.7,2.0,,,,
/player/lee-d7fda/,Lee Y.,1544.0,7,1564.7,7.0,,,,,,
/player/el-feky/,El Feky K.,1543.9,9,1626.7,2.0,1463.3,5.0,,,,
/player/ardila-63c11/,Ardila L.,1543.8,6,1466.0,3.0,,,1571.3,3.0,,
/player/ryden/,Ryden V.,1543.8,33,1606.4,6.0,1406.5,7.0,1495.4,2.0,,
/player/ishikawa-77e9c/,Ishikawa K.,1543.7,5,,,,,,,,
/player/chidekh-307aa/,Chidekh L.,1543.6,5,1588.6,3.0,1452.2,1.0,,,,
/player/schmitz-b1390/,Schmitz T.,1543.5,1,,,1544.6,1.0,,,,
/player/lee-6a2ea/,Lee E.,1543.5,3,1550.3,3.0,,,,,,
/player/keitel/,Keitel C.,1543.4,10,1565.4,3.0,1482.1,4.0,,,,
/player/genov/,Genov A.,1543.4,4,,,1591.1,3.0,,,,
/player/van-der-meer/,van der Meer N.,1543.3,3,,,1543.5,3.0,,,,
/player/kay-e7b3c/,Kay S.,1543.2,25,1508.2,12.0,,,,,,
/player/vales-ca4dd/,Vales V.,1543.0,18,,,,,,,,
/player/pignaton/,Pignaton L.,1542.9,16,1579.0,5.0,1492.6,8.0,1565.7,1.0,,
/player/verster/,Verster N.,1542.9,8,1561.3,8.0,,,,,,
/player/spasova/,Spasova B.,1542.9,19,1364.6,5.0,1581.0,14.0,,,,
/player/martinez-61830/,Martinez M.,1542.9,10,1502.1,2.0,1388.6,5.0,,,,
/player/koskel/,Koskel A.,1542.8,8,1611.2,5.0,1452.5,3.0,,,,
/player/hageman-84fbb/,Hageman M.,1542.8,38,1538.2,4.0,1524.9,31.0,,,1468.4,3.0
/player/bekeni/,Bekeni M.,1542.8,14,1487.6,2.0,1456.8,9.0,1434.3,1.0,,
/player/janiszewska/,Janiszewska A.,1542.8,23,1558.4,3.0,1536.5,20.0,,,,
/player/otsuka-3b5e8/,Otsuka K.,1542.7,9,1504.6,2.0,1536.6,7.0,,,,
/player/qariaqus/,Qariaqus D.,1542.6,20,1603.2,2.0,1585.6,13.0,1566.5,1.0,,
/player/phanthala/,Phanthala M.,1542.6,12,1570.9,12.0,,,,,,
/player/niemelae/,Niemelae A.,1542.6,2,1495.6,2.0,,,,,,
/player/khrebtova/,Khrebtova V.,1542.6,28,1614.8,16.0,,,,,1394.9,2.0
/player/zimenova/,Zimenova L.,1542.5,5,,,1583.5,4.0,,,,
/player/skripaev/,Skripaev A.,1542.4,6,,,,,,,,
/player/lindgren-b9706/,Lindgren G.,1542.4,7,,,,,,,,
/player/tam-0f2b4/,Tam S.,1542.3,1,,,,,,,,
/player/fradkin/,Fradkin J.,1542.3,25,1482.2,9.0,1461.0,8.0,1565.7,1.0,,
/player/jeong-c7f0a/,Jeong U.,1542.2,4,1548.9,4.0,,,,,,
/player/schaedel/,Schaedel L.,1542.1,19,,,1541.6,19.0,,,,
/player/caffarena-d56c0/,Caffarena J.,1542.1,5,,,1542.4,5.0,,,,
/player/jamshidi-c35bb/,Jamshidi E.,1542.0,30,1537.0,27.0,1569.2,3.0,,,,
/player/lee-42da3/,Lee D.,1542.0,15,1494.4,6.0,1283.9,6.0,1626.7,2.0,,
/player/fernandez-b86eb/,Fernandez B.,1542.0,35,1501.7,7.0,1510.7,28.0,,,,
/player/oak/,Oak S.,1542.0,25,,,,,,,,
/player/souza-pinto-de-camargo-e-silva/,Souza Pinto De Camargo,1542.0,25,1473.0,7.0,1437.6,13.0,,,,
/player/schlageter/,Schlageter J.,1542.0,27,1504.4,7.0,1510.3,17.0,1434.3,1.0,,
/player/kupres/,Kupres M.,1542.0,10,1410.3,5.0,,,,,,
/player/zimmermann-70e34/,Zimmermann I.,1541.9,20,1493.6,4.0,1540.0,12.0,1504.6,2.0,,
/player/barbulescu-68dbb/,Barbulescu B.,1541.8,38,1690.7,8.0,1528.0,30.0,,,,
/player/davidov/,Davidov T.,1541.8,9,1399.7,3.0,1556.6,3.0,,,,
/player/shinikova/,Shinikova I.,1541.6,39,1664.6,21.0,1448.8,18.0,,,,
/player/elicha-navas/,Elicha Navas G.,1541.5,7,,,1460.0,1.0,,,,
/player/einig/,Einig F.,1541.5,29,1472.3,4.0,1467.4,7.0,1626.7,2.0,,
/player/fukuhara/,Fukuhara S.,1541.5,12,,,,,,,,
/player/perera-85f81/,Perera A.,1541.5,3,,,,,,,,
/player/nunez-514bb/,Nunez M.,1541.5,3,,,1544.9,3.0,,,,
/player/pape-0342d/,Pape V.,1541.4,2,1518.2,2.0,,,,,,
/player/desai-207b6/,Desai Z.,1541.4,34,1617.9,21.0,1582.8,10.0,,,1414.4,2.0
/player/kis-czako/,Kis Czako E.,1541.4,12,,,1573.1,6.0,,,,
/player/pavia/,Pavia A.,1541.4,15,1455.4,1.0,1559.1,10.0,1565.7,1.0,,
/player/menendez-zozaya/,Menendez Zozaya E.,1541.4,17,1410.9,2.0,1631.2,15.0,,,,
/player/cado/,Cado Z.,1541.3,15,1485.6,6.0,1559.2,4.0,,,1434.3,1.0
/player/lee-a209c/,Lee J.,1541.2,5,,,,,,,,
/player/ipunesso/,Ipunesso L.,1541.2,27,1550.3,20.0,1517.8,4.0,1551.9,3.0,,
/player/honic/,Honic E.,1541.2,7,,,1542.1,7.0,,,,
/player/sakagawa-88758/,Sakagawa H.,1541.2,20,1415.1,4.0,1560.8,8.0,1504.6,2.0,,
/player/ayeni-bd31c/,Ayeni A.,1541.1,33,1498.2,13.0,1493.6,18.0,,,1504.6,2.0
/player/shah-6e4af/,Shah B.,1541.0,1,,,,,,,,
/player/bigiu/,Bigiu A.,1540.7,3,,,1542.5,3.0,,,,
/player/wu-2e745/,Wu R.,1540.7,15,1545.8,13.0,,,,,1491.9,2.0
/player/tajima-98d94/,Tajima N.,1540.6,13,1424.9,2.0,1572.6,10.0,,,,
/player/dorokhov-14a8e/,Dorokhov I.,1540.6,21,1508.8,4.0,1480.7,9.0,1434.3,1.0,,
/player/tran-9dce6/,Tran M.,1540.5,1,,,,,,,,
/player/beamish/,Beamish N.,1540.5,33,1540.2,7.0,1529.1,22.0,1434.3,1.0,,
/player/drugdova/,Drugdova S.,1540.4,22,1512.8,2.0,1519.0,20.0,,,,
/player/xu-ef6ba/,Xu A.,1540.4,14,1510.5,14.0,,,,,,
/player/yamalapalli/,Yamalapalli S.,1540.4,40,1565.7,29.0,1475.2,5.0,1493.2,2.0,,
/player/alimova-3f682/,Alimova N.,1540.4,5,,,,,,,,
/player/paris-2ec33/,Paris S.,1540.4,28,1483.2,4.0,1544.4,24.0,,,,
/player/ymer/,Ymer E.,1540.2,28,1455.3,13.0,1460.2,5.0,1528.7,10.0,,
/player/koenig-db171/,Koenig L.,1540.2,10,1545.7,7.0,1430.7,1.0,1504.6,2.0,,
/player/silva-cb43c/,Silva F.,1540.1,31,1496.4,2.0,1523.6,28.0,1434.3,1.0,,
/player/nosei-4e0d4/,Nosei A.,1540.1,24,1683.0,6.0,1458.4,18.0,,,,
/player/paterno-b4e9d/,Paterno G.,1540.0,8,,,1526.8,8.0,,,,
/player/marinescu-d0d2e/,Marinescu M.,1540.0,18,1529.4,7.0,1423.4,9.0,1504.6,2.0,,
/player/tuna-bf432/,Tuna A.,1539.9,7,,,1593.7,4.0,1504.6,2.0,,
/player/trismuwantara/,Trismuwantara G.,1539.8,20,1586.9,8.0,1563.3,8.0,1504.6,2.0,1434.3,1.0
/player/muramatsu-4ab2a/,Muramatsu C.,1539.7,14,1541.0,14.0,,,,,,
/player/dourado-zimermman/,Dourado Zimermman J.,1539.7,26,1513.9,9.0,1549.5,17.0,,,,
/player/guerrero-alvarez/,Guerrero Alvarez E.,1539.6,9,1585.7,7.0,1485.9,1.0,,,1434.3,1.0
/player/minakata/,Minakata R.,1539.5,24,1369.4,9.0,1588.4,9.0,1553.4,1.0,,
/player/seifert-ed371/,Seifert J.,1539.5,5,,,,,,,,
/player/kartseva/,Kartseva A.,1539.5,6,1522.9,6.0,,,,,,
/player/chiripal/,Chiripal J.,1539.5,8,1543.3,8.0,,,,,,
/player/felsmann/,Felsmann F.,1539.4,5,,,,,,,,
/player/petretic/,Petretic L.,1539.4,36,1567.1,24.0,1419.6,4.0,,,,
/player/zink-30580/,Zink T.,1539.2,37,1442.0,20.0,1551.9,13.0,1550.3,3.0,1434.3,1.0
/player/zhu-b5945/,Zhu M.,1539.2,27,1485.0,8.0,1504.8,16.0,1514.7,2.0,,
/player/pankratova/,Pankratova M.,1539.2,2,,,1537.9,2.0,,,,
/player/juvan/,Juvan K.,1539.1,5,,,1580.9,4.0,1443.7,1.0,,
/player/schot/,Schot J.,1539.1,1,,,,,,,,
/player/sandhu-fe339/,Sandhu G.,1539.0,9,1530.7,9.0,,,,,,
/player/moret/,Moret J.,1538.9,5,,,,,,,,
/player/sabanov-1bd16/,Sabanov I.,1538.9,10,1434.3,1.0,1481.3,1.0,1553.4,1.0,,
/player/radu-d67d6/,Radu A.,1538.9,3,,,1538.6,3.0,,,,
/player/bredschneijder-ae155/,Bredschneijder M.,1538.9,2,,,,,,,,
/player/lee-eed10/,Lee Y.,1538.8,3,,,1555.1,3.0,,,,
/player/jankoski/,Jankoski D.,1538.8,12,1513.6,6.0,,,,,,
/player/vasser/,Vasser O.,1538.8,14,1623.9,7.0,1463.1,7.0,,,,
/player/quesada-perez/,Quesada Perez T.,1538.8,19,1462.9,3.0,1368.1,3.0,,,,
/player/burylo/,Burylo M.,1538.7,43,1509.9,9.0,1572.2,22.0,,,,
/player/janvier/,Janvier M.,1538.7,29,1524.7,5.0,1463.1,19.0,1415.9,1.0,1487.2,4.0
/player/iraqi/,Iraqi S.,1538.7,3,1410.4,1.0,1649.5,2.0,,,,
/player/noatto/,Noatto K.,1538.6,17,1566.2,5.0,1389.4,8.0,,,,
/player/merre/,Merre N.,1538.5,5,1586.7,1.0,1553.4,1.0,,,,
/player/reuter-a2a7a/,Reuter Y.,1538.5,9,,,1527.0,9.0,,,,
/player/lee-b47e0/,Lee J.,1538.5,8,1458.8,4.0,1570.7,4.0,,,,
/player/an-a3afa/,An C.,1538.5,4,1441.9,1.0,,,,,,
/player/kononova/,Kononova M.,1538.5,28,1487.2,15.0,1454.2,9.0,,,1586.8,4.0
/player/nishimoto-aaada/,Nishimoto S.,1538.5,36,1550.1,34.0,,,,,1504.7,2.0
/player/gaillard-0114e/,Gaillard T.,1538.4,17,1494.5,2.0,1576.1,4.0,1434.3,1.0,,
/player/bonifacius-60c54/,Bonifacius R.,1538.4,3,,,,,,,,
/player/jessup-aa5b7/,Jessup M.,1538.4,2,,,,,,,,
/player/pringle/,Pringle H.,1538.4,6,,,,,,,,
/player/mulej/,Mulej B.,1538.4,1,,,1538.3,1.0,,,,
/player/vanderstappen/,Vanderstappen Z.,1538.3,18,1519.4,6.0,1503.9,7.0,1565.7,1.0,,
/player/pohjola-89785/,Pohjola P.,1538.3,12,1358.6,3.0,1558.5,7.0,,,,
/player/piestrzynska/,Piestrzynska A.,1538.3,5,,,,,,,,
/player/auytayakul/,Auytayakul S.,1538.2,4,,,1482.7,3.0,,,,
/player/yamada-de0e6/,Yamada S.,1538.2,16,1493.2,2.0,1563.0,8.0,1457.3,1.0,,
/player/choi-edcce/,Choi O.,1538.1,36,1541.8,33.0,,,,,1474.1,3.0
/player/georges-d73f5/,Georges M.,1538.1,3,,,1528.8,3.0,,,,
/player/villar-e4119/,Villar M.,1538.1,2,,,,,,,,
/player/dussin/,Dussin L.,1538.0,13,1446.5,3.0,1522.4,9.0,,,,
/player/kamput/,Kamput V.,1538.0,7,1514.0,4.0,1557.3,3.0,,,,
/player/iamachkine-80753/,Iamachkine P.,1538.0,18,1434.3,1.0,1552.9,10.0,1434.3,1.0,,
/player/braynin/,Braynin A.,1538.0,36,1522.4,9.0,1512.4,25.0,1504.6,2.0,,
/player/mikaul/,Mikaul G.,1538.0,7,,,1536.0,7.0,,,,
/player/iacono/,Iacono A.,1537.9,9,,,,,,,,
/player/mirarchi/,Mirarchi W.,1537.9,34,1591.8,6.0,1503.7,12.0,1591.7,6.0,,
/player/bosman-c25a2/,Bosman C.,1537.8,23,1577.2,22.0,,,,,,
/player/barreiro/,Barreiro J.,1537.8,13,1504.5,5.0,1541.2,3.0,,,,
/player/kumasaka/,Kumasaka T.,1537.7,32,1443.7,16.0,1635.2,14.0,1523.5,2.0,,
/player/kharlamov/,Kharlamov R.,1537.7,11,1557.0,6.0,1357.5,5.0,,,,
/player/brunclik-d09d6/,Brunclik P.,1537.6,17,,,1514.8,17.0,,,,
/player/brady-6141c/,Brady C.,1537.5,10,1565.7,1.0,1510.1,8.0,,,,
/player/jagrovic/,Jagrovic O.,1537.5,25,1443.1,6.0,1577.7,12.0,1561.2,3.0,,
/player/harris-5a94c/,Harris B.,1537.5,35,1520.1,13.0,1272.7,9.0,1623.3,11.0,1384.7,2.0
/player/chen-877c0/,Chen M.,1537.2,27,1526.6,25.0,,,,,1510.7,2.0
/player/johnston-d9563/,Johnston N.,1537.1,11,1503.4,2.0,1467.7,5.0,1567.6,3.0,,
/player/cisse-ignatiev/,Cisse-Ignatiev S.,1537.1,4,,,,,,,1434.3,1.0
/player/zhang-45ae9/,Zhang Z.,1537.1,30,1375.4,7.0,1442.6,10.0,1666.6,13.0,,
/player/boehner-19250/,Boehner L.,1537.0,31,,,1515.9,27.0,,,,
/player/car/,Car H.,1537.0,26,1401.5,5.0,1553.5,17.0,1664.7,3.0,,
/player/terczynski-b3dd3/,Terczynski M.,1537.0,3,,,1580.4,2.0,,,,
/player/faria-9e9ed/,Faria F.,1536.8,22,1388.5,7.0,1576.5,11.0,1566.5,1.0,,
/player/bennaton/,Bennaton G.,1536.8,3,,,,,,,,
/player/tan-7b8ce/,Tan J.,1536.7,4,1539.5,4.0,,,,,,
/player/bredschneijder/,Bredschneijder O.,1536.7,22,1467.1,5.0,1551.2,9.0,,,,
/player/srejic/,Srejic L.,1536.7,1,,,1537.1,1.0,,,,
/player/charoenphon/,Charoenphon Y.,1536.7,14,1491.6,2.0,1507.3,11.0,,,,
/player/tiurnev/,Tiurnev E.,1536.7,11,1455.8,1.0,1532.1,10.0,,,,
/player/jianu-c67fb/,Jianu F.,1536.6,32,1541.1,1.0,1517.6,29.0,1388.0,2.0,,
/player/long-e6896/,Long D.,1536.6,9,1483.6,2.0,1432.5,1.0,,,,
/player/sebov/,Sebov K.,1536.5,30,1489.5,21.0,1403.9,4.0,1560.8,5.0,,
/player/garla-69085/,Garla F.,1536.5,19,1556.8,3.0,1590.0,8.0,,,,
/player/lee-afb90/,Lee T.,1536.5,12,,,1557.2,1.0,1434.3,1.0,,
/player/mcneil-6db68/,McNeil C.,1536.4,10,1333.7,4.0,,,,,1601.8,6.0
/player/navasirisomboon/,Navasirisomboon J.,1536.4,5,1565.7,1.0,1511.4,4.0,,,,
/player/llewellyn-c1d26/,Llewellyn S.,1536.4,13,1558.6,11.0,1439.3,1.0,,,1458.2,1.0
/player/vinke/,Vinke I.,1536.4,5,,,1529.2,5.0,,,,
/player/fahim-a2a7a/,Fahim A.,1536.4,3,,,1622.7,2.0,,,,
/player/giraldo-89950/,Giraldo D.,1536.4,7,1543.2,3.0,1475.3,4.0,,,,
/player/lee-1a67d/,Lee W.,1536.2,10,1583.6,1.0,1563.2,6.0,,,,
/player/cui-f99f9/,Cui J.,1536.2,32,1543.7,24.0,1486.5,6.0,1434.3,1.0,,
/player/chudejova/,Chudejova M.,1536.2,26,1629.6,7.0,1473.0,3.0,,,,
/player/radivojevic-fe63e/,Radivojevic L.,1536.1,32,1463.9,4.0,1534.4,23.0,1434.3,1.0,,
/player/kadzielska/,Kadzielska O.,1536.1,7,1589.5,3.0,1508.7,4.0,,,,
/player/schilz/,Schilz J.,1536.1,15,1542.4,15.0,,,,,,
/player/suzuki-e2965/,Suzuki K.,1536.1,5,,,,,,,,
/player/grippo-6a9f4/,Grippo V.,1536.1,34,1623.4,10.0,1493.1,22.0,1504.6,2.0,,
/player/dozier/,Dozier S.,1536.0,14,,,,,,,,
/player/hung-b1953/,Hung K.,1536.0,4,1515.4,4.0,,,,,,
/player/caratozzolo/,Caratozzolo A.,1536.0,2,,,1519.3,2.0,,,,
/player/clark-7030f/,Clark M.,1535.9,36,,,1549.0,5.0,,,,
/player/ndukwu-8b8b0/,Ndukwu A.,1535.9,2,,,1532.8,2.0,,,,
/player/tarantola/,Tarantola A.,1535.9,7,,,1586.3,6.0,,,1434.3,1.0
/player/goode-ddc87/,Goode G.,1535.8,7,1458.6,1.0,1536.5,6.0,,,,
/player/wysoczanska/,Wysoczanska K.,1535.8,34,,,1515.8,7.0,,,,
/player/deng-46356/,Deng M.,1535.7,5,,,,,,,,
/player/galiievska/,Galiievska Y.,1535.6,5,,,1534.5,5.0,,,,
/player/bonaccorso/,Bonaccorso G.,1535.6,4,,,1522.3,4.0,,,,
/player/lee-b29f3/,Lee H.,1535.6,3,1480.7,2.0,1565.7,1.0,,,,
/player/mottier/,Mottier T.,1535.6,7,,,1395.8,4.0,1565.7,1.0,,
/player/boulais-3436f/,Boulais J.,1535.5,40,1502.7,28.0,1486.0,7.0,1487.4,2.0,1446.5,3.0
/player/vlahos-ec91e/,Vlahos S.,1535.5,5,1456.7,1.0,1609.4,2.0,,,,
/player/jackson-9654f/,Jackson C.,1535.5,6,1546.6,6.0,,,,,,
/player/cleary/,Cleary M.,1535.4,5,1524.9,5.0,,,,,,
/player/marti/,Marti Y.,1535.4,4,,,1536.1,4.0,,,,
/player/jin-0a867/,Jin Y.,1535.4,25,1609.5,12.0,1427.4,10.0,,,,
/player/groth-2b7a3/,Groth G.,1535.3,28,,,1532.0,28.0,,,,
/player/klaunzner/,Klaunzner V.,1535.1,5,1422.1,1.0,1692.6,3.0,,,,
/player/landry-01845/,Landry M.,1535.1,7,,,,,,,,
/player/kwami-stanislas-roland/,Kwami Stanislas Roland D.,1535.0,1,,,,,,,,
/player/arseneault-b5aa8/,Arseneault M.,1535.0,17,1468.3,7.0,1471.8,5.0,1525.9,4.0,,
/player/andrzejczak-9ff68/,Andrzejczak M.,1535.0,17,1516.3,2.0,1541.7,7.0,,,,
/player/hohmann/,Hohmann R.,1534.9,20,1562.8,15.0,1324.7,3.0,1521.5,2.0,,
/player/marinkovic-79d74/,Marinkovic I.,1534.8,14,1559.1,8.0,1516.7,6.0,,,,
/player/morini/,Morini L.,1534.7,6,,,1537.2,6.0,,,,
/player/montero-diaz/,Montero Diaz J.,1534.7,4,,,1529.5,4.0,,,,
/player/krupenina-c621e/,Krupenina K.,1534.7,24,1534.3,17.0,1572.9,7.0,,,,
/player/quan/,Quan R.,1534.6,6,,,1514.7,4.0,1502.5,2.0,,
/player/molnar-23ddd/,Molnar K.,1534.5,11,,,1562.2,7.0,,,,
/player/el-aouni-d003b/,El Aouni R.,1534.5,5,1531.0,2.0,1462.1,3.0,,,,
/player/ursu-62e97/,Ursu V.,1534.5,45,1440.7,22.0,1699.5,21.0,1372.6,2.0,,
/player/kusuhara/,Kusuhara Y.,1534.5,14,1413.0,5.0,1521.4,7.0,1513.4,2.0,,
/player/iradukunda/,Iradukunda G.,1534.5,4,,,,,,,,
/player/suslova/,Suslova S.,1534.3,12,1531.2,12.0,,,,,,
/player/trivunac-109e7/,Trivunac N.,1533.9,14,1516.5,2.0,1513.2,9.0,,,,
/player/vysochenko-105f2/,Vysochenko O.,1533.9,3,,,,,,,,
/player/iutkin/,Iutkin I.,1533.7,15,1645.2,3.0,1503.3,10.0,1434.3,1.0,,
/player/osminkin/,Osminkin V.,1533.6,34,1500.5,6.0,1588.5,21.0,1504.6,2.0,,
/player/falck/,Falck R.,1533.6,42,1553.9,14.0,1590.0,15.0,1602.6,4.0,,
/player/patrick-97bcc/,Patrick N.,1533.6,8,,,,,,,,
/player/bezzaz/,Bezzaz O.,1533.6,5,,,1373.7,2.0,1565.7,1.0,,
/player/leti-messina/,Leti Messina L.,1533.5,5,1504.7,2.0,,,1626.7,2.0,,
/player/alberca-de-las-casas/,Alberca de las Casas F.,1533.5,23,1570.7,6.0,1465.5,8.0,,,,
/player/efremova-78e75/,Efremova A.,1533.5,21,1553.3,21.0,,,,,,
/player/ehrenbergerova/,Ehrenbergerova S.,1533.4,3,,,,,,,,
/player/lee-55ebf/,Lee S.,1533.4,3,,,1535.2,3.0,,,,
/player/chikami/,Chikami S.,1533.4,10,,,,,,,,
/player/calikoglu/,Calikoglu D.,1533.3,4,1626.7,2.0,,,1434.3,1.0,,
/player/houas-76e14/,Houas L.,1533.2,8,1484.5,7.0,,,,,,
/player/karol-5fc49/,Karol M.,1533.1,15,,,1504.6,15.0,,,,
/player/gaztambide-arrastia/,Gaztambide Arrastia I.,1533.0,7,,,1394.9,2.0,1626.7,2.0,,
/player/lazar-b4e5e/,Lazar A.,1533.0,50,,,1517.7,23.0,,,,
/player/jacutin-mariona/,Jacutin-Mariona B.,1532.9,5,,,,,,,,
/player/poling-d9701/,Poling L.,1532.9,30,1457.2,13.0,1492.8,2.0,,,1422.6,4.0
/player/adrover-gallego/,Adrover Gallego I.,1532.9,10,1486.4,1.0,1470.8,5.0,,,,
/player/kucukhuseyin-74f1b/,Kucukhuseyin C.,1532.9,29,1556.4,5.0,1524.7,17.0,1626.7,2.0,,
/player/stankiewicz/,Stankiewicz M.,1532.8,7,1533.8,7.0,,,,,,
/player/mesaglio/,Mesaglio M.,1532.8,23,1589.1,4.0,1424.6,13.0,1506.8,2.0,,
/player/knaff/,Knaff A.,1532.8,13,1523.8,5.0,1567.7,6.0,,,,
/player/reguer/,Reguer A.,1532.7,25,1600.5,12.0,1433.4,13.0,,,,
/player/depesova/,Depesova S.,1532.6,6,,,1457.5,1.0,,,,
/player/farrakhova/,Farrakhova K.,1532.6,3,,,,,,,,
/player/rai-9244b/,Rai A.,1532.6,10,1484.2,8.0,1445.5,1.0,,,,
/player/finkelstein-8d420/,Finkelstein A.,1532.5,15,1317.7,3.0,1595.8,8.0,,,,
/player/niethammer/,Niethammer K.,1532.5,11,1434.3,1.0,1541.5,8.0,1504.6,2.0,,
/player/sakurada/,Sakurada S.,1532.5,9,1511.8,4.0,,,,,,
/player/rawat-cfaef/,Rawat A.,1532.4,12,1533.2,12.0,,,,,,
/player/zick-9c831/,Zick S.,1532.4,15,1565.7,1.0,1546.6,13.0,1434.3,1.0,,
/player/mansouri-a1964/,Mansouri Y.,1532.3,23,1661.4,17.0,1309.2,6.0,,,,
/player/rosca-383ef/,Rosca M.,1532.2,17,,,1553.4,17.0,,,,
/player/iancu/,Iancu A.,1532.2,37,,,1516.6,32.0,,,,
/player/botran-neutze/,Botran Neutze R.,1532.1,7,,,1565.7,1.0,,,,
/player/krockova/,Krockova N.,1532.1,3,,,,,,,,
/player/sonego/,Sonego L.,1532.0,30,1430.9,11.0,1444.2,11.0,1538.2,8.0,,
/player/monteiro-a039f/,Monteiro S.,1531.9,19,1580.8,9.0,1471.4,8.0,1435.2,1.0,,
/player/heuser-af169/,Heuser M.,1531.9,35,1489.8,5.0,1592.0,14.0,,,,
/player/trush/,Trush Y.,1531.8,28,1405.6,1.0,1581.8,14.0,,,,
/player/portugal-099eb/,Portugal J.,1531.8,15,,,1491.2,4.0,1447.2,3.0,,
/player/savelev/,Savelev D.,1531.8,5,1502.1,2.0,1622.0,2.0,,,,
/player/sekhon/,Sekhon H.,1531.7,3,,,1552.0,3.0,,,,
/player/pow/,Pow L.,1531.7,11,1486.2,5.0,1509.8,4.0,1482.6,2.0,,
/player/gjorcheska/,Gjorcheska L.,1531.6,20,1412.3,2.0,1441.9,14.0,1605.9,4.0,,
/player/husar/,Husar S.,1531.6,17,1396.7,2.0,1550.3,15.0,,,,
/player/van-herck-7ce6b/,Van Herck L.,1531.6,29,1521.5,14.0,1511.9,11.0,,,,
/player/raquillet/,Raquillet L.,1531.6,35,1596.6,13.0,1541.1,21.0,,,1457.3,1.0
/player/nittmann/,Nittmann Y.,1531.6,31,1621.9,9.0,1387.9,13.0,1565.7,1.0,,
/player/kazionova/,Kazionova E.,1531.5,29,,,1503.9,24.0,,,1653.2,5.0
/player/suresh-9450c/,Suresh K.,1531.5,13,1457.7,3.0,1503.5,4.0,,,,
/player/van-der-merwe-8126b/,Van Der Merwe W.,1531.4,31,1482.2,13.0,1476.6,12.0,1506.8,2.0,,
/player/rejchtman-vinciguerra/,Rejchtman Vinciguerra W.,1531.4,37,1544.8,8.0,1478.8,27.0,1434.3,1.0,,
/player/wrobel-0edcf/,Wrobel M.,1531.3,9,1624.3,4.0,1444.7,5.0,,,,
/player/bilardo-d2636/,Bilardo J.,1531.3,35,1431.3,7.0,1520.3,26.0,1565.7,1.0,,
/player/attig/,Attig S.,1531.3,12,1380.3,8.0,,,,,,
/player/dapkute/,Dapkute I.,1531.2,35,1540.1,34.0,,,,,,
/player/kaliadina/,Kaliadina E.,1531.2,5,,,1532.2,5.0,,,,
/player/rios-perez/,Rios Perez E.,1531.2,4,1419.9,1.0,1550.3,3.0,,,,
/player/chen-dff10/,Chen Y.,1531.1,28,1520.1,26.0,,,,,1625.3,2.0
/player/tenti-9fe5e/,Tenti F.,1531.1,27,1492.7,7.0,1555.7,18.0,,,,
/player/jastraunig/,Jastraunig L.,1531.1,1,,,1531.1,1.0,,,,
/player/de-looze/,De Looze S.,1531.0,3,,,,,,,,
/player/gutierrez-00b30/,Gutierrez O.,1531.0,34,1482.5,7.0,1522.3,27.0,,,,
/player/beauge/,Beauge M.,1531.0,4,1515.3,4.0,,,,,,
/player/spiering/,Spiering M.,1530.9,5,1494.5,2.0,1554.6,3.0,,,,
/player/spencer-74843/,Spencer A.,1530.9,6,,,,,,,1504.4,2.0
/player/massucco/,Massucco S.,1530.9,16,1436.8,3.0,1421.4,10.0,1434.3,1.0,,
/player/kyrgios/,Kyrgios N.,1530.9,5,1493.2,2.0,,,1472.7,3.0,,
/player/hernandez-ramada/,Hernandez Ramada A.,1530.8,6,1436.7,1.0,1588.9,5.0,,,,
/player/ternstrom/,Ternstrom L.,1530.8,13,,,1442.4,9.0,,,,
/player/kaibekova/,Kaibekova P.,1530.6,15,1513.8,8.0,1532.6,7.0,,,,
/player/slizevich-9fdf5/,Slizevich Y.,1530.6,4,,,1579.7,3.0,,,,
/player/pozarenko/,Pozarenko A.,1530.5,21,1447.4,8.0,1571.6,13.0,,,,
/player/cerutti/,Cerutti P.,1530.4,3,1605.4,2.0,,,,,,
/player/shmakova/,Shmakova M.,1530.4,10,,,,,,,,
/player/desousa/,Desousa J.,1530.4,21,,,1523.8,17.0,1434.3,1.0,,
/player/kha/,Kha N.,1530.3,14,1509.5,10.0,,,,,,
/player/ceramilac/,Ceramilac L.,1530.3,8,,,1370.2,5.0,,,,
/player/idaszewska/,Idaszewska A.,1530.3,3,1564.3,3.0,,,,,,
/player/sevcikova-458c4/,Sevcikova L.,1530.2,33,1394.6,2.0,1533.3,25.0,,,,
/player/dimitriou/,Dimitriou G.,1530.2,12,1467.5,3.0,1506.0,6.0,,,,
/player/linette/,Linette M.,1530.1,21,1351.1,8.0,1592.0,6.0,1581.5,6.0,,
/player/cachin/,Cachin P.,1530.1,3,,,1526.9,3.0,,,,
/player/pocasangre/,Pocasangre P.,1530.1,4,,,,,,,,
/player/shevchenko-3bd40/,Shevchenko A.,1530.0,39,1316.5,7.0,1613.8,23.0,1304.1,4.0,1569.3,3.0
/player/gale-bf9f7/,Gale L.,1530.0,25,1545.2,20.0,,,,,,
/player/aslanisvili/,Aslanisvili A.,1530.0,4,1429.9,1.0,,,,,,
/player/palavestra/,Palavestra I.,1529.9,15,1461.9,5.0,1667.3,4.0,1434.3,1.0,1434.3,1.0
/player/correa-beguerie/,Correa Beguerie L.,1529.8,21,1482.6,2.0,1520.1,13.0,1581.4,3.0,,
/player/fiorillo/,Fiorillo A.,1529.7,6,,,1522.5,6.0,,,,
/player/plihal/,Plihal N.,1529.7,3,,,1530.5,3.0,,,,
/player/milanese/,Milanese S.,1529.7,23,1530.1,8.0,1490.0,11.0,1622.1,4.0,,
/player/scaldalai/,Scaldalai E.,1529.6,11,,,1469.6,2.0,,,,
/player/li-7ee47/,Li A.,1529.5,7,1535.9,7.0,,,,,,
/player/khanloo/,Khanloo M.,1529.5,20,1412.8,13.0,,,,,,
/player/teixido-garcia-b8df4/,Teixido Garcia M.,1529.5,40,1583.1,20.0,1501.8,16.0,,,,
/player/mcdonald-4d935/,McDonald M.,1529.5,27,1481.1,9.0,1332.5,8.0,1506.7,10.0,,
/player/soukal/,Soukal M.,1529.5,18,1498.6,6.0,1503.4,7.0,,,,
/player/mais/,Mais G.,1529.4,15,1539.4,7.0,1537.1,8.0,,,,
/player/shimabukuro/,Shimabukuro S.,1529.4,33,1358.9,18.0,1383.9,2.0,1597.6,11.0,,
/player/di-benedetto/,Di Benedetto B.,1529.4,2,1521.4,2.0,,,,,,
/player/khodorchenko/,Khodorchenko M.,1529.4,32,1296.8,6.0,1631.8,17.0,1565.7,1.0,,
/player/szasz-f2901/,Szasz M.,1529.3,2,1518.4,2.0,,,,,,
/player/ogunjobi/,Ogunjobi S.,1529.3,5,,,,,,,,
/player/voljacques/,Voljacques H.,1529.3,3,,,1540.1,3.0,,,,
/player/sun-e962f/,Sun M.,1529.3,4,1528.0,4.0,,,,,,
/player/marigliano/,Marigliano A.,1529.2,2,1519.2,2.0,,,,,,
/player/szymkowiak/,Szymkowiak K.,1529.2,11,1402.3,2.0,1586.8,9.0,,,,
/player/ghosh-08bdf/,Ghosh A.,1529.1,2,1529.1,2.0,,,,,,
/player/puget/,Puget A.,1529.0,3,,,1529.7,3.0,,,,
/player/tamura-3a9fd/,Tamura K.,1529.0,16,1530.8,16.0,,,,,,
/player/chabalgoity/,Chabalgoity P.,1529.0,3,1438.4,1.0,1548.3,2.0,,,,
/player/recchioni/,Recchioni J.,1528.8,2,,,1524.8,2.0,,,,
/player/rahimkhani/,Rahimkhani N.,1528.8,5,,,,,,,,
/player/xia-928c6/,Xia Y.,1528.6,62,1580.5,14.0,1552.0,31.0,1565.7,1.0,,
/player/trebukhin/,Trebukhin A.,1528.4,7,,,1425.3,4.0,,,,
/player/eiselmeier-81d3e/,Eiselmeier Y.,1528.4,1,1528.3,1.0,,,,,,
/player/weekes-0c599/,Weekes J.,1528.3,12,1434.3,1.0,1565.0,9.0,,,,
/player/koistila-larsson/,Koistila larsson K.,1528.3,9,1425.9,1.0,1583.0,6.0,,,,
/player/cogan-b073f/,Cogan R.,1528.3,5,1566.8,3.0,1451.4,1.0,,,,
/player/kinoshita-78645/,Kinoshita H.,1528.2,34,1516.4,31.0,,,1453.5,3.0,,
/player/lee-9bc69/,Lee D.,1528.2,4,1529.8,4.0,,,,,,
/player/dong-7a159/,Dong C.,1528.2,13,1492.4,5.0,1468.3,8.0,,,,
/player/grunewald/,Grunewald N.,1528.1,29,1285.7,5.0,1650.7,19.0,,,,
/player/spiers/,Spiers L.,1528.0,10,,,,,,,,
/player/nguyen-9c866/,Nguyen K.,1528.0,15,1512.8,9.0,,,,,1575.0,6.0
/player/bove-96610/,Bove F.,1527.9,20,1576.5,9.0,1458.2,9.0,,,,
/player/belgraver-e7964/,Belgraver J.,1527.8,15,,,1529.4,14.0,,,1457.3,1.0
/player/popescu-27c7f/,Popescu A.,1527.8,25,,,1530.3,25.0,,,,
/player/szabo-9f48d/,Szabo B.,1527.7,40,1426.4,1.0,1549.3,39.0,,,,
/player/martinez-47d3c/,Martinez A.,1527.7,27,1419.6,4.0,1603.9,22.0,1434.3,1.0,,
/player/mcintosh-ross/,McIntosh-Ross K.,1527.7,4,,,,,,,,
/player/bothma/,Bothma J.,1527.7,2,1520.8,2.0,,,,,,
/player/sagrista-bermejo/,Sagrista Bermejo M.,1527.7,2,,,1525.9,2.0,,,,
/player/rachapudi/,Rachapudi P.,1527.6,14,1560.5,12.0,1434.3,1.0,1434.3,1.0,,
/player/ishimwe-32594/,Ishimwe C.,1527.6,6,,,1469.6,3.0,,,,
/player/sorska/,Sorska A.,1527.6,7,1538.4,7.0,,,,,,
/player/gaskell/,Gaskell L.,1527.6,9,1498.4,2.0,1565.7,1.0,,,,
/player/dostanic/,Dostanic S.,1527.5,11,,,1525.7,11.0,,,,
/player/karra/,Karra T.,1527.4,27,1565.7,1.0,1456.6,4.0,,,,
/player/cantos-siemers/,Cantos Siemers I.,1527.4,2,,,,,,,1434.3,1.0
/player/agostini/,Agostini S.,1527.4,5,1615.3,2.0,1428.9,2.0,,,,
/player/ghibaudo/,Ghibaudo A.,1527.3,25,1501.2,8.0,1603.1,11.0,1318.8,6.0,,
/player/bernales/,Bernales J.,1527.3,7,1533.9,7.0,,,,,,
/player/bellotti/,Bellotti R.,1527.2,8,,,1517.5,8.0,,,,
/player/phimvongsa/,Phimvongsa L.,1527.1,6,,,,,,,,
/player/martikainen-df6e5/,Martikainen O.,1527.0,22,1433.1,1.0,1521.4,5.0,,,,
/player/cocciaretto/,Cocciaretto E.,1526.8,17,1503.3,4.0,1549.4,9.0,1417.0,2.0,,
/player/ustic/,Ustic M.,1526.8,13,,,1425.7,1.0,,,,
/player/renner-a783e/,Renner G.,1526.8,6,1435.1,1.0,1550.9,3.0,,,,
/player/simon-padros/,Simon Padros F.,1526.7,5,,,1537.5,5.0,,,,
/player/wildgruber/,Wildgruber A.,1526.6,31,1601.4,20.0,1375.0,11.0,,,,
/player/mail/,Mail M.,1526.6,1,,,,,,,,
/player/aguilera-guerrero/,Aguilera Guerrero E.,1526.5,6,1446.5,3.0,1571.6,3.0,,,,
/player/smiljanic-58e96/,Smiljanic N.,1526.5,4,,,1529.4,4.0,,,,
/player/cook-14285/,Cook E.,1526.5,15,1418.3,8.0,1551.5,6.0,,,,
/player/benamar-kerfah/,Benamar Kerfah M.,1526.5,5,,,,,,,,
/player/sirichantho/,Sirichantho P.,1526.4,4,,,1525.7,4.0,,,,
/player/silva-c55be/,Silva J.,1526.3,22,1609.8,10.0,1387.6,12.0,,,,
/player/la-cagnina/,La Cagnina N.,1526.3,33,1362.3,3.0,1550.8,30.0,,,,
/player/cheishvili/,Cheishvili A.,1526.3,9,1547.6,9.0,,,,,,
/player/raina/,Raina A.,1526.2,25,1510.1,22.0,,,,,1514.4,2.0
/player/hribar-0c7c2/,Hribar M.,1526.1,30,1396.1,9.0,1497.0,12.0,,,,
/player/krolitzky/,Krolitzky S.,1526.1,7,1511.2,7.0,,,,,,
/player/morolli/,Morolli A.,1526.0,24,1450.1,3.0,1580.9,12.0,1549.3,3.0,,
/player/sekachov/,Sekachov G.,1526.0,6,,,1513.4,6.0,,,,
/player/nidunjianzan/,Nidunjianzan F.,1525.9,5,,,1549.9,2.0,,,,
/player/reda-ezzat/,Reda Ezzat E.,1525.7,8,,,1462.1,3.0,,,,
/player/cristian/,Cristian J.,1525.7,14,,,1531.6,11.0,1472.2,3.0,,
/player/kalyaan-as/,Kalyaan As K.,1525.7,7,1441.1,1.0,1557.6,3.0,1504.6,2.0,,
/player/hazli/,Hazli D.,1525.7,5,,,,,,,,
/player/alhogbani-6937f/,Alhogbani A.,1525.6,26,1416.4,1.0,1495.6,21.0,,,,
/player/drayton/,Drayton T.,1525.6,25,1411.4,4.0,1523.7,17.0,,,,
/player/mangat-16643/,Mangat D.,1525.5,10,,,,,,,,
/player/dvorackova-8fda1/,Dvorackova A.,1525.5,15,,,1521.0,15.0,,,,
/player/jilly/,Jilly A.,1525.4,14,1382.9,5.0,1545.0,6.0,,,,
/player/mondazzi/,Mondazzi A.,1525.4,20,1496.3,4.0,1468.0,11.0,,,,
/player/strakhova/,Strakhova V.,1525.4,37,1429.4,7.0,1598.4,30.0,,,,
/player/de-ezcurra/,De Ezcurra L.,1525.4,7,1596.0,4.0,1449.6,3.0,,,,
/player/oliveira-c1a58/,Oliveira M.,1525.3,10,1508.3,2.0,1533.8,8.0,,,,
/player/corretja-a0838/,Corretja I.,1525.2,7,1506.8,2.0,1499.8,5.0,,,,
/player/kopriva/,Kopriva V.,1525.2,35,1428.5,10.0,1541.8,20.0,1496.7,5.0,,
/player/godinic/,Godinic R.,1525.1,3,,,1537.7,3.0,,,,
/player/jung-270ad/,Jung J.,1525.1,8,1382.1,3.0,1449.9,1.0,1596.6,4.0,,
/player/de-baene/,De Baene R.,1525.0,10,1601.9,6.0,1449.2,4.0,,,,
/player/nunez-7e736/,Nunez D.,1525.0,20,1510.5,2.0,1492.6,18.0,,,,
/player/makarova-b3ef2/,Makarova M.,1524.9,2,,,1529.4,2.0,,,,
/player/agelvis/,Agelvis M.,1524.9,5,,,,,,,,
/player/casas-blasi/,Casas Blasi J.,1524.9,20,1487.2,2.0,1493.2,14.0,,,,
/player/muelle-valdez/,Muelle Valdez Y.,1524.9,9,1638.2,4.0,1381.1,3.0,,,,
/player/kypriotis/,Kypriotis E.,1524.8,26,1372.5,5.0,1543.5,17.0,1565.7,1.0,,
/player/wang-45ea7/,Wang M.,1524.8,13,1539.3,9.0,1423.2,1.0,,,1441.0,3.0
/player/uta/,Uta D.,1524.7,16,1684.7,9.0,1392.9,6.0,,,,
/player/ristola/,Ristola E.,1524.7,4,,,,,,,,
/player/martinez-vaquero/,Martinez Vaquero M.,1524.6,38,1563.1,21.0,1468.1,15.0,,,1493.2,2.0
/player/lys/,Lys E.,1524.6,21,1479.2,8.0,1443.5,9.0,1394.2,4.0,,
/player/bogomolov-bc6b7/,Bogomolov A.,1524.5,4,,,1587.9,3.0,,,,
/player/condo/,Condo L.,1524.5,5,1366.9,2.0,1590.8,2.0,,,,
/player/sterniczuk/,Sterniczuk O.,1524.4,24,1471.0,3.0,1540.7,12.0,1434.3,1.0,,
/player/gerbaud/,Gerbaud T.,1524.3,24,1457.9,7.0,1476.7,16.0,,,,
/player/marcu-7d151/,Marcu T.,1524.3,26,,,1532.0,26.0,,,,
/player/saritas/,Saritas G.,1524.3,18,1539.0,6.0,1511.8,6.0,1422.1,1.0,,
/player/shang/,Shang J.,1524.3,9,1435.1,9.0,,,,,,
/player/zormann-45d50/,Zormann M.,1524.2,2,,,1523.1,2.0,,,,
/player/kohler-c7842/,Kohler A.,1524.2,2,,,1530.3,2.0,,,,
/player/huang-b8e0c/,Huang J.,1524.2,9,1644.2,2.0,1490.6,6.0,,,,
/player/lakshmi-prabha/,Lakshmi Prabha A.,1524.2,2,1524.4,2.0,,,,,,
/player/wisniewski-183e2/,Wisniewski D.,1524.1,11,1365.5,2.0,1614.2,5.0,,,,
/player/molaro/,Molaro N.,1523.9,7,,,1515.9,7.0,,,,
/player/li-47a47/,Li S.,1523.9,11,1469.8,3.0,1598.1,7.0,,,,
/player/wallart/,Wallart E.,1523.9,4,1524.6,4.0,,,,,,
/player/mirkovic-4f86b/,Mirkovic A.,1523.9,6,,,1548.3,5.0,,,,
/player/moratelli/,Moratelli A.,1523.8,6,,,1535.9,6.0,,,,
/player/hongsyok/,Hongsyok T.,1523.8,3,1548.6,3.0,,,,,,
/player/osterreicher/,Osterreicher M.,1523.7,16,1446.5,3.0,1561.9,11.0,,,,
/player/olar/,Olar J.,1523.5,10,,,,,,,,
/player/zlatohlavek/,Zlatohlávek T.,1523.5,4,,,,,,,,
/player/sahnoun/,Sahnoun N.,1523.5,26,1505.5,21.0,,,,,,
/player/alame-efff1/,Alame R.,1523.4,5,1519.0,5.0,,,,,,
/player/dungs/,Dungs P.,1523.4,10,,,1529.6,6.0,,,,
/player/martianova/,Martianova S.,1523.3,16,1528.7,16.0,,,,,,
/player/kamath-85263/,Kamath M.,1523.3,23,1610.3,4.0,1542.0,12.0,1504.6,2.0,,
/player/cortarello/,Cortarello J.,1523.2,2,,,1514.3,2.0,,,,
/player/chapman-e2c8a/,Chapman D.,1523.1,16,1533.5,16.0,,,,,,
/player/de-pellegrin/,De Pellegrin V.,1523.1,24,1485.8,9.0,,,,,,
/player/castellanos-067ce/,Castellanos Y.,1523.1,2,,,1506.1,2.0,,,,
/player/kavanagh/,Kavanagh S.,1523.0,8,1608.4,4.0,1447.1,4.0,,,,
/player/escurra-isnardi/,Escurra Isnardi H.,1523.0,11,1367.2,2.0,1572.4,6.0,,,,
/player/logrippo-14f56/,Logrippo R.,1522.9,4,1523.0,3.0,,,,,,
/player/nguyen-e4328/,Nguyen A.,1522.8,25,1552.7,14.0,1466.8,5.0,,,1434.3,1.0
/player/shearer-bda35/,Shearer M.,1522.8,32,1537.7,9.0,1517.6,14.0,1434.3,1.0,,
/player/nardi-e2cda/,Nardi L.,1522.8,15,1445.8,1.0,1492.3,8.0,1545.9,6.0,,
/player/ozeki/,Ozeki M.,1522.8,30,1547.2,27.0,,,,,1446.5,3.0
/player/diabate/,Diabate E.,1522.6,31,1510.4,12.0,1539.9,18.0,,,,
/player/milosavljevic-8f119/,Milosavljevic M.,1522.6,6,,,1518.4,6.0,,,,
/player/spurling/,Spurling N.,1522.6,16,,,,,,,,
/player/ohwaki/,Ohwaki Y.,1522.6,38,1538.6,30.0,,,,,1498.3,4.0
/player/kovgan/,Kovgan K.,1522.5,32,,,1509.3,29.0,,,,
/player/lababidi/,Lababidi A.,1522.5,2,,,1503.4,2.0,,,,
/player/cirotte/,Cirotte C.,1522.5,2,,,1524.0,2.0,,,,
/player/calvo-b7df7/,Calvo R.,1522.4,4,1521.7,4.0,,,,,,
/player/wolfschmidt/,Wolfschmidt A.,1522.4,2,,,1522.7,2.0,,,,
/player/krecklenberg/,Krecklenberg N.,1522.4,2,1516.1,2.0,,,,,,
/player/kostecka/,Kostecka B.,1522.3,2,,,1521.8,2.0,,,,
/player/rage/,Rage K.,1522.3,3,,,1531.5,3.0,,,,
/player/pandit-42398/,Pandit A.,1522.2,12,,,,,,,,
/player/guajardo-c41b9/,Guajardo A.,1522.2,11,1565.7,1.0,1478.9,5.0,1446.6,1.0,,
/player/vishal-balsekar/,Vishal Balsekar A.,1522.2,28,1489.0,18.0,1552.0,7.0,1434.3,1.0,,
/player/novak-5604d/,Novak K.,1522.2,27,1525.5,13.0,1441.8,14.0,,,,
/player/martishev/,Martishev V.,1522.2,27,1434.3,1.0,1671.6,14.0,1565.7,1.0,,
/player/jagare/,Jagare T.,1522.1,2,,,1525.2,2.0,,,,
/player/rathi-17b56/,Rathi A.,1522.1,10,1533.3,10.0,,,,,,
/player/sema-dd9a4/,Sema E.,1522.0,35,1519.6,28.0,,,,,1673.4,7.0
/player/villoslada/,Villoslada E.,1522.0,24,1532.4,6.0,1454.8,17.0,,,,
/player/pedro-a42fa/,Pedro E.,1522.0,4,,,,,,,,
/player/meliss/,Meliss V.,1521.9,26,1636.7,6.0,1466.0,20.0,,,,
/player/segado-esteve/,Segado Esteve R.,1521.9,10,,,1569.0,3.0,1566.5,1.0,,
/player/berdankov/,Berdankov D.,1521.8,8,1614.4,2.0,1460.4,3.0,1504.6,2.0,,
/player/puig-mccallan/,Puig McCallan J.,1521.7,2,,,1523.6,2.0,,,,
/player/reusch/,Reusch G.,1521.7,7,,,1521.3,7.0,,,,
/player/toma-2919f/,Toma M.,1521.7,31,1503.2,10.0,1506.6,21.0,,,,
/player/de-zeeuw/,De Zeeuw J.,1521.6,7,,,1506.4,7.0,,,,
/player/livet-novkirichka/,Livet Novkirichka F.,1521.5,21,1579.6,10.0,1419.4,11.0,,,,
/player/alexander-b17ae/,Alexander A.,1521.3,9,1535.5,8.0,1436.0,1.0,,,,
/player/kadobine/,Kadobine V.,1521.3,3,,,1599.9,2.0,,,,
/player/melzer-a5987/,Melzer G.,1521.2,2,,,1521.2,2.0,,,,
/player/popa-lazar/,Popa Lazar A.,1521.2,3,,,1527.4,3.0,,,,
/player/petrov-80599/,Petrov P.,1521.1,19,1565.7,1.0,1421.4,8.0,,,,
/player/munoz-1a9fc/,Munoz E.,1521.0,7,1509.2,4.0,1532.0,3.0,,,,
/player/sadecky/,Sadecky A.,1521.0,4,,,1518.6,4.0,,,,
/player/aihara-dd318/,Aihara K.,1521.0,4,,,,,,,,
/player/baratto/,Baratto B.,1521.0,2,,,1516.8,2.0,,,,
/player/boubaker-d84ed/,Boubaker Y.,1521.0,2,,,1519.6,2.0,,,,
/player/pantaratorn/,Pantaratorn K.,1520.9,4,,,1528.9,4.0,,,,
/player/oh-800ea/,Oh J.,1520.9,22,1518.9,18.0,,,,,1498.4,4.0
/player/clark-0707b/,Clark E.,1520.9,2,,,,,1565.7,1.0,,
/player/knesl/,Knesl D.,1520.8,14,,,,,,,,
/player/paulus-2648c/,Paulus A.,1520.7,2,,,1539.7,2.0,,,,
/player/perelman/,Perelman A.,1520.6,5,,,,,,,,
/player/flipkens/,Flipkens K.,1520.6,2,,,1520.8,2.0,,,,
/player/liao-9a0f6/,Liao Z.,1520.6,2,1502.9,2.0,,,,,,
/player/bassem-sobhy/,Bassem Sobhy M.,1520.6,18,1557.4,6.0,1569.0,9.0,1504.6,2.0,1434.3,1.0
/player/bairo/,Bairo D.,1520.6,2,,,1515.5,2.0,,,,
/player/tokac-d51e5/,Tokac T.,1520.5,11,1564.1,6.0,1516.1,4.0,,,,
/player/reveniau/,Reveniau S.,1520.5,2,,,1485.5,2.0,,,,
/player/ma-e1c38/,Ma P.,1520.5,6,1553.4,5.0,,,1434.3,1.0,,
/player/molino/,Molino J.,1520.4,6,,,1435.2,1.0,1626.7,2.0,,
/player/zhuwakini/,Zhuwakini C.,1520.4,2,,,,,,,,
/player/schueller-fc252/,Schueller A.,1520.3,34,1498.1,17.0,1535.1,17.0,,,,
/player/tsirikidze/,Tsirikidze V.,1520.3,5,1548.9,3.0,,,,,,
/player/profili/,Profili D.,1520.3,4,,,1573.0,3.0,,,,
/player/bagaric-b34c3/,Bagaric D.,1520.2,6,1483.8,2.0,1562.3,3.0,,,,
/player/matikainen/,Matikainen E.,1520.2,2,1491.4,2.0,,,,,,
/player/batsabaken/,Batsabaken Y.,1520.2,27,1509.7,6.0,1581.3,15.0,1404.0,2.0,,
/player/hawkshaw/,Hawkshaw S.,1520.2,2,1520.0,2.0,,,,,,
/player/hayduke-ii/,Hayduke II A.,1520.1,15,,,,,,,,
/player/haddouch/,Haddouch I.,1520.1,21,1526.2,7.0,1522.0,6.0,1565.7,1.0,,
/player/bakhtiyar/,Bakhtiyar E.,1520.1,3,,,1474.2,2.0,,,,
/player/aufiero-f0426/,Aufiero A.,1520.1,3,,,1494.1,2.0,,,,
/player/allen-f72ad/,Allen L.,1520.1,30,1528.1,6.0,1465.1,17.0,1626.7,2.0,,
/player/guinness/,Guinness T.,1520.0,2,,,1520.0,2.0,,,,
/player/stagno/,Stagno B.,1520.0,16,1455.2,1.0,1530.2,15.0,,,,
/player/svendsen/,Svendsen J.,1520.0,12,1462.9,1.0,1654.3,7.0,,,,
/player/silva-cc86e/,Silva L.,1519.8,33,1468.7,8.0,1511.9,16.0,1562.0,3.0,,
/player/pan-1acde/,Pan W.,1519.8,16,1573.3,7.0,1422.2,7.0,1565.7,1.0,,
/player/kim-355ab/,Kim Y.,1519.8,9,1513.1,9.0,,,,,,
/player/tosetto-ca0b8/,Tosetto V.,1519.8,4,,,1459.7,3.0,1565.7,1.0,,
/player/borlee/,Borlee I.,1519.7,3,1624.6,2.0,1432.7,1.0,,,,
/player/erhardt-5ee1c/,Erhardt M.,1519.6,10,1553.9,5.0,1494.4,2.0,,,,
/player/colombo-7a88f/,Colombo K.,1519.6,2,1501.5,2.0,,,,,,
/player/reddy-8658d/,Reddy V.,1519.5,8,1536.8,6.0,1565.7,1.0,,,,
/player/vanstone-mcgrath/,Vanstone McGrath C.,1519.5,16,1521.9,16.0,,,,,,
/player/shabanpour/,Shabanpour H.,1519.5,8,1526.3,8.0,,,,,,
/player/oh-0729f/,Oh Y.,1519.5,13,1530.8,11.0,,,,,1504.6,2.0
/player/griffiths-d43a5/,Griffiths E.,1519.5,12,1547.9,10.0,,,1502.0,2.0,,
/player/bretnacher/,Bretnacher J.,1519.4,29,1559.8,18.0,1474.9,9.0,,,1493.2,2.0
/player/pesino/,Pesino S.,1519.4,32,1666.9,9.0,1460.3,19.0,1434.3,1.0,,
/player/krasner/,Krasner D.,1519.4,20,,,,,,,,
/player/krywoj/,Krywoj M.,1519.3,2,,,,,,,1531.6,2.0
/player/deppner/,Deppner S.,1519.2,13,1537.9,9.0,1494.5,2.0,,,1493.2,2.0
/player/moise-ec886/,Moise P.,1519.2,3,1542.4,1.0,1443.0,1.0,,,,
/player/huarte/,Huarte M.,1519.1,8,1434.3,1.0,1434.3,1.0,1434.3,1.0,,
/player/ronde/,Ronde S.,1519.1,20,1486.1,11.0,1620.5,9.0,,,,
/player/kong-31099/,Kong W.,1519.1,10,1481.4,5.0,1540.6,4.0,,,,
/player/brignacca/,Brignacca A.,1519.0,22,1462.1,1.0,1570.9,9.0,1565.7,1.0,,
/player/clerc-bd439/,Clerc R.,1518.9,2,1515.3,2.0,,,,,,
/player/etty/,Etty E.,1518.9,10,1419.7,1.0,1524.1,2.0,1565.7,1.0,,
/player/barbic/,Barbic A.,1518.9,28,1502.5,5.0,1494.5,18.0,1436.9,3.0,,
/player/allegre-b53ff/,Allegre C.,1518.8,13,1569.2,12.0,,,,,1434.3,1.0
/player/torres-gomez/,Torres Gomez F.,1518.7,5,1514.0,5.0,,,,,,
/player/chimchum/,Chimchum Y.,1518.7,6,1517.2,6.0,,,,,,
/player/seric-3b039/,Seric L.,1518.6,5,,,1519.0,5.0,,,,
/player/sebbar/,Sebbar G.,1518.6,2,,,1518.5,2.0,,,,
/player/clarijs/,Clarijs R.,1518.5,18,,,,,,,,
/player/moore-867cf/,Moore C.,1518.5,5,1529.2,5.0,,,,,,
/player/moraing/,Moraing M.,1518.5,2,,,1512.5,2.0,,,,
/player/kovacevic-80786/,Kovacevic T.,1518.4,19,,,1496.2,18.0,,,,
/player/mansilla-diez/,Mansilla Diez M.,1518.4,4,1441.1,1.0,1574.5,3.0,,,,
/player/suzuki-77779/,Suzuki M.,1518.4,2,1520.4,2.0,,,,,,
/player/suarez-e2086/,Suarez B.,1518.3,8,1549.4,5.0,1434.3,1.0,1439.2,1.0,,
/player/meshcheryakova/,Meshcheryakova K.,1518.3,23,1529.1,21.0,1485.2,2.0,,,,
/player/gomes-0945b/,Gomes E.,1518.2,2,1496.1,2.0,,,,,,
/player/gibbs-619d0/,Gibbs K.,1518.2,8,1542.7,4.0,,,,,,
/player/fanara/,Fanara C.,1518.2,2,,,1504.6,2.0,,,,
/player/oliynykov/,Oliynykov N.,1518.1,18,1444.5,3.0,1537.7,9.0,1626.7,2.0,,
/player/zrnic/,Zrnic V.,1518.1,6,,,1517.3,6.0,,,,
/player/marcinkevica/,Marcinkevica D.,1518.0,65,1463.1,10.0,1464.4,11.0,,,,
/player/jimenez-kasintseva/,Jimenez Kasintseva V.,1518.0,21,1489.3,6.0,1469.7,13.0,1434.3,1.0,,
/player/benko/,Benko M.,1517.9,6,,,1520.1,6.0,,,,
/player/fuchs-677b1/,Fuchs Z.,1517.9,2,1581.7,1.0,,,,,,
/player/malacek-5ef15/,Malacek D.,1517.9,2,1526.0,2.0,,,,,,
/player/katsumi-f5681/,Katsumi N.,1517.8,30,1524.6,29.0,,,1434.3,1.0,,
/player/dyussebay/,Dyussebay I.,1517.8,18,1549.9,17.0,,,,,1421.2,1.0
/player/behera/,Behera D.,1517.8,5,1513.2,5.0,,,,,,
/player/tresca/,Tresca G.,1517.6,4,,,,,,,,
/player/rivera-corado/,Rivera Corado M.,1517.5,8,,,1543.3,5.0,,,,
/player/sun-00a62/,Sun Z.,1517.5,8,1438.4,1.0,1495.9,6.0,,,,
/player/kichenok-54bec/,Kichenok N.,1517.5,2,1517.0,2.0,,,,,,
/player/vale/,Vale D.,1517.5,2,,,1530.9,2.0,,,,
/player/pogosian/,Pogosian S.,1517.5,6,1615.3,2.0,1443.8,1.0,1434.3,1.0,,
/player/reynoldson/,Reynoldson E.,1517.4,19,,,,,,,,
/player/bracks/,Bracks L.,1517.4,2,,,1493.2,2.0,,,,
/player/stroemberg/,Stroemberg I.,1517.4,17,1515.7,4.0,1564.9,6.0,1446.5,3.0,,
/player/soares-4a33e/,Soares H.,1517.3,6,1541.2,5.0,1464.8,1.0,,,,
/player/muenster/,Muenster M.,1517.2,6,,,1630.1,4.0,,,,
/player/martinez-2eb4e/,Martinez M.,1517.2,4,,,1514.5,4.0,,,,
/player/crossman-558d9/,Crossman I.,1517.2,11,1534.0,8.0,,,,,,
/player/kovinic/,Kovinic D.,1517.2,10,,,1504.3,10.0,,,,
/player/perez-acosta/,Perez Acosta M.,1517.2,4,,,,,,,,
/player/lombardi-db481/,Lombardi J.,1517.1,6,,,,,,,,
/player/garcia-6e649/,Garcia R.,1517.0,4,,,,,,,,
/player/nagoudi/,Nagoudi A.,1516.9,7,1506.9,2.0,1501.9,4.0,,,,
/player/andrei-de9f6/,Andrei A.,1516.9,4,,,1518.1,4.0,,,,
/player/moraing-a03c8/,Moraing O.,1516.8,3,1618.2,2.0,1436.4,1.0,,,,
/player/xiao-3e1a4/,Xiao L.,1516.8,2,1505.6,2.0,,,,,,
/player/wong-726e5/,Wong I.,1516.7,9,1504.2,9.0,,,,,,
/player/facek/,Facek J.,1516.7,15,1523.8,2.0,1489.0,8.0,1565.7,1.0,,
/player/vismane/,Vismane D.,1516.6,25,1492.1,9.0,1497.1,16.0,,,,
/player/oliver-90067/,Oliver N.,1516.6,24,,,1434.3,1.0,,,,
/player/ciobotaru/,Ciobotaru D.,1516.6,13,1464.7,3.0,1654.1,6.0,1434.3,1.0,,
/player/konduri/,Konduri T.,1516.5,6,1565.7,1.0,1467.4,5.0,,,,
/player/vickery/,Vickery S.,1516.4,6,1592.7,4.0,1434.3,1.0,1434.3,1.0,,
/player/sabaliauskas/,Sabaliauskas A.,1516.2,10,,,,,,,,
/player/bossel/,Bossel A.,1516.1,5,,,1516.1,5.0,,,,
/player/poklemba/,Poklemba F.,1516.0,14,1570.8,3.0,1504.7,6.0,1434.3,1.0,,
/player/ngounoue/,Ngounoue M.,1516.0,17,1547.0,3.0,1456.6,8.0,,,1422.1,1.0
/player/alam-65632/,Alam P.,1516.0,13,1422.1,1.0,1502.0,8.0,1504.6,2.0,,
/player/doig/,Doig C.,1516.0,5,1591.4,3.0,,,,,,
/player/couturier-c3704/,Couturier L.,1516.0,30,1560.7,14.0,1467.5,15.0,,,,
/player/spink/,Spink I.,1516.0,29,1556.5,28.0,,,1417.6,1.0,,
/player/andreevskaya/,Andreevskaya V.,1515.9,5,,,,,,,,
/player/vu-89974/,Vu H.,1515.9,16,1414.9,2.0,1487.1,5.0,,,,
/player/wiger-nordas/,Wiger Nordas B.,1515.8,33,,,1632.7,2.0,1434.3,1.0,,
/player/kwag/,Kwag H.,1515.8,5,,,1535.9,5.0,,,,
/player/stewart-f4060/,Stewart A.,1515.7,8,1506.2,2.0,1568.9,5.0,,,,
/player/todoran/,Todoran M.,1515.7,5,1481.9,1.0,1515.1,4.0,,,,
/player/iakukhina/,Iakukhina S.,1515.7,5,1523.9,5.0,,,,,,
/player/storch-68aa6/,Storch S.,1515.6,40,1364.4,9.0,1565.3,26.0,1434.3,1.0,,
/player/bluestein/,Bluestein C.,1515.6,14,,,,,,,,
/player/itaya/,Itaya R.,1515.6,5,1513.7,5.0,,,,,,
/player/tepic-91702/,Tepic N.,1515.6,7,,,1500.7,7.0,,,,
/player/gayoso-de-los-rios/,Gayoso de los Rios M.,1515.5,2,,,1507.9,2.0,,,,
/player/guarducci/,Guarducci F.,1515.5,11,1533.5,3.0,1561.1,6.0,,,,
/player/casari/,Casari A.,1515.4,29,1557.4,16.0,1384.6,13.0,,,,
/player/nilsson-a2994/,Nilsson T.,1515.4,2,1507.0,2.0,,,,,,
/player/singh-5d8a7/,Singh M.,1515.4,4,1508.4,4.0,,,,,,
/player/alberto-2688b/,Alberto M.,1515.4,8,1458.5,5.0,1548.7,3.0,,,,
/player/macej/,Macej D.,1515.3,3,,,1508.2,3.0,,,,
/player/yang-2e6d1/,Yang A.,1515.2,13,1539.7,13.0,,,,,,
/player/naswardhani/,Naswardhani L.,1515.2,2,1517.3,2.0,,,,,,
/player/basel/,Basel V.,1515.2,16,1488.3,2.0,1470.7,13.0,1434.3,1.0,,
/player/lopes-cf82e/,Lopes M.,1515.2,5,1551.8,5.0,,,,,,
/player/pikkaart/,Pikkaart J.,1515.1,28,1581.7,1.0,1486.1,7.0,,,,
/player/kucera-a604a/,Kucera J.,1515.1,7,1518.4,2.0,1488.8,5.0,,,,
/player/dzjachangirova/,Dzjachangirova M.,1515.1,37,1477.5,8.0,1449.2,3.0,,,,
/player/suresh-b7e90/,Suresh D.,1515.1,30,1545.0,5.0,1484.0,22.0,1434.3,1.0,,
/player/barros-corredor/,Barros Corredor N.,1515.0,2,,,1508.7,2.0,,,,
/player/aydin-4b627/,Aydin E.,1515.0,13,1531.1,2.0,1518.2,7.0,1434.3,1.0,,
/player/du-toit-05102/,Du Toit L.,1515.0,2,1515.0,2.0,,,,,,
/player/goncalves-ceolin/,Goncalves Ceolin J.,1515.0,20,1578.5,7.0,1441.0,12.0,,,,
/player/sharma-f2a89/,Sharma A.,1515.0,9,1530.8,3.0,1434.0,6.0,,,,
/player/wurst/,Wurst L.,1515.0,2,,,1502.8,2.0,,,,
/player/mtisi/,Mtisi R.,1515.0,18,1390.4,4.0,1508.7,10.0,,,,
/player/brajkov/,Brajkov M.,1514.9,2,,,1513.6,2.0,,,,
/player/avdeev-df091/,Avdeev K.,1514.9,4,,,1452.7,1.0,1493.2,2.0,,
/player/gonzalez-fernandez-c548b/,Gonzalez Fernandez M.,1514.9,32,1487.4,13.0,1446.2,19.0,,,,
/player/lim-a9868/,Lim E.,1514.9,6,1510.8,6.0,,,,,,
/player/niyetkaliyev/,Niyetkaliyev A.,1514.9,5,1434.3,1.0,1587.3,2.0,,,,
/player/eriksson-9f175/,Eriksson A.,1514.7,15,1399.0,4.0,1492.7,8.0,,,,
/player/cherif-ab6ae/,Cherif M.,1514.7,2,,,1499.5,2.0,,,,
/player/mcgloughlin/,McGloughlin J.,1514.6,35,1400.3,2.0,1536.6,7.0,1422.2,1.0,,
/player/haus-8967a/,Haus J.,1514.6,5,1515.1,2.0,1473.9,1.0,,,,
/player/bokova/,Bokova V.,1514.5,6,,,1511.5,6.0,,,,
/player/ishii-f1801/,Ishii A.,1514.5,8,1528.8,8.0,,,,,,
/player/rutlauka/,Rutlauka S.,1514.5,31,1507.4,31.0,,,,,,
/player/cardona-herrera/,Cardona Herrera T.,1514.4,10,,,,,,,,
/player/alvarado-4663f/,Alvarado P.,1514.4,27,1451.1,5.0,1416.0,7.0,,,,
/player/li-70d7e/,Li A.,1514.4,6,,,,,,,,
/player/bredberg-canizares/,Bredberg Canizares D.,1514.4,24,1434.3,1.0,1552.6,17.0,,,,
/player/gaal-89550/,Gaal C.,1514.3,8,1504.2,8.0,,,,,,
/player/arus/,Arus R.,1514.2,4,,,1506.7,4.0,,,,
/player/noguero-asensio/,Noguero Asensio E.,1514.2,3,,,,,,,,
/player/kardos/,Kardos L.,1514.1,4,,,1515.5,4.0,,,,
/player/gomez-0d12e/,Gomez J.,1514.1,13,1504.6,2.0,1487.1,11.0,,,,
/player/fantousis/,Fantousis E.,1514.1,7,1503.9,7.0,,,,,,
/player/haviland/,Haviland R.,1514.1,14,1542.6,3.0,1472.7,9.0,,,,
/player/markham-468e9/,Markham A.,1514.1,13,,,1527.6,13.0,,,,
/player/apostol-90b8f/,Apostol C.,1514.0,28,1631.4,2.0,1471.0,10.0,1626.7,2.0,,
/player/francisco-ffea7/,Francisco L.,1514.0,4,,,,,,,,
/player/nita-efca9/,Nita S.,1514.0,16,1537.7,16.0,,,,,,
/player/han-45838/,Han C.,1513.9,4,,,,,,,,
/player/ahren-moonga/,Ahren Moonga E.,1513.9,15,1540.9,10.0,1468.3,5.0,,,,
/player/petrache-05a55/,Petrache A.,1513.8,4,,,1509.5,4.0,,,,
/player/folkheims/,Folkheims D.,1513.8,15,1390.6,4.0,1627.2,9.0,,,,
/player/rosellini/,Rosellini E.,1513.8,7,,,1607.1,5.0,,,,
/player/fernandez-5ed6d/,Fernandez B.,1513.7,2,1506.3,2.0,,,,,,
/player/smart-510a3/,Smart H.,1513.7,2,1523.5,2.0,,,,,,
/player/tacanho/,Tacanho G.,1513.7,2,,,1458.1,1.0,,,,
/player/doldan-3d86a/,Doldan Z.,1513.7,12,1484.8,2.0,1512.1,8.0,,,1493.2,2.0
/player/talavera-cortes/,Talavera Cortes E.,1513.7,37,1421.2,6.0,1520.4,24.0,1626.7,2.0,,
/player/ren-c10c4/,Ren H.,1513.6,23,1565.7,1.0,1484.2,2.0,1434.3,1.0,,
/player/pergola/,Pergola A.,1513.6,4,,,,,1550.6,3.0,,
/player/boehler/,Boehler D.,1513.6,6,,,1512.1,6.0,,,,
/player/emiral/,Emiral D.,1513.5,2,,,1500.5,2.0,,,,
/player/de-dios/,De Dios F.,1513.5,37,1588.5,7.0,1442.5,17.0,1569.3,3.0,,
/player/warik/,Warik C.,1513.5,43,1609.6,4.0,1521.7,19.0,1561.2,3.0,,
/player/cucu-7dee2/,Cucu S.,1513.4,29,,,1498.1,29.0,,,,
/player/kanta/,Kanta S.,1513.4,4,1504.5,4.0,,,,,,
/player/elwali/,Elwali M.,1513.3,2,,,,,,,,
/player/martinez-onsalo/,Martinez Onsalo G.,1513.2,2,1452.5,1.0,1551.5,1.0,,,,
/player/skopintseva/,Skopintseva P.,1513.2,10,1508.2,10.0,,,,,,
/player/oh-74331/,Oh S.,1513.2,5,,,1523.6,5.0,,,,
/player/thompson-d1c4e/,Thompson W.,1513.2,4,,,,,,,,
/player/avendano-cadena/,Avendano Cadena M.,1513.0,2,,,,,1565.7,1.0,,
/player/laumon/,Laumon J.,1513.0,2,,,1564.0,1.0,,,,
/player/bukin/,Bukin A.,1513.0,7,1565.7,1.0,1479.0,6.0,,,,
/player/coria-df292/,Coria F.,1512.9,16,1465.2,1.0,1502.2,13.0,1506.5,2.0,,
/player/dvortsova/,Dvortsova S.,1512.9,2,,,1511.7,2.0,,,,
/player/boulard/,Boulard L.,1512.8,32,1532.4,9.0,1546.9,19.0,,,1413.8,4.0
/player/tsantaniony/,Tsantaniony I.,1512.8,4,,,,,,,,
/player/martin-6de70/,Martin M.,1512.8,9,1367.5,3.0,1605.1,4.0,1494.5,2.0,,
/player/toregen/,Toregen S.,1512.8,24,1518.8,24.0,,,,,,
/player/altuntas-1fd51/,Altuntas E.,1512.7,2,,,1513.7,2.0,,,,
/player/giotis/,Giotis R.,1512.7,25,1562.0,3.0,1493.3,20.0,,,,
/player/robas/,Robas D.,1512.7,7,,,1581.9,6.0,1434.3,1.0,,
/player/lepchenko/,Lepchenko V.,1512.6,31,1446.8,10.0,1561.0,20.0,1434.3,1.0,,
/player/loof/,Loof T.,1512.6,6,1511.4,3.0,1504.6,2.0,1434.3,1.0,,
/player/steveker-aa868/,Steveker F.,1512.6,11,,,,,,,,
/player/fu-061e3/,Fu H.,1512.5,12,,,1439.3,1.0,,,,
/player/bonaventure/,Bonaventure Y.,1512.5,3,,,1478.9,3.0,,,,
/player/wills-843ac/,Wills G.,1512.5,2,,,1497.2,2.0,,,,
/player/synii/,Synii N.,1512.5,3,1565.7,1.0,1474.7,2.0,,,,
/player/djafari/,Djafari L.,1512.4,17,1528.1,6.0,1473.5,11.0,,,,
/player/mctorry/,McTorry C.,1512.4,4,,,,,,,,
/player/diatchenko/,Diatchenko V.,1512.4,3,1517.2,3.0,,,,,,
/player/glavas-15720/,Glavas C.,1512.3,4,,,,,,,,
/player/yunez/,Yunez L.,1512.3,2,,,1513.1,2.0,,,,
/player/hebhang-balan/,Hebhang Balan A.,1512.3,29,1514.9,6.0,1540.3,16.0,1434.3,1.0,,
/player/maia-c6715/,Maia H.,1512.3,15,1586.4,6.0,1366.3,3.0,,,,
/player/akcan/,Akcan M.,1512.3,5,,,,,,,,
/player/uchiyama/,Uchiyama Y.,1512.2,7,1504.9,7.0,,,,,,
/player/weaver-5a7a7/,Weaver V.,1512.2,4,,,,,,,,
/player/schmid-398f3/,Schmid P.,1512.2,4,1553.1,3.0,1425.6,1.0,,,,
/player/prod-homme-4679a/,Prod'homme B.,1512.2,2,1524.1,2.0,,,,,,
/player/murashka-55bc5/,Murashka L.,1512.1,3,,,,,,,,
/player/arauzo-martinez/,Arauzo-Martinez J.,1512.1,4,,,1545.5,2.0,,,,
/player/barrera-aguirre/,Barrera Aguirre I.,1512.1,31,1537.1,6.0,1474.3,25.0,,,,
/player/barreira-bonzom/,Barreira Bonzom V.,1512.0,11,1384.7,2.0,1591.5,8.0,1434.3,1.0,,
/player/aulia/,Aulia C.,1512.0,4,1516.3,4.0,,,,,,
/player/degac/,Degac S.,1512.0,2,,,1504.6,2.0,,,,
/player/vergara-del-puerto/,Vergara Del Puerto M.,1512.0,6,1471.9,4.0,1486.2,2.0,,,,
/player/inostroza-alfaro/,Inostroza Alfaro J.,1511.9,2,,,1508.2,2.0,,,,
/player/pontes-tourinho/,Pontes Tourinho N.,1511.8,7,1570.9,6.0,1425.8,1.0,,,,
/player/bajramovic-b7434/,Bajramovic I.,1511.8,3,1512.3,3.0,,,,,,
/player/baudel/,Baudel A.,1511.6,6,1444.7,1.0,1554.9,5.0,,,,
/player/duran-77e40/,Duran C.,1511.6,15,1495.6,4.0,1458.3,8.0,1626.7,2.0,,
/player/gasparovic-160ab/,Gasparovic C.,1511.6,14,1513.6,4.0,1512.9,7.0,,,,
/player/gorin/,Gorin E.,1511.6,9,1578.7,3.0,1456.2,3.0,,,,
/player/russo-8e37f/,Russo G.,1511.5,15,1443.5,7.0,1586.9,8.0,,,,
/player/martinez-38a53/,Martinez Z.,1511.5,2,,,,,,,1493.2,2.0
/player/hans-ed1de/,Hans K.,1511.5,4,1506.8,2.0,1483.9,2.0,,,,
/player/rohlin/,Rohlin L.,1511.5,2,1565.7,1.0,,,,,,
/player/mosolkin/,Mosolkin I.,1511.3,2,,,1504.6,2.0,,,,
/player/kamendje/,Kamendje S.,1511.3,13,1380.7,2.0,1538.1,3.0,1434.3,1.0,,
/player/brown-8f879/,Brown A.,1511.2,13,1610.4,2.0,1529.3,9.0,,,,
/player/watanabe-02a0a/,Watanabe Y.,1511.1,6,1508.0,6.0,,,,,,
/player/seo-0f93b/,Seo H.,1511.1,2,,,1516.2,2.0,,,,
/player/gonik/,Gonik R.,1511.0,2,1504.5,2.0,,,,,,
/player/rivoli/,Rivoli P.,1510.9,5,1435.4,1.0,1566.0,4.0,,,,
/player/khan-d77ca/,Khan B.,1510.8,4,,,1523.9,4.0,,,,
/player/ramanathan-8ace3/,Ramanathan R.,1510.7,7,,,1478.8,7.0,,,,
/player/maack-76146/,Maack L.,1510.7,2,,,1524.3,2.0,,,,
/player/frankovic/,Frankovic J.,1510.6,2,,,,,1565.7,1.0,,
/player/rey-garcia-2ccc4/,Rey Garcia A.,1510.6,35,1523.7,21.0,1520.4,14.0,,,,
/player/borodulina/,Borodulina V.,1510.5,49,,,1450.0,18.0,,,,
/player/carrascosa-diaz-4432f/,Carrascosa Diaz M.,1510.5,17,1354.3,3.0,1578.4,13.0,,,,
/player/martinez-jimenez-743f4/,Martinez Jimenez S.,1510.4,3,1502.0,3.0,,,,,,
/player/kharchenko-e2175/,Kharchenko A.,1510.4,3,1495.8,3.0,,,,,,
/player/wygona/,Wygona J.,1510.3,24,1491.5,7.0,1485.0,11.0,1434.3,1.0,,
/player/zgraggen-d6eee/,Zgraggen L.,1510.2,4,,,1472.4,2.0,1434.3,1.0,,
/player/forbes-0b703/,Forbes M.,1510.2,11,1467.1,7.0,,,1571.0,3.0,1434.3,1.0
/player/kujovic/,Kujovic K.,1510.2,33,1556.6,13.0,1368.9,13.0,,,1506.8,2.0
/player/danilova/,Danilova A.,1510.2,13,1547.6,4.0,1488.6,9.0,,,,
/player/alazmeh-544a8/,Alazmeh T.,1510.2,14,1426.0,4.0,1501.0,7.0,1504.6,2.0,,
/player/alkotop/,Alkotop M.,1510.2,12,1417.1,3.0,1614.5,7.0,,,,
/player/burdet/,Burdet A.,1510.2,39,1485.9,9.0,1478.2,26.0,1626.7,2.0,,
/player/toth-8a51e/,Toth A.,1510.0,19,,,1486.3,16.0,,,,
/player/vertberger/,Vertberger I.,1510.0,11,1421.9,4.0,1548.6,7.0,,,,
/player/venkatesan-faf39/,Venkatesan D.,1510.0,2,1493.2,2.0,,,,,,
/player/banks-ed4a2/,Banks A.,1509.9,2,1513.5,2.0,,,,,,
/player/gonzalez-benitez/,Gonzalez Benitez F.,1509.9,4,1501.1,2.0,1506.6,2.0,,,,
/player/kyselova-95de3/,Kyselova A.,1509.9,7,,,1506.5,7.0,,,,
/player/barry-728e2/,Barry M.,1509.8,23,1520.4,15.0,1420.8,4.0,1565.7,1.0,,
/player/lorusso/,Lorusso L.,1509.7,19,1610.3,12.0,1262.5,7.0,,,,
/player/pisanu/,Pisanu M.,1509.6,25,1384.2,5.0,1425.5,13.0,1384.7,2.0,,
/player/paskauskas-f6f28/,Paskauskas G.,1509.6,2,1512.6,2.0,,,,,,
/player/cau/,Cau A.,1509.5,4,,,,,,,,
/player/cvanciger/,Cvanciger L.,1509.4,13,,,,,,,,
/player/iankovskaia/,Iankovskaia A.,1509.2,30,1532.8,25.0,1465.3,5.0,,,,
/player/januchowski/,Januchowski J.,1509.2,16,1344.9,2.0,1468.5,6.0,,,,
/player/podlinska/,Podlinska M.,1509.2,37,1425.3,2.0,1537.6,27.0,,,,
/player/cai-21fca/,Cai S.,1509.2,2,,,1510.1,2.0,,,,
/player/bartone/,Bartone K.,1509.1,10,1536.9,4.0,1481.6,6.0,,,,
/player/palan/,Palan D.,1509.0,37,1504.4,30.0,1325.2,7.0,,,,
/player/phang-ziyi/,Phang Ziyi N.,1509.0,13,1514.4,13.0,,,,,,
/player/godi-1cef2/,Godi Z.,1509.0,5,,,1540.4,4.0,,,,
/player/rustemova/,Rustemova Z.,1509.0,8,1520.4,8.0,,,,,,
/player/castle/,Castle M.,1508.9,8,1586.7,1.0,1435.8,1.0,1553.4,1.0,,
/player/fannin-ab62c/,Fannin L.,1508.9,11,1535.9,3.0,,,,,,
/player/sood-7a845/,Sood L.,1508.9,6,1605.1,2.0,,,1495.4,2.0,,
/player/jauregui-sainz-de-rozas/,Jauregui Sainz De Rozas R.,1508.8,4,1434.3,1.0,1564.9,3.0,,,,
/player/schwarz-9a57e/,Schwarz C.,1508.8,7,1516.1,7.0,,,,,,
/player/sarrazin/,Sarrazin L.,1508.8,7,,,1511.0,7.0,,,,
/player/campos-perez/,Campos Perez G.,1508.7,19,1422.1,1.0,1465.8,13.0,1626.7,2.0,,
/player/pribylova/,Pribylova A.,1508.7,5,,,1511.7,5.0,,,,
/player/shibata-924a5/,Shibata S.,1508.7,26,1504.8,14.0,1437.0,3.0,,,1493.0,7.0
/player/zhao-a1b02/,Zhao X.,1508.6,14,1546.6,11.0,,,,,1470.2,3.0
/player/olaso-de-la-rica-b53ed/,Olaso-De La Rica G.,1508.6,2,1504.6,2.0,,,,,,
/player/azoulay/,Azoulay E.,1508.4,4,,,1521.8,2.0,,,,
/player/velcz/,Velcz Z.,1508.4,22,1631.9,6.0,1368.5,10.0,1604.2,4.0,,
/player/malova-dd64b/,Malova A.,1508.4,8,1512.3,8.0,,,,,,
/player/maia-citolino/,Maia Citolino M.,1508.2,4,1486.5,2.0,1526.9,2.0,,,,
/player/jabrani/,Jabrani A.,1508.2,2,1511.6,2.0,,,,,,
/player/sim-7e0d3/,Sim S.,1508.2,2,1510.3,2.0,,,,,,
/player/pezzoli-1f051/,Pezzoli V.,1508.2,2,,,1507.4,2.0,,,,
/player/ciaschetti/,Ciaschetti D.,1508.2,5,1456.4,1.0,1504.3,3.0,,,,
/player/kovacs-c64d6/,Kovacs M.,1508.2,7,1517.0,4.0,,,1504.6,2.0,,
/player/idrees/,Idrees B.,1508.1,17,1543.7,5.0,1426.1,4.0,1506.8,2.0,,
/player/psota/,Psota J.,1508.0,7,1433.7,1.0,1525.6,6.0,,,,
/player/vijayakumar/,Vijayakumar T.,1508.0,3,1469.4,3.0,,,,,,
/player/bakonyi/,Bakonyi D.,1508.0,22,1460.5,3.0,1492.7,7.0,1626.7,2.0,,
/player/aggarwal-505e9/,Aggarwal P.,1508.0,14,1518.5,4.0,1413.1,7.0,,,,
/player/benitez-c429c/,Benitez V.,1507.9,35,1579.9,6.0,1493.6,18.0,1446.5,3.0,,
/player/atlangeriev-c4dcb/,Atlangeriev B.,1507.9,8,1450.6,1.0,1505.8,7.0,,,,
/player/baquero-57ce5/,Baquero M.,1507.9,2,,,1498.6,2.0,,,,
/player/sardinha-677d2/,Sardinha V.,1507.9,4,1485.6,4.0,,,,,,
/player/gil/,Gil F.,1507.8,15,,,,,,,,
/player/ko-a12a2/,Ko M.,1507.8,8,,,1588.7,6.0,,,,
/player/van-schalkwyk-77c19/,Van Schalkwyk M.,1507.8,4,,,,,,,,
/player/zhou-1dd09/,Zhou A.,1507.7,2,,,1492.1,2.0,,,,
/player/pantelic-b5dc8/,Pantelic S.,1507.5,8,1523.3,7.0,1469.8,1.0,,,,
/player/guo-8adfa/,Guo H.,1507.5,22,1397.9,5.0,1607.8,10.0,1438.0,3.0,1629.7,4.0
/player/gray-b5d9a/,Gray A.,1507.5,6,,,,,,,,
/player/bergomi-fe70a/,Bergomi A.,1507.3,4,1438.1,1.0,1537.5,3.0,,,,
/player/ilic-b3e6e/,Ilic E.,1507.3,10,,,1509.8,10.0,,,,
/player/cabrera-7a622/,Cabrera L.,1507.3,27,1440.7,27.0,,,,,,
/player/bara-25c79/,Bara I.,1507.3,2,,,1506.9,2.0,,,,
/player/mangiapane/,Mangiapane N.,1507.2,4,,,,,,,,
/player/choo-05ba2/,Choo Y.,1507.2,7,1516.2,7.0,,,,,,
/player/nima/,Nima D.,1507.2,11,1504.6,2.0,1507.8,6.0,1565.7,1.0,,
/player/cepeda-martinez/,Cepeda Martinez N.,1507.2,2,,,1524.4,2.0,,,,
/player/fontan-pardo-de-santayana/,Fontan Pardo de Santayana F.,1507.2,4,1520.9,2.0,1411.5,1.0,,,,
/player/mcnally-575aa/,McNally K.,1507.2,4,1499.1,2.0,1433.5,1.0,,,,
/player/reva/,Reva A.,1507.2,32,1517.8,18.0,1520.1,11.0,1540.9,3.0,,
/player/rhazali-f8293/,Rhazali N.,1507.1,2,1486.4,2.0,,,,,,
/player/arcangioli/,Arcangioli M.,1507.1,2,1511.6,2.0,,,,,,
/player/nakamura-71ae0/,Nakamura R.,1507.0,21,1424.9,8.0,1575.4,9.0,1434.3,1.0,,
/player/khorozov/,Khorozov M.,1507.0,18,,,1470.7,13.0,1566.5,1.0,,
/player/radwanska-5f0d3/,Radwanska U.,1507.0,16,1529.2,12.0,1468.4,3.0,,,1434.3,1.0
/player/vishenchuk-vishenko/,Vishenchuk Vishenko D.,1507.0,37,1578.3,10.0,1500.7,21.0,1504.6,2.0,,
/player/teodosescu-5c762/,Teodosescu A.,1506.9,3,,,,,,,,
/player/heisnam/,Heisnam S.,1506.8,20,1395.8,5.0,1533.4,13.0,,,,
/player/zuern/,Zuern Y.,1506.8,2,,,1506.8,2.0,,,,
/player/topel/,Topel L.,1506.8,3,,,1506.7,3.0,,,,
/player/klaffner/,Klaffner M.,1506.8,2,,,1506.8,2.0,,,,
/player/gold-06dde/,Gold N.,1506.7,6,,,,,,,,
/player/oustampasidou/,Oustampasidou K.,1506.6,3,,,,,,,,
/player/li-36a76/,Li Y.,1506.6,14,1493.3,10.0,1483.0,2.0,,,1544.9,2.0
/player/de-fazio/,De Fazio O.,1506.6,2,,,1498.0,2.0,,,,
/player/afzal-malik/,Afzal Malik Z.,1506.5,2,,,1486.7,2.0,,,,
/player/shimizu-f5d8f/,Shimizu A.,1506.5,23,1523.3,22.0,1448.0,1.0,,,,
/player/fardanesh-675cd/,Fardanesh M.,1506.4,7,1434.3,1.0,,,,,,
/player/afandieva/,Afandieva S.,1506.4,7,,,1505.8,7.0,,,,
/player/min-e72b3/,Min S.,1506.3,2,,,1508.0,2.0,,,,
/player/cercel-23ba2/,Cercel D.,1506.3,4,1464.7,1.0,1565.7,1.0,,,,
/player/cozma-dd98c/,Cozma S.,1506.2,16,,,1499.2,16.0,,,,
/player/gillan/,Gillan A.,1506.1,24,1525.5,24.0,,,,,,
/player/di-fruscia/,Di Fruscia A.,1506.0,2,,,1504.6,2.0,,,,
/player/careaga-07e51/,Careaga J.,1506.0,2,,,,,1565.7,1.0,,
/player/komat/,Komat G.,1506.0,2,1516.5,2.0,,,,,,
/player/piai/,Piai E.,1506.0,16,,,,,,,,
/player/hoxha/,Hoxha E.,1506.0,2,,,1484.2,2.0,,,,
/player/conte/,Conte V.,1506.0,33,1567.1,8.0,1444.2,13.0,1664.1,3.0,,
/player/trondson-26181/,Trondson H.,1505.9,2,,,,,,,,
/player/lee-e3d3e/,Lee S.,1505.9,4,,,1518.6,4.0,,,,
/player/bedini/,Bedini V.,1505.8,28,1585.8,22.0,1400.2,6.0,,,,
/player/belda-e3f35/,Belda M.,1505.7,8,1492.5,4.0,1504.2,2.0,,,,
/player/lubbe-dbaca/,Lubbe J.,1505.7,2,,,,,,,,
/player/miller-44850/,Miller C.,1505.7,8,,,,,,,,
/player/drenser-hagmann/,Drenser-Hagmann K.,1505.6,5,1513.4,2.0,1464.4,3.0,,,,
/player/kebede/,Kebede Y.,1505.5,2,,,,,,,,
/player/van-ruiten/,Van Ruiten B.,1505.5,4,1565.7,1.0,1544.8,1.0,1434.3,1.0,,
/player/atana-mbam/,Atana Mbam B.,1505.4,2,,,,,,,,
/player/malygina-5dff4/,Malygina A.,1505.4,3,,,1499.6,3.0,,,,
/player/tomajkova/,Tomajkova K.,1505.3,4,,,,,,,,
/player/schaefer-8af59/,Schaefer D.,1505.3,2,,,1505.3,2.0,,,,
/player/wu-25421/,Wu C.,1505.3,2,1514.5,2.0,,,,,,
/player/doria/,Doria L.,1505.1,18,,,,,,,,
/player/knitter/,Knitter K.,1505.1,20,1451.6,6.0,1523.0,12.0,1434.3,1.0,,
/player/khan-18a49/,Khan A.,1505.1,3,,,1521.7,3.0,,,,
/player/le-gentil-62b02/,Le Gentil G.,1505.0,14,1453.4,3.0,1539.0,10.0,,,,
/player/kastakova/,Kastakova S.,1505.0,12,,,1501.5,12.0,,,,
/player/patel-7f9b6/,Patel S.,1505.0,21,1434.3,1.0,1504.6,2.0,,,,
/player/roveri-sidney/,Roveri Sidney G.,1504.9,4,,,1503.6,4.0,,,,
/player/zamora-80952/,Zamora B.,1504.9,7,1456.1,1.0,1554.6,3.0,1504.6,2.0,,
/player/mizoguchi/,Mizoguchi M.,1504.8,2,,,1498.8,2.0,,,,
/player/galliano/,Galliano L.,1504.8,2,,,1503.5,2.0,,,,
/player/barot/,Barot M.,1504.7,2,,,1563.5,1.0,,,,
/player/kuusisto/,Kuusisto E.,1504.7,2,,,1483.0,2.0,,,,
/player/stoica-ccaf9/,Stoica V.,1504.6,2,,,1504.6,2.0,,,,
/player/guta-23305/,Guta D.,1504.6,2,,,1504.6,2.0,,,,
/player/neacsa-b65c0/,Neacsa E.,1504.6,2,,,1504.6,2.0,,,,
/player/mathes/,Mathes K.,1504.6,23,1406.3,5.0,1605.2,11.0,1504.6,2.0,,
/player/tyler-c7246/,Tyler J.,1504.6,2,1565.7,1.0,1434.3,1.0,,,,
/player/okonkwo-f1c0e/,Okonkwo I.,1504.6,2,,,1504.6,2.0,,,,
/player/rodriguez-87f94/,Rodriguez A.,1504.6,2,,,1504.6,2.0,,,,
/player/smith-b11f9/,Smith A.,1504.6,2,,,,,1504.6,2.0,,
/player/huertas-del-pino-3803d/,Huertas Del Pino A.,1504.6,22,1440.2,3.0,1451.8,19.0,,,,
/player/huang-8c01f/,Huang H.,1504.6,2,,,1504.6,2.0,,,,
/player/gautier/,Gautier A.,1504.6,3,1508.5,3.0,,,,,,
/player/grujic/,Grujic J.,1504.6,2,,,,,,,,
/player/papp/,Papp Z.,1504.6,2,,,1504.6,2.0,,,,
/player/harper-05cda/,Harper C.,1504.6,2,,,1504.6,2.0,,,,
/player/ogura-e3d8f/,Ogura E.,1504.6,2,,,1504.6,2.0,,,,
/player/reyes-tirado/,Reyes Tirado O.,1504.6,16,1530.0,5.0,1451.5,10.0,,,,
/player/vasic-3ccfb/,Vasic E.,1504.6,2,,,1504.6,2.0,,,,
/player/schilter/,Schilter B.,1504.6,2,,,1504.6,2.0,,,,
/player/dyer-84b6a/,Dyer B.,1504.6,2,,,,,,,,
/player/maruta-beec8/,Maruta T.,1504.6,2,,,1504.6,2.0,,,,
/player/pathania/,Pathania V.,1504.6,2,,,1504.6,2.0,,,,
/player/dogan-7dc31/,Dogan N.,1504.5,2,,,1512.6,2.0,,,,
/player/sebestova/,Sebestova I.,1504.5,15,1522.8,3.0,1470.9,12.0,,,,
/player/curavic/,Curavic L.,1504.5,4,,,1497.2,4.0,,,,
/player/kestelboim/,Kestelboim M.,1504.5,3,,,1502.9,3.0,,,,
/player/xie-7f450/,Xie Y.,1504.5,4,1516.4,4.0,,,,,,
/player/baniak/,Baniak M.,1504.4,6,,,1484.0,6.0,,,,
/player/wirges/,Wirges A.,1504.4,18,1517.9,4.0,1489.0,13.0,1565.7,1.0,,
/player/kaczmarek-56baa/,Kaczmarek A.,1504.4,30,1466.5,5.0,1555.7,18.0,,,,
/player/fuchs-74144/,Fuchs A.,1504.4,7,1434.3,1.0,1439.0,1.0,,,,
/player/vaitiekunas/,Vaitiekunas P.,1504.4,18,1548.0,5.0,1483.7,8.0,,,,
/player/chulak/,Chulak Z.,1504.3,8,1510.2,2.0,,,,,,
/player/lundell/,Lundell M.,1504.3,6,,,,,,,,
/player/de-filippo-9db61/,De Filippo E.,1504.2,9,1451.9,3.0,1489.0,3.0,1626.7,2.0,,
/player/shin-15be9/,Shin W.,1504.2,7,1410.6,2.0,1577.0,5.0,,,,
/player/mansfield/,Mansfield K.,1504.2,6,1370.9,2.0,,,,,,
/player/nakajima-6b22d/,Nakajima S.,1504.2,5,,,,,,,,
/player/sadikovic/,Sadikovic A.,1504.1,3,,,1492.1,2.0,1434.3,1.0,,
/player/dapcevic/,Dapcevic E.,1504.1,2,1504.6,2.0,,,,,,
/player/sanchez-bronzetti-7bb62/,Sanchez Bronzetti E.,1504.0,4,,,,,,,,
/player/jadhav-4e6fa/,Jadhav A.,1504.0,12,1521.0,11.0,1448.1,1.0,,,,
/player/mochizuki-e154a/,Mochizuki K.,1503.9,39,,,,,,,,
/player/bai-6ff68/,Bai R.,1503.9,3,,,1541.7,3.0,,,,
/player/oezcelik/,Oezcelik M.,1503.8,8,1434.3,1.0,1569.7,6.0,,,,
/player/oh-4617d/,Oh B.,1503.8,2,,,1492.3,2.0,,,,
/player/sarritzu/,Sarritzu B.,1503.8,9,1499.8,2.0,1517.0,6.0,1435.2,1.0,,
/player/duarte-31528/,Duarte A.,1503.8,16,1514.7,2.0,1538.4,13.0,,,1434.3,1.0
/player/palcic-58fa1/,Palcic N.,1503.7,2,,,,,1504.6,2.0,,
/player/formella/,Formella A.,1503.7,2,1503.0,2.0,,,,,,
/player/antoni/,Antoni R.,1503.7,33,1511.4,11.0,1449.0,18.0,,,,
/player/iozzi/,Iozzi A.,1503.6,2,,,1503.7,2.0,,,,
/player/deames/,Deames M.,1503.6,4,,,,,,,,
/player/aguilar-gasperin-8fa92/,Aguilar Gasperin M.,1503.6,4,1502.9,4.0,,,,,,
/player/schaertlin-coffey/,Schaertlin Coffey C.,1503.6,10,1479.8,2.0,1576.3,7.0,,,,
/player/vitola/,Vitola M.,1503.5,2,,,1498.0,2.0,,,,
/player/solyayev/,Solyayev D.,1503.5,3,,,1519.3,3.0,,,,
/player/palosi/,Palosi S.,1503.4,13,1487.5,1.0,1500.9,12.0,,,,
/player/williams-7cd80/,Williams B.,1503.4,5,1467.5,2.0,1622.2,2.0,,,,
/player/gallagher-b2968/,Gallagher G.,1503.4,28,,,1419.9,1.0,,,,
/player/kordik/,Kordik E.,1503.3,2,,,1502.5,2.0,,,,
/player/mertens/,Mertens Y.,1503.3,3,,,1499.5,3.0,,,,
/player/fontanges/,Fontanges S.,1503.2,2,1491.4,2.0,,,,,,
/player/kim-f17b4/,Kim J.,1503.1,2,,,1504.3,2.0,,,,
/player/letzel/,Letzel D.,1503.1,7,1424.2,4.0,,,,,,
/player/belkovics/,Belkovics A.,1503.1,32,1464.2,3.0,1433.4,10.0,1626.7,2.0,,
/player/derevyankina/,Derevyankina V.,1503.0,5,1508.2,5.0,,,,,,
/player/potter-dfbe7/,Potter E.,1502.9,11,,,,,,,,
/player/parenti/,Parenti L.,1502.9,20,1545.1,6.0,1394.8,10.0,1626.7,2.0,,
/player/koay/,Koay H.,1502.9,9,1624.6,2.0,1510.8,2.0,,,,
/player/dancu/,Dancu V.,1502.8,4,,,1501.8,4.0,,,,
/player/ziheng/,Ziheng H.,1502.8,14,1506.8,2.0,1524.3,7.0,1434.3,1.0,,
/player/faut/,Faut P.,1502.7,7,1546.3,3.0,1479.5,4.0,,,,
/player/krymkova/,Krymkova A.,1502.7,14,1506.9,14.0,,,,,,
/player/tanner-01f2e/,Tanner G.,1502.7,10,1573.4,7.0,1403.7,3.0,,,,
/player/riu/,Riu M.,1502.6,7,1537.0,3.0,1422.2,4.0,,,,
/player/fletcher-2f9e6/,Fletcher V.,1502.6,2,,,,,,,,
/player/otway/,Otway J.,1502.6,17,1500.0,17.0,,,,,,
/player/hannig/,Hannig B.,1502.5,2,,,,,,,,
/player/lammons/,Lammons N.,1502.5,2,,,1501.7,2.0,,,,
/player/ueda-c43de/,Ueda Y.,1502.5,2,1502.5,2.0,,,,,,
/player/hutchings-9f1b1/,Hutchings L.,1502.5,8,1498.8,8.0,,,,,,
/player/story-34e71/,Story J.,1502.4,2,1499.2,2.0,,,,,,
/player/pade-91750/,Pade C.,1502.4,25,1442.7,6.0,1631.2,13.0,,,,
/player/dutra-da-silva/,Dutra da Silva D.,1502.3,23,,,1496.6,22.0,1434.3,1.0,,
/player/siegemund/,Siegemund L.,1502.2,14,,,1602.0,10.0,1382.9,4.0,,
/player/iyengar-59419/,Iyengar M.,1502.2,17,1479.5,6.0,1467.3,11.0,,,,
/player/lemoine/,Lemoine Q.,1502.1,5,,,1501.1,5.0,,,,
/player/garay-33ff2/,Garay V.,1502.1,24,1542.8,1.0,1492.8,14.0,,,,
/player/yamaguchi-c1f36/,Yamaguchi M.,1502.0,31,1530.0,27.0,,,1453.6,1.0,1449.4,3.0
/player/baena/,Baena N.,1502.0,7,1414.5,2.0,1504.6,2.0,,,,
/player/ayrault/,Ayrault H.,1501.9,4,,,1501.9,4.0,,,,
/player/krymlova/,Krymlova M.,1501.8,7,,,1439.5,2.0,,,,
/player/lanz-c8026/,Lanz A.,1501.8,19,,,1505.3,19.0,,,,
/player/villegas-e5a71/,Villegas G.,1501.7,6,,,,,,,,
/player/wojcik-08a3f/,Wojcik M.,1501.6,29,,,1514.3,12.0,,,,
/player/nahmias-melo-rodrigues/,Nahmias Melo Rodrigues B.,1501.6,16,1429.2,8.0,1564.2,8.0,,,,
/player/ivarsson-b48e7/,Ivarsson J.,1501.5,2,1508.3,2.0,,,,,,
/player/bangargi/,Bangargi A.,1501.5,9,1491.8,4.0,1567.9,5.0,,,,
/player/rain-contreras/,Rain Contreras F.,1501.5,11,1574.9,5.0,1464.6,5.0,,,1434.3,1.0
/player/deng-b243f/,Deng P.,1501.4,8,1543.5,5.0,,,,,1472.4,3.0
/player/gatell/,Gatell M.,1501.4,2,,,1500.0,2.0,,,,
/player/caparco/,Caparco G.,1501.3,2,1489.3,2.0,,,,,,
/player/karthik/,Karthik P.,1501.3,26,1399.8,7.0,1489.2,16.0,1565.7,1.0,,
/player/patel-07114/,Patel M.,1501.3,6,,,1594.0,2.0,,,,
/player/simon-eaacc/,Simon M.,1501.3,4,,,1542.7,3.0,,,,
/player/karadzhaeva/,Karadzhaeva M.,1501.2,8,,,1508.1,8.0,,,,
/player/smiej/,Smiej Y.,1501.2,47,1550.5,19.0,1451.9,18.0,1434.3,1.0,,
/player/roso-ffa11/,Roso K.,1501.1,4,,,1503.6,4.0,,,,
/player/van-de-peer/,Van De Peer V.,1501.1,19,1427.1,1.0,1488.9,14.0,,,,
/player/roots/,Roots A.,1501.0,21,1546.2,13.0,1475.2,5.0,,,1445.8,3.0
/player/grant-d7f11/,Grant W.,1501.0,6,1447.7,5.0,1589.3,1.0,,,,
/player/cohen-3f7ca/,Cohen J.,1500.9,2,,,1566.1,1.0,,,,
/player/galietta/,Galietta M.,1500.9,2,,,1486.5,2.0,,,,
/player/miyazato/,Miyazato R.,1500.9,7,1434.3,1.0,1559.1,6.0,,,,
/player/watanabe-a6488/,Watanabe A.,1500.8,5,1496.1,5.0,,,,,,
/player/maica/,Maica G.,1500.7,2,,,1492.4,2.0,,,,
/player/bardocci/,Bardocci T.,1500.7,8,,,1519.7,6.0,1504.6,2.0,,
/player/toma-6a60a/,Toma C.,1500.5,2,,,1498.2,2.0,,,,
/player/lin-7e3ba/,Lin Y.,1500.5,8,1508.9,5.0,1422.1,1.0,,,1504.6,2.0
/player/neporent/,Neporent S.,1500.5,8,1512.1,8.0,,,,,,
/player/kostin/,Kostin V.,1500.4,3,,,1485.9,3.0,,,,
/player/ruiz-cruz/,Ruiz Cruz D.,1500.4,2,1468.2,1.0,1565.7,1.0,,,,
/player/fouad-dc2a1/,Fouad H.,1500.4,4,1505.3,4.0,,,,,,
/player/goto-3f462/,Goto N.,1500.4,9,1484.2,5.0,,,,,,
/player/dzhurdzha/,Dzhurdzha A.,1500.3,6,,,1491.2,2.0,,,,
/player/mitu-f02e6/,Mitu A.,1500.3,8,,,1509.0,8.0,,,,
/player/sardo/,Sardo G.,1500.3,21,1335.6,6.0,1611.3,10.0,1566.5,1.0,,
/player/lorrimer/,Lorrimer K.,1500.2,17,1496.1,4.0,1509.8,13.0,,,,
/player/song-b5bf3/,Song G.,1500.2,2,,,1503.3,2.0,,,,
/player/mengqiao/,Mengqiao L.,1500.2,19,1510.9,17.0,1487.5,2.0,,,,
/player/melzer/,Melzer J.,1500.2,4,,,1492.3,4.0,,,,
/player/berzina/,Berzina K.,1500.1,2,,,1504.6,2.0,,,,
/player/morderger-59543/,Morderger Y.,1500.1,11,,,1500.1,11.0,,,,
/player/inisan/,Inisan E.,1500.1,17,,,1491.8,17.0,,,,
/player/robinson-2814f/,Robinson M.,1500.0,3,,,,,,,,
/player/silva-575f1/,Silva I.,1500.0,2,,,1505.3,2.0,,,,
/player/hewitt-a15b8/,Hewitt J.,1500.0,2,,,,,,,,
/player/hammond-a4bdc/,Hammond M.,1500.0,3,,,1524.3,2.0,,,,
/player/melato/,Melato B.,1500.0,4,1434.3,1.0,1541.5,3.0,,,,
/player/aleshchev/,Aleshchev A.,1499.9,33,1572.0,11.0,1459.0,14.0,1504.6,2.0,,
/player/prangley-fcde5/,Prangley E.,1499.9,7,1509.0,7.0,,,,,,
/player/loh-ed96b/,Loh B.,1499.8,19,1443.9,8.0,,,,,,
/player/klok/,Klok D.,1499.8,25,1630.4,2.0,1447.7,22.0,1434.3,1.0,,
/player/dittmann-c51ee/,Dittmann G.,1499.8,28,1557.4,4.0,1505.5,22.0,,,1399.5,2.0
/player/serazhetdinov/,Serazhetdinov R.,1499.7,22,1333.4,3.0,1586.2,10.0,1562.0,3.0,,
/player/kuharenko/,Kuharenko P.,1499.6,27,1477.0,6.0,1425.2,6.0,,,,
/player/premzl/,Premzl M.,1499.6,14,1540.6,5.0,1607.9,5.0,,,,
/player/truszczynski/,Truszczynski S.,1499.3,4,,,1462.7,3.0,,,,
/player/sadzik/,Sadzik J.,1499.2,12,1467.8,3.0,1475.7,9.0,,,,
/player/lee-e4f1d/,Lee J.,1499.2,3,,,1501.2,3.0,,,,
/player/pescucci-ff78c/,Pescucci C.,1499.1,17,1365.2,5.0,1560.1,12.0,,,,
/player/shvetsova/,Shvetsova V.,1499.0,4,1497.2,4.0,,,,,,
/player/podgorichani/,Podgorichani L.,1499.0,5,1491.7,5.0,,,,,,
/player/fucile-eccc5/,Fucile M.,1498.9,2,,,1490.3,2.0,,,,
/player/andronicou/,Andronicou N.,1498.9,9,,,1507.2,5.0,,,,
/player/ludoski/,Ludoski Z.,1498.9,2,1577.9,1.0,1406.7,1.0,,,,
/player/virc/,Virc L.,1498.9,10,,,1522.3,10.0,,,,
/player/fridthjof/,Fridthjof C.,1498.8,5,,,1493.8,5.0,,,,
/player/van-noord/,Van Noord N.,1498.7,18,1590.6,3.0,1442.5,10.0,1422.1,1.0,,
/player/hrastar/,Hrastar A.,1498.7,15,1467.8,13.0,,,,,1434.3,1.0
/player/andrei-5c8e4/,Andrei L.,1498.7,14,1378.3,5.0,1506.8,6.0,1434.3,1.0,,
/player/mpetshi-perricard/,Mpetshi Perricard G.,1498.7,20,1334.0,4.0,1431.2,7.0,1578.5,9.0,,
/player/king-88c05/,King O.,1498.6,10,,,1504.4,4.0,,,,
/player/nurlanuly/,Nurlanuly Z.,1498.6,7,1551.7,3.0,1419.3,4.0,,,,
/player/boland-dcc8c/,Boland B.,1498.6,10,,,1451.5,1.0,,,,
/player/shagun/,Shagun K.,1498.5,4,1490.4,4.0,,,,,,
/player/jouhari/,Jouhari A.,1498.4,2,1493.2,2.0,,,,,,
/player/cabassers-morros/,Cabassers Morros A.,1498.4,20,1489.1,8.0,1509.1,12.0,,,,
/player/papa-3a56d/,Papa C.,1498.4,17,1544.6,8.0,1462.5,9.0,,,,
/player/otte/,Otte O.,1498.3,5,,,1500.9,5.0,,,,
/player/murray-73eac/,Murray F.,1498.3,18,1384.7,2.0,1595.5,5.0,1504.6,2.0,,
/player/gama/,Gama R.,1498.3,2,1511.4,2.0,,,,,,
/player/charlton/,Charlton J.,1498.2,39,1457.1,23.0,1458.3,16.0,,,,
/player/richter-f412c/,Richter A.,1498.2,7,,,1508.5,7.0,,,,
/player/aydemir/,Aydemir D.,1498.0,2,1502.1,2.0,,,,,,
/player/knis/,Knis A.,1497.9,9,,,1505.6,9.0,,,,
/player/gil-iturralde/,Gil Iturralde P.,1497.9,2,1511.8,2.0,,,,,,
/player/lassila/,Lassila J.,1497.9,9,1515.4,2.0,1388.9,2.0,,,,
/player/zigliara/,Zigliara C.,1497.8,5,,,,,,,,
/player/chen-8d312/,Chen C.,1497.8,20,1605.5,7.0,1399.8,11.0,,,,
/player/jarvis-61be3/,Jarvis R.,1497.7,11,1565.7,1.0,1494.4,4.0,1506.8,2.0,,
/player/gander/,Gander L.,1497.6,15,1489.2,4.0,1548.7,8.0,1446.5,3.0,,
/player/ebeling/,Ebeling R.,1497.6,4,,,1508.7,4.0,,,,
/player/krajmer/,Krajmer K.,1497.6,8,,,1557.2,5.0,,,,
/player/omarkhanov-29880/,Omarkhanov A.,1497.6,11,1463.6,7.0,1419.7,4.0,,,,
/player/thummala/,Thummala Y.,1497.5,2,1497.1,2.0,,,,,,
/player/kurniawan-eb318/,Kurniawan L.,1497.5,8,1471.9,6.0,1565.7,1.0,,,,
/player/martins-965aa/,Martins E.,1497.4,13,1565.7,1.0,1465.5,9.0,,,,
/player/chetry-rodriguez/,Chetry Rodriguez L.,1497.3,2,,,1493.7,2.0,,,,
/player/bartha/,Bartha P.,1497.3,21,1459.4,1.0,1538.3,17.0,,,,
/player/apostolou/,Apostolou L.,1497.3,19,1427.3,3.0,1399.0,7.0,,,,
/player/cuellar-lorberg/,Cuellar Lorberg A.,1497.2,14,1456.1,3.0,1504.5,4.0,,,,
/player/miyahara-6299f/,Miyahara M.,1497.2,3,1499.3,3.0,,,,,,
/player/kuznetsova-2256d/,Kuznetsova E.,1497.1,19,1498.0,19.0,,,,,,
/player/ikemori/,Ikemori M.,1497.1,10,1435.7,1.0,,,,,,
/player/luise/,Luise A.,1497.1,2,,,1497.3,2.0,,,,
/player/lin-a126a/,Lin Y.,1497.1,3,1497.4,3.0,,,,,,
/player/carrier/,Carrier M.,1497.1,6,,,,,,,,
/player/nakanishi-6f8a1/,Nakanishi S.,1497.0,18,1496.0,7.0,1508.6,7.0,,,,
/player/massellani/,Massellani S.,1497.0,3,,,1498.2,3.0,,,,
/player/saleh-f949b/,Saleh A.,1496.9,18,,,1406.4,12.0,,,,
/player/reyngold/,Reyngold E.,1496.9,3,,,1506.6,3.0,,,,
/player/podorozhnyi/,Podorozhnyi A.,1496.8,4,,,1551.8,3.0,,,,
/player/fozo/,Fozo C.,1496.7,4,,,,,,,,
/player/favier-d1f7b/,Favier M.,1496.7,29,1532.7,16.0,1498.0,13.0,,,,
/player/topalova-81f91/,Topalova G.,1496.7,14,,,1493.9,14.0,,,,
/player/tholey/,Tholey L.,1496.6,2,1434.3,1.0,1565.7,1.0,,,,
/player/truong-914c5/,Truong T.,1496.6,14,1389.9,2.0,,,,,,
/player/jandova-0b6ca/,Jandova N.,1496.6,8,,,1473.7,2.0,,,,
/player/duran-fc432/,Duran B.,1496.6,27,,,1468.9,4.0,1553.4,1.0,,
/player/gusic-wan/,Gusic Wan B.,1496.5,12,1407.7,2.0,1529.4,9.0,1434.3,1.0,,
/player/chen-4a4b1/,Chen Z.,1496.5,2,1504.5,2.0,,,,,,
/player/hamrouni/,Hamrouni Z.,1496.5,6,,,,,,,,
/player/oh-73bcf/,Oh S.,1496.4,2,1498.1,2.0,,,,,,
/player/hostiuc/,Hostiuc S.,1496.4,2,1516.3,2.0,,,,,,
/player/moundir-7a4ab/,Moundir A.,1496.4,4,,,1483.1,4.0,,,,
/player/wei-f0a08/,Wei Z.,1496.3,3,,,1473.1,3.0,,,,
/player/gandolfi/,Gandolfi G.,1496.3,31,1376.2,7.0,1506.7,16.0,1626.7,2.0,,
/player/bakovic-f87cd/,Bakovic T.,1496.2,2,,,,,1504.6,2.0,,
/player/wu-a35fa/,Wu D.,1496.2,2,,,,,,,,
/player/hueller-varga/,Hueller-Varga A.,1496.1,9,1494.5,2.0,1438.8,5.0,1434.3,1.0,,
/player/rawat-bf6f4/,Rawat S.,1496.1,22,1434.6,15.0,1579.3,7.0,,,,
/player/fladung/,Fladung C.,1496.1,2,,,1494.4,2.0,,,,
/player/cukierman/,Cukierman D.,1496.0,5,1446.6,1.0,1496.5,4.0,,,,
/player/stanczyk-decd3/,Stanczyk J.,1496.0,2,,,1508.5,2.0,,,,
/player/calixto-939ed/,Calixto N.,1495.9,4,,,,,,,,
/player/de-bessa/,De Bessa N.,1495.8,2,,,1495.6,2.0,,,,
/player/kaur-4c3e5/,Kaur P.,1495.7,3,1522.4,3.0,,,,,,
/player/cunha-winheski-de-lima/,Cunha Winheski de Lima V.,1495.7,2,1574.7,1.0,1429.7,1.0,,,,
/player/oprescu/,Oprescu L.,1495.7,7,1533.5,5.0,1499.3,2.0,,,,
/player/achouri-c7c43/,Achouri M.,1495.7,2,,,1493.2,2.0,,,,
/player/oltean-achacollo/,Oltean Achacollo A.,1495.6,2,,,1482.0,2.0,,,,
/player/ozdemir-530d1/,Ozdemir S.,1495.6,16,1407.4,6.0,1511.1,9.0,,,,
/player/nedelcu-4267c/,Nedelcu A.,1495.6,4,1551.7,3.0,,,,,,
/player/simunyu/,Simunyu C.,1495.6,11,1496.5,4.0,,,,,,
/player/miyazaki-666f6/,Miyazaki Y.,1495.5,13,1618.9,10.0,,,1349.2,3.0,,
/player/libre/,Libre A.,1495.4,15,1565.7,1.0,1475.4,13.0,,,,
/player/lu-ec964/,Lu C.,1495.4,24,1607.2,9.0,1465.8,11.0,,,,
/player/basson-38268/,Basson I.,1495.4,2,,,,,,,,
/player/naito-b40df/,Naito Y.,1495.4,4,1501.9,4.0,,,,,,
/player/chansa/,Chansa C.,1495.4,2,,,,,,,,
/player/zhukov-827ca/,Zhukov M.,1495.4,7,1412.7,4.0,1569.3,3.0,,,,
/player/burruchaga/,Burruchaga R.,1495.3,33,1311.9,4.0,1641.8,27.0,1433.5,2.0,,
/player/taube/,Taube M.,1495.3,5,,,,,,,,
/player/miyagawa-981ad/,Miyagawa Y.,1495.2,4,,,,,,,,
/player/ristov/,Ristov M.,1495.2,18,,,1543.8,7.0,1626.7,2.0,,
/player/farahat/,Farahat O.,1495.2,6,,,1506.7,6.0,,,,
/player/ali-f9f21/,Ali I.,1495.2,16,1559.4,3.0,1506.4,11.0,,,,
/player/buchler/,Buchler M.,1495.2,2,,,1504.6,2.0,,,,
/player/tsitsipas-fe1fa/,Tsitsipas P.,1495.2,25,1369.7,6.0,1405.5,16.0,1577.1,3.0,,
/player/malakov/,Malakov I.,1495.1,2,,,1495.1,2.0,,,,
/player/aguilar-9f10a/,Aguilar J.,1495.1,2,,,1504.9,2.0,,,,
/player/abde-celis/,Abde Celis J.,1495.1,2,,,1500.2,2.0,,,,
/player/hohmann-ad042/,Hohmann T.,1495.0,13,1434.3,1.0,1402.6,6.0,,,,
/player/abdullah-f5a78/,Abdullah M.,1495.0,2,,,1504.6,2.0,,,,
/player/lyapshin/,Lyapshin A.,1494.9,6,,,1409.9,2.0,,,,
/player/boian/,Boian I.,1494.9,6,,,1488.1,6.0,,,,
/player/da-rosa-castro/,Da Rosa Castro G.,1494.9,15,1472.1,7.0,1534.0,5.0,1434.3,1.0,,
/player/lenglet/,Lenglet A.,1494.9,4,1434.3,1.0,1494.0,2.0,,,,
/player/gindl/,Gindl A.,1494.9,5,,,1494.5,5.0,,,,
/player/trongcharoenchaikul/,Trongcharoenchaikul W.,1494.9,30,1517.5,15.0,1467.2,14.0,1446.6,1.0,,
/player/torres-murcia/,Torres Murcia M.,1494.8,21,1548.3,4.0,1509.7,15.0,,,,
/player/alonso-62455/,Alonso C.,1494.8,4,1496.6,4.0,,,,,,
/player/lebron-puerta/,Lebron Puerta R.,1494.8,6,1504.6,2.0,1541.2,3.0,,,,
/player/winstead/,Winstead C.,1494.7,2,,,,,,,,
/player/jarry-fillol/,Jarry Fillol D.,1494.6,7,1525.9,2.0,1455.1,5.0,,,,
/player/pastore/,Pastore C.,1494.6,2,,,1503.8,2.0,,,,
/player/khan-94eb9/,Khan M.,1494.6,4,1493.2,2.0,1506.0,2.0,,,,
/player/devam/,Devam S.,1494.5,2,,,1502.7,2.0,,,,
/player/obiang-ondo/,Obiang Ondo L.,1494.5,2,,,,,,,,
/player/shabashkevich/,Shabashkevich K.,1494.4,2,,,1494.4,2.0,,,,
/player/bazan-0a579/,Bazan J.,1494.4,2,,,1504.6,2.0,,,,
/player/escriva-gaya/,Escriva Gaya A.,1494.4,2,,,1504.6,2.0,,,,
/player/salvi-a330c/,Salvi M.,1494.4,2,,,1504.6,2.0,,,,
/player/taylor-7d607/,Taylor A.,1494.4,4,1508.6,4.0,,,,,,
/player/rivas-micoud/,Rivas-Micoud K.,1494.4,2,,,1494.4,2.0,,,,
/player/havermans/,Havermans D.,1494.4,29,,,1486.0,15.0,,,,
/player/blatter/,Blatter L.,1494.4,2,,,1494.4,2.0,,,,
/player/ahmad-8c1f4/,Ahmad C.,1494.3,8,,,,,,,,
/player/jeong-d9946/,Jeong Y.,1494.3,18,1431.1,1.0,1460.2,9.0,1504.6,2.0,,
/player/mouhan/,Mouhan A.,1494.3,32,1491.0,8.0,1456.2,15.0,1664.1,3.0,,
/player/smith-ad73f/,Smith N.,1494.2,9,1496.6,2.0,1525.6,6.0,,,,
/player/cilic/,Cilic M.,1494.2,16,1424.0,4.0,1440.3,7.0,1468.9,5.0,,
/player/nicoli-868e0/,Nicoli A.,1494.2,2,,,1493.6,2.0,,,,
/player/mura/,Mura M.,1494.2,17,1586.5,6.0,1453.7,9.0,,,,
/player/roche-alcaya/,Roche Alcaya P.,1494.2,12,1520.4,2.0,1432.1,8.0,1565.7,1.0,,
/player/vachkova/,Vachkova V.,1494.1,13,,,1437.3,3.0,,,,
/player/ganesan-7c731/,Ganesan A.,1494.1,21,1473.9,7.0,1563.2,12.0,1434.3,1.0,1434.3,1.0
/player/wolf-c8d9f/,Wolf A.,1494.1,21,1452.1,1.0,,,,,,
/player/capuzu/,Capuzu K.,1494.1,7,,,1479.7,7.0,,,,
/player/habib-0d044/,Habib A.,1494.0,19,1546.6,9.0,1415.5,9.0,1434.3,1.0,,
/player/ishikawa-e738d/,Ishikawa T.,1494.0,2,,,1492.4,2.0,,,,
/player/li-06552/,Li J.,1493.9,2,1565.7,1.0,1433.3,1.0,,,,
/player/lagarde-09302/,Lagarde T.,1493.9,6,1466.6,1.0,1571.5,1.0,,,,
/player/buculei/,Buculei I.,1493.9,12,,,1479.2,12.0,,,,
/player/adkar-d0bce/,Adkar A.,1493.9,4,1494.6,4.0,,,,,,
/player/tran-40ae7/,Tran D.,1493.9,30,1541.5,11.0,1503.3,18.0,,,1419.9,1.0
/player/zhang-726b4/,Zhang Y.,1493.8,11,1446.5,3.0,1494.8,7.0,,,,
/player/alberti-52c7c/,Alberti F.,1493.8,2,,,,,,,,
/player/kumar-7b3e5/,Kumar D.,1493.8,4,1504.7,4.0,,,,,,
/player/liberati/,Liberati D.,1493.8,3,,,1505.3,2.0,,,,
/player/heidlmair/,Heidlmair M.,1493.7,8,1446.7,1.0,1588.0,6.0,,,,
/player/worring-la-torre/,Worring La Torre A.,1493.7,14,1536.2,11.0,1431.7,3.0,,,,
/player/wensley/,Wensley S.,1493.7,21,1566.8,7.0,1618.1,5.0,,,,
/player/arun-kumar/,Arun Kumar M.,1493.6,2,1504.0,2.0,,,,,,
/player/carrocera/,Carrocera M.,1493.6,6,,,1543.1,5.0,,,1446.6,1.0
/player/hazelitt/,Hazelitt J.,1493.6,8,1463.8,4.0,1525.1,4.0,,,,
/player/braun-simo-08ecb/,Braun Simo C.,1493.6,4,,,1491.0,4.0,,,,
/player/bergqvist-a0c27/,Bergqvist S.,1493.6,2,,,1479.6,2.0,,,,
/player/pinto-sansano/,Pinto Sansano O.,1493.6,6,1565.7,1.0,1446.8,5.0,,,,
/player/baudot/,Baudot A.,1493.6,2,1501.1,2.0,,,,,,
/player/bierhoff/,Bierhoff K.,1493.5,11,1549.4,6.0,1396.2,5.0,,,,
/player/abbagnato/,Abbagnato A.,1493.4,16,1496.5,4.0,1352.3,8.0,,,,
/player/aman-minhas/,Aman Minhas H.,1493.4,2,1493.6,2.0,,,,,,
/player/lakshmanan-2b3a9/,Lakshmanan A.,1493.4,15,1361.6,5.0,1499.1,7.0,,,,
/player/kawagishi/,Kawagishi N.,1493.4,29,1472.1,22.0,,,,,1434.3,1.0
/player/khramtsova/,Khramtsova J.,1493.4,34,1512.7,24.0,,,,,,
/player/rasan-buha/,Rasan-Buha M.,1493.3,5,,,1502.1,5.0,,,,
/player/lieberman-72a25/,Lieberman H.,1493.3,36,1527.7,12.0,1545.5,22.0,1434.3,1.0,,
/player/kneiss/,Kneiss M.,1493.3,10,1520.5,3.0,,,,,,
/player/ann/,Ann S.,1493.2,2,,,1493.2,2.0,,,,
/player/gonzalez-castellote/,Gonzalez Castellote D.,1493.2,2,1493.2,2.0,,,,,,
/player/scarlat-8baaa/,Scarlat M.,1493.2,2,,,1493.2,2.0,,,,
/player/dadabaev/,Dadabaev A.,1493.2,2,,,1493.2,2.0,,,,
/player/white-05b83/,White J.,1493.2,2,,,1492.9,2.0,,,,
/player/geikhman/,Geikhman A.,1493.2,2,1493.2,2.0,,,,,,
/player/matovic-5f862/,Matovic N.,1493.2,16,1430.9,1.0,1353.4,6.0,,,,
/player/riva-c085d/,Riva M.,1493.2,2,1565.7,1.0,1434.3,1.0,,,,
/player/davunaboina/,Davunaboina O.,1493.2,2,1493.2,2.0,,,,,,
/player/mota-rocha-freire/,Mota Rocha Freire G.,1493.2,2,1493.2,2.0,,,,,,
/player/orzechowski/,Orzechowski A.,1493.2,4,,,,,,,,
/player/yoeun/,Yoeun S.,1493.2,2,,,,,,,,
/player/kang-aa512/,Kang W.,1493.2,2,,,1493.2,2.0,,,,
/player/choo-83ef1/,Choo J.,1493.2,2,,,1493.2,2.0,,,,
/player/singh-a3ebc/,Singh R.,1493.2,2,1493.2,2.0,,,,,,
/player/marendon/,Marendon R.,1493.2,2,,,1493.2,2.0,,,,
/player/zauber/,Zauber A.,1493.2,2,,,,,,,,
/player/park-c578f/,Park S.,1493.2,2,,,1493.2,2.0,,,,
/player/cvackova-cd227/,Cvackova V.,1493.2,2,1493.2,2.0,,,,,,
/player/wageh/,Wageh Y.,1493.1,11,1468.3,3.0,1535.7,7.0,,,,
/player/gomez-fd7f2/,Gomez V.,1493.1,13,1471.7,6.0,1503.8,7.0,,,,
/player/mohar/,Mohar V.,1493.1,26,1434.3,1.0,1397.4,13.0,1616.1,2.0,,
/player/haagensen/,Haagensen M.,1493.0,4,,,,,,,,
/player/soso/,Soso M.,1493.0,4,,,,,,,,
/player/poghosyan-a59f2/,Poghosyan D.,1493.0,8,1462.5,1.0,1448.1,3.0,,,,
/player/sharabura/,Sharabura K.,1493.0,31,1528.8,11.0,1422.5,4.0,,,,
/player/martins-xavier/,Martins Xavier A.,1492.9,4,1446.4,1.0,1532.3,3.0,,,,
/player/kotze-1cd86/,Kotze M.,1492.9,4,1506.7,4.0,,,,,,
/player/dong-70dd0/,Dong N.,1492.9,3,,,,,,,,
/player/molchanova-ae9b6/,Molchanova O.,1492.9,9,,,,,,,,
/player/nayar-aaa47/,Nayar A.,1492.8,6,1498.7,6.0,,,,,,
/player/ubri/,Ubri Y.,1492.8,4,,,,,,,,
/player/king-fc30f/,King E.,1492.8,3,1470.1,3.0,,,,,,
/player/malysheva-21ddf/,Malysheva S.,1492.8,4,1506.2,4.0,,,,,,
/player/jurna/,Jurna E.,1492.7,24,1474.3,19.0,,,,,,
/player/abarca-796f1/,Abarca A.,1492.7,14,,,,,,,,
/player/malgaroli/,Malgaroli L.,1492.6,6,1448.8,1.0,1461.3,2.0,1565.7,1.0,,
/player/munoz-botia/,Munoz Botia D.,1492.6,2,,,1498.0,2.0,,,,
/player/rizzetto-598c2/,Rizzetto E.,1492.6,4,,,1428.8,1.0,,,,
/player/yi-72ec0/,Yi Q.,1492.5,5,1484.1,5.0,,,,,,
/player/abedinzadeh/,Abedinzadeh A.,1492.5,13,1577.1,4.0,1349.2,5.0,1466.6,3.0,,
/player/stueckrath/,Stueckrath L.,1492.3,3,1455.3,1.0,1572.5,1.0,,,,
/player/hoffmann-40f10/,Hoffmann N.,1492.3,13,1434.3,1.0,1411.0,4.0,,,,
/player/katayama-5ba27/,Katayama K.,1492.2,6,1551.8,3.0,1334.6,3.0,,,,
/player/uabals/,Uabals R.,1492.2,2,,,1500.9,2.0,,,,
/player/natsuka/,Natsuka M.,1492.1,2,1493.8,2.0,,,,,,
/player/geldof/,Geldof B.,1492.1,5,,,1533.5,4.0,,,,
/player/guitart-traverso/,Guitart Traverso N.,1492.1,2,1565.7,1.0,1422.1,1.0,,,,
/player/tikhonko-bde52/,Tikhonko M.,1492.1,13,,,1478.9,13.0,,,,
/player/tuukkanen-43fc6/,Tuukkanen V.,1492.0,2,,,1538.4,1.0,,,,
/player/havlickova/,Havlickova B.,1492.0,15,,,,,,,,
/player/ben-ezzedine/,Ben Ezzedine M.,1492.0,10,1527.0,10.0,,,,,,
/player/mircheva-9c214/,Mircheva N.,1492.0,4,1491.5,4.0,,,,,,
/player/sim-aa384/,Sim S.,1491.9,11,1342.2,3.0,1596.1,8.0,,,,
/player/rabl/,Rabl L.,1491.8,29,1518.9,19.0,1456.2,10.0,,,,
/player/magrini/,Magrini M.,1491.8,14,,,1518.5,3.0,,,,
/player/swenson/,Swenson B.,1491.8,10,1431.7,1.0,1457.6,5.0,,,,
/player/hansen-ff379/,Hansen C.,1491.7,6,,,1484.4,6.0,,,,
/player/streltsova/,Streltsova S.,1491.7,2,,,1491.3,2.0,,,,
/player/pollmueller/,Pollmueller C.,1491.7,2,,,1491.6,2.0,,,,
/player/ramirez-62014/,Ramirez E.,1491.6,13,1479.7,2.0,1430.3,6.0,,,1518.0,5.0
/player/hatcher-nee/,Hatcher-Nee T.,1491.6,2,,,1476.3,2.0,,,,
/player/nicault-17970/,Nicault M.,1491.6,2,,,1487.4,2.0,,,,
/player/bavaro/,Bavaro M.,1491.5,2,1497.3,2.0,,,,,,
/player/muniz-hidalgo/,Muniz Hidalgo A.,1491.5,2,1515.7,2.0,,,,,,
/player/sviatetckaia/,Sviatetckaia I.,1491.5,7,,,1442.8,3.0,,,,
/player/hedrzak/,Hedrzak M.,1491.4,6,1496.4,6.0,,,,,,
/player/villalon-f51a4/,Villalon N.,1491.4,29,1537.9,6.0,1432.8,23.0,,,,
/player/minor-19268/,Minor G.,1491.3,5,,,1483.9,3.0,,,,
/player/baczynski/,Baczynski J.,1491.3,2,,,1493.2,2.0,,,,
/player/el-natour/,El Natour M.,1491.2,38,1563.6,7.0,1585.8,23.0,1457.3,1.0,,
/player/benaissa-1e1eb/,Benaissa A.,1491.2,2,,,,,,,,
/player/fauchet-2d86a/,Fauchet E.,1491.2,13,,,,,,,,
/player/fedoryshyn-46e8a/,Fedoryshyn N.,1491.2,6,,,,,,,,
/player/fedorova-029b2/,Fedorova A.,1491.0,15,1496.6,15.0,,,,,,
/player/pitta-897be/,Pitta A.,1491.0,13,,,,,,,,
/player/bilardo/,Bilardo F.,1490.9,17,,,1471.7,17.0,,,,
/player/traxler-3fbdf/,Traxler S.,1490.9,6,,,1483.0,6.0,,,,
/player/abouelsaad/,Abouelsaad H.,1490.9,11,1502.3,11.0,,,,,,
/player/mekhael/,Mekhael N.,1490.9,11,1434.3,1.0,1553.9,1.0,,,,
/player/farjat/,Farjat T.,1490.8,16,1531.3,4.0,1595.9,8.0,,,,
/player/dias-54c63/,Dias S.,1490.7,14,1479.3,10.0,1509.2,4.0,,,,
/player/pawar-4fcc8/,Pawar S.,1490.7,4,,,1452.7,2.0,,,,
/player/kypson/,Kypson P.,1490.7,12,,,1428.1,10.0,1556.8,2.0,,
/player/behr-5ce8e/,Behr R.,1490.7,14,1443.6,1.0,1560.9,10.0,,,,
/player/caligiore/,Caligiore M.,1490.7,2,,,1505.4,2.0,,,,
/player/roberts-4c2c4/,Roberts J.,1490.7,24,1643.6,12.0,1330.3,10.0,1434.3,1.0,,
/player/kova/,Kova S.,1490.6,9,1509.6,2.0,1505.9,7.0,,,,
/player/pospisil/,Pospisil J.,1490.6,4,,,,,,,,
/player/varsa/,Varsa A.,1490.6,14,,,1479.2,14.0,,,,
/player/bouillard/,Bouillard S.,1490.6,5,,,1523.3,4.0,,,,
/player/lekomtseva/,Lekomtseva U.,1490.6,20,1500.1,13.0,1501.7,7.0,,,,
/player/kobelt-ebc16/,Kobelt A.,1490.5,23,1499.9,8.0,1448.5,8.0,1434.3,1.0,1434.3,1.0
/player/kapuskin/,Kapuskin P.,1490.5,6,1493.2,2.0,1512.5,4.0,,,,
/player/alfred/,Alfred Y.,1490.4,4,,,,,,,,
/player/kurmanaev/,Kurmanaev R.,1490.4,9,1558.2,3.0,1414.4,2.0,,,,
/player/sun-39357/,Sun J.,1490.3,2,1493.6,2.0,,,,,,
/player/clemens-4ddad/,Clemens T.,1490.3,4,,,,,,,,
/player/zhao-40370/,Zhao C.,1490.3,3,1491.5,3.0,,,,,,
/player/novotny-61507/,Novotny A.,1490.3,4,,,1496.9,4.0,,,,
/player/nakahara-2ebe4/,Nakahara M.,1490.2,2,1491.4,2.0,,,,,,
/player/zhytelna/,Zhytelna Y.,1490.2,20,1419.0,13.0,,,,,,
/player/syed-ae09e/,Syed S.,1490.1,10,1354.2,6.0,1615.3,2.0,,,,
/player/hunziker/,Hunziker A.,1490.1,4,1498.3,3.0,1449.8,1.0,,,,
/player/zelley/,Zelley A.,1490.1,3,,,,,,,,
/player/gallegos-a3059/,Gallegos L.,1490.1,4,,,,,,,,
/player/roehrich/,Roehrich M.,1490.1,1,,,1485.8,1.0,,,,
/player/papadopoulos-6aa1a/,Papadopoulos S.,1490.0,2,1493.2,2.0,,,,,,
/player/tan-f68a2/,Tan B.,1489.9,22,1557.6,5.0,1505.8,9.0,1565.7,1.0,,
/player/braswell-7a1b7/,Braswell M.,1489.8,3,,,1495.9,3.0,,,,
/player/stephens-6e9bc/,Stephens Z.,1489.8,26,1272.1,5.0,1347.2,4.0,1549.3,3.0,,
/player/humeniuk/,Humeniuk P.,1489.8,2,,,1491.5,2.0,,,,
/player/chogsomjav/,Chogsomjav M.,1489.8,5,1546.4,3.0,,,,,1382.7,2.0
/player/castro-f56a9/,Castro L.,1489.7,27,1419.7,6.0,1449.6,15.0,,,,
/player/hubackova/,Hubackova K.,1489.6,2,,,1490.1,2.0,,,,
/player/bozic-30455/,Bozic J.,1489.6,2,,,1487.2,2.0,,,,
/player/fufygin/,Fufygin M.,1489.5,2,1516.2,2.0,,,,,,
/player/valdoleiros/,Valdoleiros G.,1489.5,40,1362.7,12.0,1504.0,17.0,1550.6,3.0,,
/player/hacquard/,Hacquard C.,1489.5,4,,,,,,,,
/player/moxon/,Moxon B.,1489.5,3,1417.9,1.0,1576.8,1.0,1434.3,1.0,,
/player/kozlov/,Kozlov S.,1489.5,27,1358.4,9.0,1488.4,12.0,1598.5,4.0,1505.3,2.0
/player/abuobaia/,Abuobaia M.,1489.4,4,1565.7,1.0,1431.1,3.0,,,,
/player/daljev/,Daljev P.,1489.4,2,,,1463.1,2.0,,,,
/player/sartori-d10f8/,Sartori F.,1489.4,2,,,1485.9,2.0,,,,
/player/ponomar-11bb0/,Ponomar O.,1489.3,2,,,1565.7,1.0,,,,
/player/storck-franca/,Storck Franca L.,1489.3,3,1565.7,1.0,1437.6,2.0,,,,
/player/weissenboeck-b388b/,Weissenboeck J.,1489.2,2,,,1490.5,2.0,,,,
/player/bajsic-leo/,Bajsic Leo G.,1489.1,2,1497.2,2.0,,,,,,
/player/karpinski-139de/,Karpinski S.,1489.1,16,1445.2,1.0,1544.2,8.0,,,,
/player/sales-e4b6d/,Sales D.,1489.1,2,,,1488.2,2.0,,,,
/player/gonzalez-galino-e72ed/,Gonzalez-Galino V.,1489.0,14,1404.8,1.0,1520.4,13.0,,,,
/player/zlotnik/,Zlotnik S.,1489.0,2,,,,,,,,
/player/fernandez-bd5e8/,Fernandez M.,1489.0,2,,,1489.2,2.0,,,,
/player/severino-60a77/,Severino B.,1489.0,4,1485.9,2.0,1473.4,2.0,,,,
/player/wasantha/,Wasantha D.,1488.9,4,1602.5,2.0,1434.3,1.0,,,,
/player/cela/,Cela O.,1488.9,2,,,,,,,,
/player/gonzalez-40e03/,Gonzalez L.,1488.9,10,1437.7,1.0,1539.3,9.0,,,,
/player/lange-db853/,Lange A.,1488.9,11,1521.4,4.0,1505.5,2.0,,,,
/player/melot-a933a/,Melot J.,1488.8,2,1435.0,1.0,,,,,,
/player/atay/,Atay S.,1488.7,29,1525.5,26.0,1489.2,3.0,,,,
/player/lofman/,Lofman A.,1488.7,3,1460.0,1.0,1438.6,1.0,,,,
/player/de-waal-5af96/,De Waal W.,1488.6,4,1622.4,2.0,1356.9,2.0,,,,
/player/faure-517c5/,Faure V.,1488.6,6,1437.8,3.0,1551.5,3.0,,,,
/player/galea-81378/,Galea E.,1488.6,14,1525.8,6.0,1545.9,6.0,,,,
/player/cunha-a4af2/,Cunha J.,1488.5,4,1507.1,2.0,1417.6,1.0,,,,
/player/kato-97e73/,Kato M.,1488.5,4,,,,,,,,
/player/gamble-3bd00/,Gamble J.,1488.5,30,1337.0,3.0,1544.8,6.0,,,,
/player/doitteau/,Doitteau J.,1488.4,7,,,,,,,,
/player/delattre-d0db7/,Delattre G.,1488.4,13,,,1439.7,4.0,1565.7,1.0,,
/player/santitto/,Santitto J.,1488.4,11,1580.6,9.0,,,,,,
/player/tian-5108b/,Tian N.,1488.4,19,1478.1,9.0,1479.4,3.0,,,1541.9,7.0
/player/palladino-744cd/,Palladino M.,1488.4,2,,,,,,,,
/player/kastsiukevich/,Kastsiukevich R.,1488.3,5,,,1548.5,4.0,,,,
/player/milutinovic-32c9d/,Milutinovic E.,1488.3,12,,,1486.2,12.0,,,,
/player/bienkiewicz/,Bienkiewicz J.,1488.2,13,1535.6,3.0,1414.3,5.0,,,,
/player/benson-6fdbb/,Benson M.,1488.2,4,,,1565.7,1.0,,,,
/player/marincas-5bcae/,Marincas D.,1488.1,5,1493.2,2.0,1496.6,2.0,1434.3,1.0,,
/player/lynch-da005/,Lynch N.,1488.1,11,,,,,,,,
/player/piatti-6b3dc/,Piatti R.,1488.1,27,1386.3,8.0,1522.1,18.0,1434.3,1.0,,
/player/herdoiza-6da42/,Herdoiza N.,1487.9,4,,,,,,,,
/player/vasilev-64443/,Vasilev M.,1487.9,2,,,1494.1,2.0,,,,
/player/orynbasar/,Orynbasar I.,1487.9,3,,,1515.4,2.0,,,,
/player/munteanu-45487/,Munteanu C.,1487.8,3,1435.9,1.0,1508.2,2.0,,,,
/player/muza/,Muza E.,1487.8,9,1615.3,2.0,1374.3,4.0,1565.7,1.0,,
/player/xu-07623/,Xu K.,1487.8,2,,,1491.2,2.0,,,,
/player/bonaiti/,Bonaiti A.,1487.7,2,,,,,1493.2,2.0,,
/player/diallo-dd116/,Diallo G.,1487.6,12,1517.7,2.0,1470.7,4.0,1443.8,6.0,,
/player/kucikova/,Kucikova K.,1487.6,28,1464.5,13.0,1543.7,15.0,,,,
/player/huens-fda19/,Huens H.,1487.6,7,,,1445.6,7.0,,,,
/player/le-meur/,Le Meur R.,1487.6,8,,,1500.4,8.0,,,,
/player/belanska/,Belanska L.,1487.5,25,,,1562.9,12.0,,,,
/player/lincer/,Lincer O.,1487.4,13,1496.7,12.0,,,1460.1,1.0,,
/player/lane-7df83/,Lane L.,1487.4,21,1415.3,4.0,1504.8,11.0,,,,
/player/mayew/,Mayew W.,1487.4,10,1565.7,1.0,1604.2,4.0,,,,
/player/valdez-89d6e/,Valdez N.,1487.3,9,1600.1,3.0,1378.9,2.0,,,1434.3,1.0
/player/shomvi/,Shomvi H.,1487.3,2,,,,,,,,
/player/gruenig-8e145/,Gruenig G.,1487.3,1,,,1484.4,1.0,,,,
/player/yongmod/,Yongmod T.,1487.3,5,1485.0,5.0,,,,,,
/player/winegar/,Winegar T.,1487.2,4,,,1487.2,4.0,,,,
/player/novansky/,Novansky M.,1487.2,6,1497.7,2.0,1441.6,3.0,,,,
/player/broady-9ff27/,Broady L.,1487.1,36,1503.7,22.0,1525.3,8.0,1503.5,5.0,1434.3,1.0
/player/araoz-gosn/,Araoz-Gosn M.,1487.1,3,,,,,,,,
/player/gheorghe-65f57/,Gheorghe S.,1487.1,2,,,1487.5,2.0,,,,
/player/guillen-e4ebc/,Guillen G.,1487.1,5,1489.9,5.0,,,,,,
/player/vogelaar/,Vogelaar A.,1487.1,2,,,,,,,,
/player/zharkikh/,Zharkikh M.,1487.1,13,1493.2,13.0,,,,,,
/player/ghedin-1faf7/,Ghedin M.,1486.9,2,,,1501.5,2.0,,,,
/player/dicu-dc192/,Dicu N.,1486.9,2,,,1515.8,2.0,,,,
/player/nagy-7d2d1/,Nagy B.,1486.8,23,1405.1,3.0,1409.7,2.0,,,,
/player/marton-420df/,Marton I.,1486.8,25,1483.7,19.0,1351.4,3.0,,,1549.3,3.0
/player/otis/,Otis A.,1486.8,3,1482.1,2.0,1431.1,1.0,,,,
/player/purevdorj/,Purevdorj U.,1486.8,1,,,,,,,1434.3,1.0
/player/michalkova-5fb1e/,Michalkova B.,1486.7,28,1465.3,3.0,1401.7,20.0,,,,
/player/okude-0fc5e/,Okude A.,1486.7,6,1478.0,4.0,,,,,,
/player/geschwind/,Geschwind F.,1486.7,26,,,1404.8,15.0,1505.5,2.0,,
/player/gorska/,Gorska D.,1486.7,22,1351.1,5.0,1540.9,17.0,,,,
/player/li-b2a25/,Li T.,1486.5,2,,,,,,,,
/player/messler/,Messler L.,1486.5,2,,,1486.6,2.0,,,,
/player/zeballos-9936c/,Zeballos F.,1486.5,9,,,1471.0,9.0,,,,
/player/juravliova/,Juravliova E.,1486.4,9,1447.6,9.0,,,,,,
/player/valletta-43f35/,Valletta L.,1486.4,10,1565.7,1.0,1433.0,9.0,,,,
/player/phiri-ca7d4/,Phiri D.,1486.4,2,,,,,,,,
/player/gadient/,Gadient N.,1486.4,28,1542.2,8.0,1491.1,20.0,,,,
/player/turkmen/,Turkmen D.,1486.4,26,1503.5,26.0,,,,,,
/player/menzel-piccioli/,Menzel Piccioli T.,1486.3,18,1451.0,3.0,1461.6,11.0,,,,
/player/feldman-01f95/,Feldman N.,1486.3,2,,,,,,,,
/player/ozan/,Ozan C.,1486.3,1,,,1483.9,1.0,,,,
/player/grilliot/,Grilliot A.,1486.2,4,,,,,,,,
/player/zhou-2f259/,Zhou J.,1486.2,2,,,1486.4,2.0,,,,
/player/zhang-f7686/,Zhang M.,1486.2,22,1554.3,8.0,1453.2,11.0,,,,
/player/mellerio/,Mellerio G.,1486.1,2,1489.3,2.0,,,,,,
/player/ferrer-sole/,Ferrer Sole M.,1486.1,2,,,1485.4,2.0,,,,
/player/karas-d6e62/,Karas J.,1486.1,2,,,1460.7,2.0,,,,
/player/krivoshchekov-0a137/,Krivoshchekov K.,1486.1,2,,,1492.1,2.0,,,,
/player/rivkin/,Rivkin N.,1486.1,6,,,1493.8,6.0,,,,
/player/gouvea-vieira-elkind/,Gouvea Vieira Elkind C.,1486.0,2,1492.0,2.0,,,,,,
/player/yashina/,Yashina E.,1486.0,41,1496.0,31.0,1441.8,9.0,,,1434.3,1.0
/player/wuarin/,Wuarin P.,1486.0,2,,,1486.0,2.0,,,,
/player/lechner-0399f/,Lechner D.,1486.0,11,1467.2,2.0,1419.4,8.0,,,,
/player/litwic/,Litwic T.,1485.9,2,,,1487.9,2.0,,,,
/player/fontes-damorim/,Fontes Damorim F.,1485.8,5,1422.1,1.0,1469.6,3.0,,,,
/player/malige-dbd0f/,Malige M.,1485.8,26,1470.4,8.0,1437.6,16.0,1516.1,2.0,,
/player/siekanowicz/,Siekanowicz P.,1485.8,14,1565.7,1.0,1498.3,2.0,,,,
/player/markov-f6b4f/,Markov V.,1485.8,15,1500.4,2.0,1439.4,11.0,1514.7,2.0,,
/player/zuckerman-dfc26/,Zuckerman A.,1485.8,4,1615.3,2.0,1384.7,2.0,,,,
/player/sadiq-44f1a/,Sadiq S.,1485.7,20,1519.2,15.0,1412.7,5.0,,,,
/player/soare/,Soare A.,1485.7,24,,,1524.5,12.0,,,,
/player/karlovskiy/,Karlovskiy E.,1485.7,5,1446.6,1.0,1493.8,4.0,,,,
/player/joseph-6e7b6/,Joseph N.,1485.7,4,,,1470.0,4.0,,,,
/player/robinson-64992/,Robinson J.,1485.6,6,,,1486.3,6.0,,,,
/player/sobot/,Sobot I.,1485.5,2,,,1486.5,2.0,,,,
/player/chowdhury-2465a/,Chowdhury S.,1485.5,2,1490.5,2.0,,,,,,
/player/calvo-lopez/,Calvo Lopez A.,1485.5,3,,,1477.1,3.0,,,,
/player/delaney-da784/,Delaney J.,1485.5,30,1491.7,11.0,1344.2,15.0,1588.0,4.0,,
/player/sawant-43414/,Sawant M.,1485.4,23,1551.5,11.0,1446.7,12.0,,,,
/player/muller-e3ebc/,Muller C.,1485.4,3,1446.4,1.0,1600.9,1.0,,,,
/player/bovio/,Bovio M.,1485.4,2,,,1491.0,2.0,,,,
/player/sama-eafed/,Sama C.,1485.4,9,1459.4,6.0,1549.3,3.0,,,,
/player/carballo/,Carballo M.,1485.3,7,,,1499.5,6.0,,,,
/player/sinha-10154/,Sinha N.,1485.3,18,1514.5,7.0,1398.8,10.0,,,,
/player/gonzalez-90622/,Gonzalez E.,1485.2,1,,,1481.1,1.0,,,,
/player/barnhart/,Barnhart S.,1485.2,2,,,,,,,,
/player/draper-e73d3/,Draper J.,1485.1,6,1367.9,2.0,,,1613.9,4.0,,
/player/londono-7befb/,Londono A.,1485.1,2,,,,,,,,
/player/fluri/,Fluri S.,1485.0,2,,,1486.7,2.0,,,,
/player/steindl/,Steindl F.,1485.0,7,1447.8,3.0,1446.1,3.0,,,,
/player/lago-furio/,Lago Furio A.,1485.0,2,,,1471.6,2.0,,,,
/player/masiianskaia/,Masiianskaia M.,1484.8,43,1398.2,4.0,1538.2,31.0,,,,
/player/maruyama-5de4d/,Maruyama A.,1484.8,8,1503.2,8.0,,,,,,
/player/matuszczyk-55a7b/,Matuszczyk M.,1484.8,12,,,1612.1,6.0,,,,
/player/britt-alvarez/,Britt-Alvarez D.,1484.8,2,,,1481.3,2.0,,,,
/player/scheidt/,Scheidt A.,1484.7,1,,,1483.2,1.0,,,,
/player/friedman-a1951/,Friedman L.,1484.7,2,,,,,,,,
/player/ianin/,Ianin N.,1484.6,39,1439.5,17.0,1567.7,20.0,1434.3,1.0,,
/player/eom-2fcb5/,Eom S.,1484.6,9,1489.5,9.0,,,,,,
/player/korpanec-davies-60062/,Korpanec Davies O.,1484.5,9,1478.3,9.0,,,,,,
/player/olff/,Olff S.,1484.4,11,,,,,,,,
/player/gubi/,Gubi T.,1484.4,33,1583.5,12.0,1553.8,7.0,1434.3,1.0,,
/player/toffanin/,Toffanin N.,1484.4,37,1335.5,9.0,1453.8,22.0,1549.3,3.0,,
/player/mihalikova/,Mihalikova T.,1484.3,1,1485.1,1.0,,,,,,
/player/liusso-e1108/,Liusso M.,1484.3,18,1559.0,5.0,1486.4,12.0,,,,
/player/martin-lopez/,Martin Lopez V.,1484.3,7,1558.8,3.0,1493.0,4.0,,,,
/player/russell-c24e3/,Russell C.,1484.2,2,1506.8,2.0,,,,,,
/player/collar/,Collar E.,1484.1,9,1509.1,4.0,1446.4,5.0,,,,
/player/krznaric/,Krznaric N.,1484.1,16,,,1500.9,16.0,,,,
/player/flynn-9ffbb/,Flynn C.,1484.1,5,,,,,,,,
/player/caragea/,Caragea A.,1484.0,9,1443.6,1.0,1438.5,3.0,,,,
/player/huang-b1943/,Huang R.,1484.0,2,,,,,1504.6,2.0,,
/player/paragi/,Paragi Z.,1484.0,2,,,,,1504.6,2.0,,
/player/nunez-d110a/,Nunez L.,1484.0,18,1575.6,5.0,1378.9,9.0,,,,
/player/middendorf/,Middendorf J.,1484.0,8,,,1473.7,8.0,,,,
/player/ruder-hook-8edfc/,Ruder-Hook J.,1483.9,5,1453.4,2.0,1555.3,3.0,,,,
/player/hyseni/,Hyseni E.,1483.9,1,,,,,,,,
/player/gundu/,Gundu V.,1483.9,6,,,1443.1,5.0,,,,
/player/prashant-rajendrabhai/,Prashant Rajendrabhai S.,1483.9,9,1514.6,7.0,1395.3,2.0,,,,
/player/kielan/,Kielan S.,1483.8,3,,,1464.2,3.0,,,,
/player/hirschi/,Hirschi E.,1483.8,1,,,1434.3,1.0,,,,
/player/de-castro-rocha/,De Castro Rocha V.,1483.7,9,1486.2,4.0,1463.3,4.0,,,,
/player/arima/,Arima R.,1483.7,2,1491.1,2.0,,,,,,
/player/seidman-d25c1/,Seidman L.,1483.7,23,1420.7,5.0,1602.1,15.0,1434.3,1.0,,
/player/guapindaia-soares/,Guapindaia Soares G.,1483.6,2,1483.3,2.0,,,,,,
/player/lohan/,Lohan S.,1483.6,7,1464.3,1.0,,,,,,
/player/baraniakova-5a280/,Baraniakova E.,1483.5,15,,,,,,,,
/player/perlov/,Perlov F.,1483.5,15,1524.5,6.0,1481.9,6.0,1422.1,1.0,,
/player/jarvis-tredgett/,Jarvis-Tredgett C.,1483.4,7,,,1418.2,1.0,,,,
/player/pagnoni-4ff3a/,Pagnoni E.,1483.4,2,,,,,,,,
/player/mendes-61228/,Mendes J.,1483.4,19,1495.3,6.0,1459.6,11.0,,,,
/player/reichen/,Reichen L.,1483.4,4,,,1505.5,4.0,,,,
/player/flores-12170/,Flores V.,1483.3,1,1481.6,1.0,,,,,,
/player/lin-3a677/,Lin E.,1483.3,2,1495.6,2.0,,,,,,
/player/levinsky-ae11f/,Levinsky G.,1483.3,7,1537.6,2.0,1440.0,5.0,,,,
/player/kholdarova/,Kholdarova S.,1483.2,5,,,,,,,,
/player/milic-76965/,Milic E.,1483.2,5,1515.7,2.0,1470.6,3.0,,,,
/player/van-der-merwe-d2dc2/,Van Der Merwe M.,1483.2,26,1534.7,10.0,1544.7,6.0,1434.3,1.0,,
/player/aksu-9bc6f/,Aksu S.,1483.2,19,1515.8,14.0,,,,,,
/player/lancelot/,Lancelot O.,1483.2,8,1520.2,7.0,1445.9,1.0,,,,
/player/lutkovskii-9eaa0/,Lutkovskii S.,1483.1,11,1577.4,5.0,1455.1,5.0,,,,
/player/ventre/,Ventre A.,1483.1,4,,,,,,,,
/player/khomich-39b0e/,Khomich M.,1483.1,1,,,1478.1,1.0,,,,
/player/haleem/,Haleem Y.,1483.0,2,1475.4,2.0,,,,,,
/player/bartel/,Bartel K.,1483.0,37,1491.1,25.0,1456.7,12.0,,,,
/player/pieber/,Pieber E.,1483.0,2,,,1486.4,2.0,,,,
/player/ma-dfe4e/,Ma A.,1483.0,2,1493.4,2.0,,,,,,
/player/umeda-84712/,Umeda T.,1483.0,4,1485.2,4.0,,,,,,
/player/okello/,Okello S.,1483.0,2,,,,,,,,
/player/chung-b301c/,Chung D.,1483.0,2,1483.0,2.0,,,,,,
/player/chiciudean/,Chiciudean C.,1483.0,2,1493.2,2.0,,,,,,
/player/reznik-850b7/,Reznik J.,1483.0,7,,,,,,,,
/player/gu-80259/,Gu T.,1482.9,13,1504.6,2.0,1469.4,7.0,1504.6,2.0,,
/player/liszka/,Liszka M.,1482.9,13,1396.0,2.0,1633.6,5.0,1504.6,2.0,,
/player/kang-038f8/,Kang G.,1482.9,2,,,1486.7,2.0,,,,
/player/rubtsova/,Rubtsova V.,1482.8,2,1506.7,2.0,,,,,,
/player/chou-6d4af/,Chou P.,1482.8,1,1483.3,1.0,,,,,,
/player/katsuda/,Katsuda T.,1482.7,19,1446.5,3.0,1491.0,7.0,,,,
/player/gaillard-edd42/,Gaillard D.,1482.7,25,1565.7,3.0,1463.1,22.0,,,,
/player/fornaci-e9868/,Fornaci D.,1482.6,1,,,1480.1,1.0,,,,
/player/liu-88185/,Liu X.,1482.6,7,1547.0,3.0,1434.3,1.0,,,,
/player/schoen-bf0c5/,Schoen C.,1482.6,1,,,1481.7,1.0,,,,
/player/ter-meulen/,Ter Meulen C.,1482.6,2,,,1493.2,2.0,,,,
/player/khan-aa46c/,Khan S.,1482.6,2,,,1482.6,2.0,,,,
/player/kliebhan/,Kliebhan D.,1482.5,4,1434.3,1.0,1496.3,2.0,,,,
/player/junarto/,Junarto A.,1482.5,6,,,,,,,1461.9,5.0
/player/sureda/,Sureda J.,1482.4,2,1482.9,2.0,,,,,,
/player/paul-2cec2/,Paul K.,1482.3,13,,,1477.0,13.0,,,,
/player/glowacka-896ee/,Glowacka M.,1482.3,4,,,1477.3,4.0,,,,
/player/arango-c6512/,Arango E.,1482.3,36,1435.1,12.0,1485.8,14.0,1509.2,6.0,,
/player/price-412c1/,Price J.,1482.3,1,,,1471.1,1.0,,,,
/player/tang-c27da/,Tang Q.,1482.3,3,1478.0,3.0,,,,,,
/player/lee-07758/,Lee H.,1482.3,2,1483.8,2.0,,,,,,
/player/bicknell-8dc8a/,Bicknell B.,1482.2,21,1372.6,14.0,1624.2,4.0,,,1434.3,1.0
/player/catalano/,Catalano F.,1482.2,4,1486.0,2.0,1466.4,2.0,,,,
/player/enache-a2c40/,Enache S.,1482.2,2,,,1501.2,2.0,,,,
/player/whang/,Whang C.,1482.2,3,1483.7,3.0,,,,,,
/player/murray-6c418/,Murray L.,1482.1,16,,,1481.4,2.0,,,,
/player/choi-fccb3/,Choi F.,1482.1,1,,,,,,,,
/player/aleksovski-9c23e/,Aleksovski M.,1482.0,2,1510.0,2.0,,,,,,
/player/huss-6f6dd/,Huss B.,1482.0,15,1495.4,2.0,1581.1,5.0,1447.2,3.0,,
/player/longwe-smit/,Longwe-Smit T.,1481.9,19,1445.0,9.0,1488.3,9.0,,,,
/player/collin-6543a/,Collin L.,1481.9,9,,,1581.4,7.0,,,1401.7,2.0
/player/rico-arias/,Rico Arias N.,1481.8,11,1434.3,1.0,1498.9,10.0,,,,
/player/jedrzejewska-2f1b4/,Jedrzejewska M.,1481.8,2,1493.2,2.0,,,,,,
/player/arystanbekova/,Arystanbekova E.,1481.8,6,1494.8,6.0,,,,,,
/player/tsomaia/,Tsomaia N.,1481.7,2,1501.2,2.0,,,,,,
/player/ilhan/,Ilhan M.,1481.7,1,1422.1,1.0,,,,,,
/player/papa-2feef/,Papa S.,1481.7,3,1565.7,1.0,1435.2,1.0,,,,
/player/liu-944f5/,Liu Z.,1481.7,3,,,1465.7,3.0,,,,
/player/stojsavljevic/,Stojsavljevic M.,1481.6,16,1462.6,9.0,,,1395.6,6.0,,
/player/mushika-7c402/,Mushika M.,1481.6,19,1486.3,19.0,,,,,,
/player/lee-bc755/,Lee Y.,1481.5,7,1483.2,7.0,,,,,,
/player/huang-5117a/,Huang T.,1481.5,27,1378.4,10.0,1539.0,17.0,,,,
/player/borrelli-c1bd0/,Borrelli L.,1481.5,30,1425.5,7.0,1434.7,21.0,,,,
/player/pearson-645f7/,Pearson K.,1481.5,11,1471.6,10.0,1468.5,1.0,,,,
/player/bursau/,Bursau Y.,1481.4,8,,,1493.0,8.0,,,,
/player/giron-49e97/,Giron M.,1481.4,30,1382.7,10.0,1432.5,9.0,1506.7,11.0,,
/player/mcgill-c6856/,McGill C.,1481.4,19,,,1420.5,1.0,,,,
/player/mechbal/,Mechbal I.,1481.4,2,,,1490.1,2.0,,,,
/player/kovacic-541f0/,Kovacic N.,1481.3,17,,,1484.7,17.0,,,,
/player/logrippo/,Logrippo M.,1481.3,1,,,1478.1,1.0,,,,
/player/desein/,Desein N.,1481.3,2,,,1493.6,2.0,,,,
/player/benaim/,Benaim M.,1481.3,12,1514.6,4.0,1554.4,7.0,,,,
/player/chanawong/,Chanawong P.,1481.2,2,1493.2,2.0,,,,,,
/player/martaux/,Martaux A.,1481.2,2,,,1420.9,1.0,,,,
/player/choi-3d789/,Choi J.,1481.2,7,1479.8,7.0,,,,,,
/player/greiner-9d244/,Greiner L.,1481.1,7,,,1481.5,7.0,,,,
/player/widell-61b78/,Widell A.,1481.1,4,,,,,,,,
/player/kernagis/,Kernagis M.,1481.1,2,,,,,,,,
/player/karnani/,Karnani A.,1481.1,9,1483.5,9.0,,,,,,
/player/zakharov-6c4cc/,Zakharov E.,1481.0,4,,,1490.8,4.0,,,,
/player/tangzhen/,Tangzhen L.,1481.0,2,1493.6,2.0,,,,,,
/player/bjork-6e09e/,Bjork J.,1481.0,15,,,1479.3,11.0,,,,
/player/luo-0ae10/,Luo J.,1480.9,16,1528.7,6.0,1426.5,7.0,,,,
/player/despotovic/,Despotovic M.,1480.9,11,1586.0,4.0,1428.8,5.0,,,,
/player/fernandez-ruiz-11f62/,Fernandez Ruiz R.,1480.9,2,,,1488.1,2.0,,,,
/player/yerdilda/,Yerdilda Y.,1480.8,3,1494.3,2.0,1444.6,1.0,,,,
/player/lekomtseva-e6332/,Lekomtseva V.,1480.8,2,1490.5,2.0,,,,,,
/player/funke/,Funke A.,1480.8,1,,,1474.5,1.0,,,,
/player/browning-90604/,Browning T.,1480.8,1,1455.5,1.0,,,,,,
/player/mitsunari/,Mitsunari N.,1480.8,2,1491.3,2.0,,,,,,
/player/eliscu/,Eliscu A.,1480.8,16,,,,,,,,
/player/narti/,Narti C.,1480.7,23,1412.2,6.0,1524.3,17.0,,,,
/player/darroch/,Darroch K.,1480.7,9,,,,,,,,
/player/teramo/,Teramo D.,1480.7,8,,,1484.4,4.0,,,,
/player/mazzoni-9c099/,Mazzoni E.,1480.7,22,1522.6,17.0,1414.9,5.0,,,,
/player/collignon-f24d7/,Collignon K.,1480.7,14,1395.5,2.0,1579.8,8.0,,,,
/player/patel-718ee/,Patel D.,1480.7,6,,,1454.3,4.0,,,,
/player/foster-fc96c/,Foster Z.,1480.6,5,1434.3,1.0,1563.1,3.0,,,,
/player/fiorentini-6dcc2/,Fiorentini A.,1480.6,24,1430.3,6.0,1518.8,18.0,,,,
/player/grammatikakis/,Grammatikakis P.,1480.6,4,,,1488.2,4.0,,,,
/player/ferreira-turchetto/,Ferreira Turchetto M.,1480.6,11,,,1487.3,11.0,,,,
/player/valle-saenz/,Valle-Saenz S.,1480.5,2,,,,,,,,
/player/plenkiewicz-aef7f/,Plenkiewicz H.,1480.5,2,1446.6,1.0,,,,,,
/player/puig-mccallan-37335/,Puig McCallan K.,1480.5,5,,,1512.0,2.0,,,,
/player/roberts-74c2c/,Roberts H.,1480.5,14,1392.8,2.0,1500.5,12.0,,,,
/player/munua/,Munua T.,1480.5,6,,,1491.8,5.0,,,,
/player/li-e5a75/,Li B.,1480.4,2,1482.6,2.0,,,,,,
/player/deaifi/,Deaifi D.,1480.4,4,,,,,,,,
/player/malis-2c628/,Malis F.,1480.3,1,1446.2,1.0,,,,,,
/player/boparai/,Boparai M.,1480.3,6,,,,,,,,
/player/malmstrom/,Malmstrom R.,1480.3,2,,,1485.7,2.0,,,,
/player/alvarez-velis/,Alvarez Velis O.,1480.3,2,,,1495.3,2.0,,,,
/player/croisy/,Croisy P.,1480.2,2,1484.8,2.0,,,,,,
/player/chen-18d54/,Chen X.,1480.2,33,1301.9,8.0,1425.1,17.0,1684.1,3.0,,
/player/yang-4e986/,Yang X.,1480.2,22,1404.7,5.0,1471.9,12.0,1626.7,2.0,,
/player/grandinetti-258c9/,Grandinetti T.,1480.2,22,1448.4,4.0,1380.8,13.0,1506.8,2.0,,
/player/kleiman/,Kleiman M.,1480.2,10,1575.5,3.0,1433.5,6.0,,,,
/player/bal-325f0/,Bal A.,1480.2,1,1483.2,1.0,,,,,,
/player/kim-fa225/,Kim J.,1480.2,4,,,1480.2,4.0,,,,
/player/nemeth-5d297/,Nemeth A.,1480.1,21,1567.3,8.0,1410.3,8.0,,,,
/player/kruger-20257/,Kruger C.,1479.9,3,1524.4,2.0,1436.6,1.0,,,,
/player/lawlor-ee350/,Lawlor R.,1479.9,11,1349.8,3.0,1501.9,5.0,1457.9,1.0,,
/player/nordikyan/,Nordikyan K.,1479.9,3,1451.9,3.0,,,,,,
/player/gaillard-7e58e/,Gaillard M.,1479.9,1,,,1439.1,1.0,,,,
/player/kamrowski/,Kamrowski M.,1479.9,6,1434.3,1.0,1479.5,3.0,1516.6,2.0,,
/player/flechter/,Flechter M.,1479.8,2,,,1479.5,2.0,,,,
/player/vega-7ff7c/,Vega L.,1479.7,4,,,1461.8,3.0,,,,
/player/burton-6cd40/,Burton C.,1479.7,4,1503.0,4.0,,,,,,
/player/praefke/,Praefke P.,1479.7,9,,,1468.6,3.0,,,,
/player/yusuf-2cdb7/,Yusuf A.,1479.7,1,,,,,,,,
/player/ros-parres/,Ros Parres L.,1479.7,22,1522.5,2.0,1488.6,20.0,,,,
/player/rakhmatov/,Rakhmatov A.,1479.7,1,,,,,,,1434.3,1.0
/player/gomez-pezuela-cano/,Gomez Pezuela Cano M.,1479.6,15,1482.0,1.0,1498.5,14.0,,,,
/player/fajardo-74af0/,Fajardo S.,1479.6,2,,,,,,,,
/player/kovacs-b05be/,Kovacs V.,1479.6,9,1444.9,3.0,1449.9,3.0,1434.3,1.0,,
/player/roman-f5e7b/,Roman H.,1479.6,2,1493.2,2.0,,,,,,
/player/suarez-franzual/,Suarez Franzual N.,1479.5,2,1474.9,2.0,,,,,,
/player/cadwallader/,Cadwallader G.,1479.4,32,1484.0,24.0,,,,,,
/player/papadakis-c932f/,Papadakis L.,1479.4,4,,,1472.5,4.0,,,,
/player/sandoval-9e5a1/,Sandoval F.,1479.4,2,1481.3,2.0,,,,,,
/player/brunet-brady/,Brunet-Brady A.,1479.4,9,,,1523.1,8.0,,,1449.1,1.0
/player/kim-6e382/,Kim M.,1479.3,5,,,,,,,,
/player/el-jardi/,El Jardi D.,1479.2,27,1424.9,6.0,1589.7,14.0,,,1465.6,3.0
/player/mccall-9956a/,McCall D.,1479.1,4,,,,,,,,
/player/renard-10931/,Renard P.,1479.1,10,1559.4,3.0,1520.6,6.0,,,,
/player/ilker/,Ilker Z.,1479.1,3,1477.1,3.0,,,,,,
/player/kawahashi/,Kawahashi Y.,1479.0,23,1482.6,14.0,1478.8,9.0,,,,
/player/o-connor-ec096/,O'Connor A.,1478.8,3,1434.3,1.0,1434.3,1.0,,,,
/player/ratre/,Ratre A.,1478.7,2,,,1471.2,2.0,,,,
/player/de-francisco-aguirrebengoa-gonsalves/,De Francisco-Aguirrebe,1478.7,6,1516.5,4.0,1480.6,2.0,,,,
/player/arora-91aa9/,Arora A.,1478.6,8,1477.7,5.0,,,,,,
/player/lauinger/,Lauinger A.,1478.6,1,1441.9,1.0,,,,,,
/player/abua/,Abua C.,1478.5,1,,,,,,,,
/player/horak/,Horak V.,1478.5,10,,,1434.3,1.0,,,,
/player/golescu/,Golescu R.,1478.4,17,1423.9,2.0,1469.8,11.0,1445.9,1.0,,
/player/ivaskovic/,Ivaskovic N.,1478.4,2,,,1480.6,2.0,,,,
/player/maeng-d145d/,Maeng M.,1478.4,2,,,1487.6,2.0,,,,
/player/grohbruegge/,Grohbruegge H.,1478.4,7,1479.7,5.0,1509.6,2.0,,,,
/player/wagenknecht/,Wagenknecht V.,1478.4,2,,,1557.9,1.0,,,,
/player/aiukhanov/,Aiukhanov A.,1478.4,3,1494.9,2.0,1447.8,1.0,,,,
/player/ramirez-89281/,Ramirez M.,1478.4,4,1493.2,2.0,1484.8,2.0,,,,
/player/maruyama-ebd07/,Maruyama A.,1478.3,2,1478.5,2.0,,,,,,
/player/torres-remon/,Torres Remon T.,1478.3,1,,,1474.8,1.0,,,,
/player/lenders/,Lenders J.,1478.3,27,1589.7,7.0,1453.1,15.0,1433.5,3.0,,
/player/ueda-e5abe/,Ueda R.,1478.2,2,1481.7,2.0,,,,,,
/player/gobbi-monllau/,Gobbi Monllau A.,1478.2,21,1434.3,1.0,1531.3,18.0,,,1504.6,2.0
/player/tsuda-8d6a4/,Tsuda R.,1478.2,4,1483.5,4.0,,,,,,
/player/jelenic-bb02c/,Jelenic P.,1478.2,2,,,1478.2,2.0,,,,
/player/carneiro/,Carneiro O.,1478.2,8,,,,,,,,
/player/misko/,Misko E.,1478.1,2,1485.8,2.0,,,,,,
/player/larue/,Larue L.,1478.1,31,1408.6,7.0,1485.2,22.0,1434.3,1.0,,
/player/robb-wilcox/,Robb-Wilcox C.,1477.9,10,,,,,,,,
/player/blickwede/,Blickwede L.,1477.9,1,,,1471.4,1.0,,,,
/player/steinkamp/,Steinkamp M.,1477.9,12,,,1501.2,11.0,1449.1,1.0,,
/player/bogajo/,Bogajo F.,1477.8,5,1444.0,1.0,1505.3,2.0,,,,
/player/kim-c573b/,Kim B.,1477.7,2,,,1493.5,2.0,,,,
/player/marchenko-a57dd/,Marchenko A.,1477.7,19,1556.0,5.0,1416.7,10.0,,,,
/player/martires-1add0/,Martires G.,1477.7,1,,,1468.1,1.0,,,,
/player/duarte-e264f/,Duarte R.,1477.6,3,,,1433.0,3.0,,,,
/player/gamretkaia/,Gamretkaia A.,1477.5,14,,,1429.9,3.0,,,,
/player/haytham-ismeil/,Haytham Ismeil M.,1477.5,2,1476.8,2.0,,,,,,
/player/torres-a9582/,Torres L.,1477.5,4,,,1481.0,4.0,,,,
/player/larwig/,Larwig N.,1477.5,23,1397.3,5.0,1464.6,18.0,,,,
/player/dalle-molle/,Dalle Molle S.,1477.4,1,,,1476.9,1.0,,,,
/player/karpaliuk-a5b61/,Karpaliuk S.,1477.4,2,,,1467.4,2.0,,,,
/player/matouskova-8da47/,Matouskova B.,1477.4,2,,,1482.9,2.0,,,,
/player/lomans/,Lomans C.,1477.4,2,,,,,,,,
/player/moundir-b8412/,Moundir Y.,1477.3,3,,,1531.8,2.0,,,,
/player/moukarzel/,Moukarzel A.,1477.3,1,,,1468.7,1.0,,,,
/player/srisen-d462c/,Srisen T.,1477.2,3,1506.2,2.0,1451.6,1.0,,,,
/player/marino-a150a/,Marino F.,1477.2,3,,,1478.8,3.0,,,,
/player/jurado-50a7b/,Jurado R.,1477.1,3,1506.6,2.0,,,,,1455.4,1.0
/player/domenech-castillo/,Domenech Castillo J.,1477.1,5,,,1434.3,1.0,1504.6,2.0,,
/player/mihaila-3b4c0/,Mihaila B.,1477.1,6,,,1472.1,6.0,,,,
/player/raschdorf/,Raschdorf C.,1477.0,27,1493.8,3.0,1452.6,24.0,,,,
/player/niyigena/,Niyigena E.,1476.9,3,,,1390.6,2.0,,,,
/player/kaliyanda-poonacha/,Kaliyanda Poonacha N.,1476.9,1,1470.7,1.0,,,,,,
/player/rinman/,Rinman L.,1476.9,2,1484.4,2.0,,,,,,
/player/kapko/,Kapko S.,1476.9,2,,,1490.4,2.0,,,,
/player/amorim-ace8d/,Amorim G.,1476.8,1,1475.4,1.0,,,,,,
/player/nurmakhan/,Nurmakhan A.,1476.8,2,1471.0,2.0,,,,,,
/player/venkataraman-f84b6/,Venkataraman A.,1476.8,18,1397.8,4.0,1555.4,13.0,,,,
/player/baluska/,Baluska Y.,1476.8,21,1535.5,5.0,1563.2,10.0,,,,
/player/anson-sanchez/,Anson Sanchez C.,1476.8,20,1397.1,7.0,1485.4,13.0,,,,
/player/perez-03322/,Perez Y.,1476.7,2,,,1480.6,2.0,,,,
/player/mendez-montiel/,Mendez Montiel D.,1476.7,5,1504.6,2.0,1476.6,3.0,,,,
/player/miladinovic-8f21b/,Miladinovic M.,1476.6,22,1408.1,4.0,1423.6,12.0,1565.7,1.0,,
/player/twardowska/,Twardowska S.,1476.5,2,1493.2,2.0,,,,,,
/player/robbe/,Robbe A.,1476.5,1,,,1434.3,1.0,,,,
/player/tumasonis/,Tumasonis G.,1476.4,8,1565.7,1.0,1440.2,4.0,,,,
/player/vaughan-7c8e1/,Vaughan M.,1476.4,1,,,1450.8,1.0,,,,
/player/zapp-44edd/,Zapp E.,1476.3,11,1528.1,3.0,1459.2,7.0,1434.3,1.0,,
/player/fedel/,Fedel G.,1476.3,4,,,1488.6,4.0,,,,
/player/bracks-ed5b2/,Bracks I.,1476.3,15,,,1470.7,4.0,1434.3,1.0,,
/player/ahamout/,Ahamout T.,1476.2,6,,,1481.6,6.0,,,,
/player/abe-3d810/,Abe M.,1476.2,1,1470.8,1.0,,,,,,
/player/martin-0b52f/,Martin S.,1476.2,13,1630.6,8.0,1375.8,5.0,,,,
/player/ndumbe/,Ndumbe E.,1476.2,12,,,1448.3,1.0,,,,
/player/wagenaar/,Wagenaar L.,1476.1,29,1338.7,3.0,1413.8,7.0,1565.7,1.0,,
/player/yang-eaf50/,Yang Z.,1476.0,1,1476.4,1.0,,,,,,
/player/manolache-289db/,Manolache I.,1476.0,7,1441.9,3.0,1503.2,4.0,,,,
/player/kahatapitiya/,Kahatapitiya R.,1476.0,6,,,1520.0,5.0,,,,
/player/giraldi-requena-6c158/,Giraldi Requena A.,1476.0,22,1449.3,1.0,1492.1,18.0,,,,
/player/manzano-lapuerta/,Manzano Lapuerta P.,1475.9,1,,,1470.1,1.0,,,,
/player/shibano/,Shibano K.,1475.9,17,1532.0,5.0,1654.4,6.0,1434.3,1.0,,
/player/jankovic-2cdf1/,Jankovic M.,1475.9,10,,,1473.0,3.0,,,,
/player/avataneo/,Avataneo S.,1475.9,36,1495.3,27.0,1444.6,5.0,,,,
/player/hazmukova/,Hazmukova V.,1475.9,2,,,1506.0,2.0,,,,
/player/moriamez/,Moriamez V.,1475.9,3,,,1475.7,3.0,,,,
/player/ward-ae22e/,Ward M.,1475.8,5,,,,,,,,
/player/matunak/,Matunak M.,1475.8,2,,,1493.2,2.0,,,,
/player/vedovelli/,Vedovelli S.,1475.8,1,1434.3,1.0,,,,,,
/player/baker-a821a/,Baker C.,1475.8,24,1431.6,14.0,,,,,1460.5,3.0
/player/costa-4dd38/,Costa E.,1475.8,1,,,1463.7,1.0,,,,
/player/blando/,Blando J.,1475.8,6,,,1453.9,5.0,,,,
/player/aubert-13e08/,Aubert E.,1475.7,9,,,1337.9,4.0,,,,
/player/patoux/,Patoux B.,1475.7,2,,,1495.2,2.0,,,,
/player/tadic-3669f/,Tadic V.,1475.7,6,,,1536.6,5.0,,,,
/player/berta-stochlova/,Berta Stochlova K.,1475.6,1,,,1475.4,1.0,,,,
/player/beukers/,Beukers N.,1475.6,7,,,1509.0,2.0,,,,
/player/saatela/,Saatela L.,1475.4,14,,,,,,,,
/player/manns-737e9/,Manns D.,1475.4,1,,,1475.8,1.0,,,,
/player/ding-725ac/,Ding C.,1475.4,1,1466.6,1.0,,,,,,
/player/gjinaj/,Gjinaj V.,1475.4,11,1523.3,7.0,,,,,,
/player/milisenda-8c94f/,Milisenda S.,1475.4,1,,,,,1434.3,1.0,,
/player/oliveira-fe534/,Oliveira A.,1475.3,1,,,,,1457.3,1.0,,
/player/yoon-9ae1d/,Yoon S.,1475.3,5,1482.0,5.0,,,,,,
/player/roselli-3bbcb/,Roselli G.,1475.3,2,1504.6,2.0,,,,,,
/player/carrascosa-diaz/,Carrascosa Diaz E.,1475.3,12,1390.4,2.0,1504.9,10.0,,,,
/player/gupta-3c33b/,Gupta A.,1475.3,17,1513.1,11.0,1488.1,6.0,,,,
/player/manta-f6cd2/,Manta N.,1475.2,7,,,1461.0,7.0,,,,
/player/smekalova/,Smekalova M.,1475.1,20,,,,,,,,
/player/guse-abbott/,Guse-Abbott S.,1475.1,2,1477.7,2.0,,,,,,
/player/kostic-daf2a/,Kostic S.,1475.1,19,1526.3,6.0,1632.5,5.0,1506.8,2.0,,
/player/bienzobas-fernandez/,Bienzobas Fernandez O.,1474.9,16,1497.1,9.0,1457.1,4.0,,,,
/player/ristic-75e24/,Ristic V.,1474.9,1,,,,,,,,
/player/kindhult/,Kindhult E.,1474.9,2,1575.3,1.0,,,,,,
/player/korhonen/,Korhonen C.,1474.9,25,1446.7,1.0,1380.5,6.0,1493.2,2.0,,
/player/rat/,Rat D.,1474.8,5,1434.9,1.0,1452.6,3.0,,,,
/player/nicholls-51063/,Nicholls D.,1474.8,7,1411.4,1.0,1451.4,5.0,,,,
/player/zalupka/,Zalupka K.,1474.7,1,,,1454.8,1.0,,,,
/player/castellanos-44125/,Castellanos M.,1474.7,2,,,,,,,,
/player/winter-9f1cc/,Winter H.,1474.7,10,1565.7,1.0,1411.7,6.0,1504.6,2.0,,
/player/gurung-daacc/,Gurung S.,1474.7,1,,,,,,,1469.1,1.0
/player/scilipoti/,Scilipoti S.,1474.7,4,,,1489.0,2.0,,,,
/player/patton-59123/,Patton T.,1474.7,31,1529.8,7.0,1459.4,10.0,1550.6,3.0,,
/player/corthey/,Corthey L.,1474.7,24,,,,,,,,
/player/salden/,Salden L.,1474.6,2,,,1482.9,2.0,,,,
/player/pradt/,Pradt F.,1474.6,1,,,1434.3,1.0,,,,
/player/guichard/,Guichard A.,1474.6,3,1469.2,3.0,,,,,,
/player/anghel-9c77f/,Anghel A.,1474.6,4,,,1484.2,4.0,,,,
/player/alfano-8dd85/,Alfano F.,1474.6,6,1505.3,2.0,1449.8,3.0,,,,
/player/poulsen-447a6/,Poulsen A.,1474.6,19,,,,,,,,
/player/jelinkova-b7d43/,Jelínková A.,1474.5,19,1488.4,7.0,1449.5,8.0,,,,
/player/boron/,Boron A.,1474.4,5,1520.0,2.0,1460.1,3.0,,,,
/player/tsebrenko/,Tsebrenko D.,1474.4,2,,,1436.9,1.0,,,,
/player/saavedra-carrera-d45af/,Saavedra Carrera Z.,1474.3,5,1471.3,5.0,,,,,,
/player/kenzhibayeva/,Kenzhibayeva S.,1474.3,16,1478.6,16.0,,,,,,
/player/bienzobas-b9a1b/,Bienzobas S.,1474.3,2,1482.4,2.0,,,,,,
/player/vlahos-7339a/,Vlahos A.,1474.3,4,1426.3,3.0,1550.7,1.0,,,,
/player/pop-dc2d6/,Pop L.,1474.2,3,1482.6,3.0,,,,,,
/player/ragus/,Ragus S.,1474.2,1,,,1471.6,1.0,,,,
/player/barraza-3c073/,Barraza J.,1474.2,13,1495.4,2.0,1489.0,8.0,,,,
/player/hudson-67616/,Hudson B.,1474.2,5,,,,,,,,
/player/amaral-17ca3/,Amaral T.,1474.2,2,,,1438.5,1.0,,,,
/player/choi-a3ee1/,Choi S.,1474.1,10,1476.7,10.0,,,,,,
/player/du-13fc0/,Du M.,1474.1,2,1485.5,2.0,,,,,,
/player/lawless/,Lawless T.,1474.0,1,1434.3,1.0,,,,,,
/player/yoon-8c690/,Yoon H.,1474.0,4,,,1488.1,4.0,,,,
/player/alberto-vilar/,Alberto Vilar S.,1473.9,1,,,1470.6,1.0,,,,
/player/clavero-canton/,Clavero Canton G.,1473.9,1,1458.8,1.0,,,,,,
/player/lu-fecaa/,Lu H.,1473.9,8,1340.5,2.0,1499.7,3.0,,,,
/player/tian-ed423/,Tian J.,1473.8,1,1450.6,1.0,,,,,,
/player/bjornestad/,Bjornestad A.,1473.8,5,,,,,,,,
/player/ratiu-68d45/,Ratiu N.,1473.8,1,,,1473.9,1.0,,,,
/player/jones-72e40/,Jones L.,1473.7,2,,,1475.2,2.0,,,,
/player/giavara-2fb8a/,Giavara H.,1473.6,10,1434.3,1.0,1484.6,9.0,,,,
/player/sabanov-3a81b/,Sabanov M.,1473.5,10,1422.1,1.0,1614.6,4.0,1566.5,1.0,,
/player/denitto/,Denitto J.,1473.5,9,1422.5,1.0,1550.0,5.0,,,,
/player/renfrow/,Renfrow N.,1473.5,28,1374.5,2.0,1511.7,4.0,,,,
/player/garcia-hernandez-08407/,Garcia Hernandez S.,1473.5,5,1459.1,3.0,,,1566.5,1.0,,
/player/ionel/,Ionel N.,1473.4,11,1531.1,6.0,1420.0,5.0,,,,
/player/masarykova-e9e2e/,Masarykova L.,1473.4,1,,,1475.5,1.0,,,,
/player/vanucci/,Vanucci U.,1473.3,1,,,,,,,,
/player/benyahia-2c39e/,Benyahia I.,1473.3,3,,,1534.3,2.0,1434.3,1.0,,
/player/pistoia/,Pistoia G.,1473.3,3,,,1464.3,3.0,,,,
/player/miyahara-1eae4/,Miyahara C.,1473.3,1,1476.2,1.0,,,,,,
/player/mantach/,Mantach K.,1473.3,8,1565.7,1.0,1466.0,5.0,,,,
/player/kusy-9a10c/,Kusy J.,1473.2,5,,,1450.8,5.0,,,,
/player/raposo-serrano/,Raposo Serrano D.,1473.2,1,1475.4,1.0,,,,,,
/player/selmeczi/,Selmeczi V.,1473.1,2,1487.2,2.0,,,,,,
/player/bianchi-d8825/,Bianchi N.,1473.1,5,,,,,,,,
/player/senties/,Senties X.,1473.1,12,1487.7,10.0,1387.7,2.0,,,,
/player/kalovelonis-8a775/,Kalovelonis M.,1473.0,1,1431.2,1.0,,,,,,
/player/rice-2ca70/,Rice R.,1472.9,1,1471.1,1.0,,,,,,
/player/heng/,Heng N.,1472.8,1,,,1455.8,1.0,,,,
/player/lee-5179b/,Lee M.,1472.8,3,1450.1,3.0,,,,,,
/player/dickerson-b5345/,Dickerson R.,1472.8,23,1503.5,7.0,1469.9,16.0,,,,
/player/nitture/,Nitture A.,1472.8,13,1477.7,13.0,,,,,,
/player/roche-9313e/,Roche M.,1472.8,10,1409.3,2.0,1577.9,3.0,,,,
/player/kalteis/,Kalteis J.,1472.8,3,,,1498.9,2.0,,,,
/player/ishikawa-10be7/,Ishikawa H.,1472.8,30,1497.7,12.0,1405.0,14.0,,,,
/player/lee-88b86/,Lee H.,1472.8,18,1480.5,18.0,,,,,,
/player/nishikawa-fb1bb/,Nishikawa Y.,1472.7,2,1472.8,2.0,,,,,,
/player/vignolini/,Vignolini V.,1472.7,1,,,1473.4,1.0,,,,
/player/rossolino/,Rossolino S.,1472.7,3,,,1473.2,3.0,,,,
/player/leekul/,Leekul A.,1472.6,2,,,1463.1,2.0,,,,
/player/cvetkovic-bc279/,Cvetkovic K.,1472.6,14,,,1499.7,14.0,,,,
/player/varaksa/,Varaksa D.,1472.5,9,1346.6,3.0,1565.9,4.0,,,,
/player/shim-6cabc/,Shim Y.,1472.5,4,,,1483.1,4.0,,,,
/player/webster-5ef00/,Webster S.,1472.5,10,1464.9,5.0,,,,,,
/player/patzanovsky/,Patzanovsky C.,1472.4,5,1408.5,1.0,1552.7,1.0,,,,
/player/rogin/,Rogin C.,1472.4,2,,,,,,,,
/player/schwarz-88927/,Schwarz M.,1472.4,9,1459.9,9.0,,,,,,
/player/azam/,Azam S.,1472.3,4,1485.1,4.0,,,,,,
/player/maric-3eedc/,Maric G.,1472.2,1,,,1472.2,1.0,,,,
/player/mihajlovic-f8bc8/,Mihajlovic D.,1472.1,3,,,1492.1,2.0,,,,
/player/zhou-ac4e8/,Zhou J.,1472.1,10,1514.2,9.0,,,,,1434.3,1.0
/player/szczypka-d5c03/,Szczypka M.,1472.1,1,,,1470.3,1.0,,,,
/player/milosevic-0afbe/,Milosevic N.,1472.1,8,1488.6,2.0,1545.8,5.0,,,,
/player/khadka/,Khadka P.,1472.0,1,,,,,,,1434.3,1.0
/player/khodzhaeva/,Khodzhaeva E.,1471.9,14,1487.2,11.0,1459.0,3.0,,,,
/player/chilakalapudi-90517/,Chilakalapudi S.,1471.9,2,1474.8,2.0,,,,,,
/player/bellegy/,Bellegy A.,1471.9,25,1515.0,10.0,1374.8,12.0,1549.3,3.0,,
/player/pensini/,Pensini G.,1471.8,1,,,1470.3,1.0,,,,
/player/martinez-828ca/,Martinez M.,1471.8,7,,,1523.5,2.0,1565.7,1.0,,
/player/pfaefflin/,Pfaefflin N.,1471.7,1,1446.6,1.0,,,,,,
/player/chang-e51cb/,Chang J.,1471.7,2,,,,,,,,
/player/rosu-mares/,Rosu-Mares M.,1471.6,1,1448.8,1.0,,,,,,
/player/luxa-23594/,Luxa T.,1471.6,1,,,1471.8,1.0,,,,
/player/furuya/,Furuya M.,1471.6,7,1396.9,4.0,,,,,,
/player/van-schoor/,Van Schoor S.,1471.6,2,1471.8,2.0,,,,,,
/player/dhekial/,Dhekial A.,1471.6,2,,,1473.3,2.0,,,,
/player/cuevas-179e1/,Cuevas E.,1471.5,3,1401.0,2.0,1565.7,1.0,,,,
/player/gospodinova-8d3d5/,Gospodinova M.,1471.5,8,,,1476.6,8.0,,,,
/player/rego/,Rego D.,1471.5,2,,,1434.1,1.0,,,,
/player/adeikyte/,Adeikyte A.,1471.4,14,,,1560.4,10.0,,,,
/player/uranaka/,Uranaka S.,1471.4,5,,,,,,,,
/player/lokko/,Lokko R.,1471.4,1,1476.7,1.0,,,,,,
/player/kumhom/,Kumhom L.,1471.3,4,1470.5,4.0,,,,,,
/player/plavsic-092d4/,Plavsic N.,1471.3,10,1423.5,1.0,1437.2,5.0,,,,
/player/capatos/,Capatos A.,1471.3,1,1455.7,1.0,,,,,,
/player/chytilova/,Chytilova A.,1471.2,11,,,1507.2,11.0,,,,
/player/cebrian/,Cebrian H.,1471.2,2,,,1473.6,2.0,,,,
/player/matuszewski-a82be/,Matuszewski G.,1471.2,7,1504.2,2.0,1449.4,3.0,,,,
/player/gao-bd960/,Gao D.,1471.1,23,1440.9,14.0,1488.7,4.0,,,1433.5,1.0
/player/rouleau-mailly/,Rouleau-Mailly J.,1471.1,2,,,1493.7,2.0,,,,
/player/yu-1d2a9/,Yu C.,1471.1,1,,,,,,,,
/player/puvill/,Puvill M.,1471.1,9,1437.1,3.0,1434.8,3.0,,,,
/player/castelnuovo-24ce3/,Castelnuovo Y.,1471.1,21,1608.8,5.0,1472.8,11.0,1434.3,1.0,,
/player/ohana-755fd/,Ohana S.,1471.0,1,,,1470.5,1.0,,,,
/player/schaefer-85246/,Schaefer H.,1471.0,7,,,1467.8,7.0,,,,
/player/monfils/,Monfils G.,1470.9,9,1446.7,5.0,1383.3,4.0,,,,
/player/graber/,Graber N.,1470.9,1,,,1468.6,1.0,,,,
/player/sun-4e23c/,Sun J.,1470.9,37,1486.9,28.0,1435.7,1.0,,,1569.1,8.0
/player/govortsova/,Govortsova O.,1470.8,1,,,1470.8,1.0,,,,
/player/kryvoruchko-9ba4b/,Kryvoruchko S.,1470.8,20,1486.7,5.0,1475.0,15.0,,,,
/player/hwang-a3ef8/,Hwang J.,1470.8,3,,,1484.7,3.0,,,,
/player/bartolucci/,Bartolucci N.,1470.8,1,,,1468.7,1.0,,,,
/player/correia-71352/,Correia L.,1470.7,7,,,,,,,,
/player/kapoor-8b070/,Kapoor J.,1470.7,8,1493.3,8.0,,,,,,
/player/dvalishvili/,Dvalishvili L.,1470.7,7,1478.9,3.0,1500.0,4.0,,,,
/player/bohach/,Bohach H.,1470.7,1,1427.6,1.0,,,,,,
/player/font-4cd36/,Font J.,1470.5,29,1562.9,18.0,1553.5,9.0,,,,
/player/bakhmutkina/,Bakhmutkina P.,1470.5,10,1501.3,2.0,1476.9,7.0,,,1434.3,1.0
/player/roberts-60f63/,Roberts H.,1470.5,6,,,,,,,,
/player/liu-813ec/,Liu Y.,1470.5,2,1470.6,2.0,,,,,,
/player/hofman/,Hofman S.,1470.4,17,1549.1,3.0,1490.7,12.0,1565.7,1.0,,
/player/muramatsu-5541f/,Muramatsu M.,1470.3,5,1460.1,5.0,,,,,,
/player/pottbecker/,Pottbecker M.,1470.3,2,1421.9,1.0,,,,,,
/player/soriano-barrera/,Soriano Barrera A.,1470.3,6,1392.7,2.0,1506.0,4.0,,,,
/player/guth-6a6c3/,Guth F.,1470.3,9,1444.4,1.0,1526.5,3.0,1434.3,1.0,,
/player/hristache-zgondea/,Hristache Zgondea R.,1470.2,2,1422.1,1.0,1565.7,1.0,,,,
/player/virgili-berini/,Virgili Berini F.,1470.2,13,1434.3,1.0,1483.8,9.0,1504.5,2.0,,
/player/tamhankar/,Tamhankar B.,1470.2,9,1470.7,9.0,,,,,,
/player/wilson-02e4b/,Wilson H.,1470.2,1,,,1473.5,1.0,,,,
/player/allani/,Allani S.,1470.2,2,1474.0,2.0,,,,,,
/player/nicolau-melhem/,Nicolau Melhem J.,1470.2,1,,,,,1434.3,1.0,,
/player/yuzuki/,Yuzuki T.,1470.1,1,1465.3,1.0,,,,,,
/player/mone-df1f7/,Mone D.,1470.1,1,1474.2,1.0,,,,,,
/player/furlong/,Furlong J.,1470.0,1,1461.9,1.0,,,,,,
/player/demuth/,Demuth O.,1470.0,1,1421.5,1.0,,,,,,
/player/mischker/,Mischker F.,1469.9,5,1434.3,1.0,1574.0,3.0,,,,
/player/pyrishis/,Pyrishis P.,1469.9,1,,,1458.6,1.0,,,,
/player/kacheishvili/,Kacheishvili Z.,1469.9,1,,,1460.0,1.0,,,,
/player/schefke/,Schefke K.,1469.9,4,,,,,,,,
/player/nayuki/,Nayuki S.,1469.9,8,,,,,,,,
/player/ferre/,Ferre C.,1469.8,1,1471.1,1.0,,,,,,
/player/ivanovic-9e65c/,Ivanovic I.,1469.8,27,1410.7,4.0,1479.4,23.0,,,,
/player/musat-73ddc/,Musat G.,1469.7,12,,,1462.4,12.0,,,,
/player/cho-ec191/,Cho M.,1469.7,3,1431.3,1.0,,,1493.2,2.0,,
/player/touban/,Touban B.,1469.7,2,,,,,,,,
/player/chen-a18d6/,Chen S.,1469.6,18,1420.0,4.0,1471.1,8.0,1506.8,2.0,,
/player/jecan-c87b5/,Jecan M.,1469.5,1,,,1463.3,1.0,,,,
/player/lockl/,Lockl J.,1469.4,3,,,1457.4,3.0,,,,
/player/lewis-bbddd/,Lewis M.,1469.4,17,1530.3,11.0,1458.0,5.0,1435.0,1.0,,
/player/calla/,Calla T.,1469.4,1,,,1463.5,1.0,,,,
/player/maginley/,Maginley H.,1469.3,4,1497.6,2.0,,,,,,
/player/borkop/,Borkop S.,1469.3,5,,,,,,,,
/player/carpentier-1808f/,Carpentier N.,1469.3,6,,,1502.1,5.0,,,1434.3,1.0
/player/van-zijl/,Van Zijl T.,1469.3,9,1513.3,2.0,1443.0,1.0,1435.2,1.0,,
/player/papac-6f449/,Papac T.,1469.2,10,,,1421.8,1.0,,,,
/player/mao-79aa0/,Mao K.,1469.2,1,,,1468.5,1.0,,,,
/player/hopfe-1a9a2/,Hopfe F.,1469.2,8,1492.6,4.0,1455.4,3.0,,,,
/player/ekstrand-f045c/,Ekstrand J.,1469.2,1,1441.9,1.0,,,,,,
/player/guzmicky/,Guzmicky D.,1469.2,8,1619.6,2.0,1393.5,2.0,,,,
/player/bayrak/,Bayrak K.,1469.2,1,1441.4,1.0,,,,,,
/player/gavalda-cruz/,Gavalda Cruz L.,1469.2,1,,,1466.5,1.0,,,,
/player/venger/,Venger R.,1469.1,12,,,1426.3,1.0,,,,
/player/rooth/,Rooth S.,1469.1,1,,,1467.9,1.0,,,,
/player/wise-e8477/,Wise C.,1469.1,1,,,1458.9,1.0,,,,
/player/bezos/,Bezos E.,1469.1,5,,,1469.3,5.0,,,,
/player/hermanova-93452/,Hermanova T.,1469.1,1,,,1469.3,1.0,,,,
/player/ben-youssef/,Ben Youssef A.,1469.1,3,,,1393.3,2.0,,,,
/player/migdalski/,Migdalski M.,1469.0,1,,,1426.1,1.0,,,,
/player/michna-d5811/,Michna M.,1468.9,12,,,1476.6,12.0,,,,
/player/mamina/,Mamina E.,1468.9,1,1461.3,1.0,,,,,,
/player/tang-93d49/,Tang J.,1468.9,12,1543.6,5.0,1458.2,6.0,,,,
/player/chen-c455d/,Chen Y.,1468.9,4,,,,,,,,
/player/filep/,Filep A.,1468.8,9,1518.2,5.0,1407.3,4.0,,,,
/player/bajurko/,Bajurko A.,1468.8,24,1552.3,3.0,1560.2,14.0,1434.3,1.0,,
/player/amati-e277a/,Amati E.,1468.8,1,,,1468.7,1.0,,,,
/player/kandil-6be18/,Kandil I.,1468.7,9,1434.3,1.0,1505.0,8.0,,,,
/player/wagner-14d85/,Wagner O.,1468.7,19,1512.7,16.0,1421.9,3.0,,,,
/player/mlkva/,Mlkva T.,1468.6,4,,,1472.0,4.0,,,,
/player/trunet/,Trunet J.,1468.6,7,1451.4,1.0,1512.9,6.0,,,,
/player/reitano/,Reitano S.,1468.6,1,,,1459.4,1.0,,,,
/player/nicosia/,Nicosia M.,1468.6,3,1500.7,2.0,1434.3,1.0,,,,
/player/chelemen/,Chelemen M.,1468.6,1,,,1416.1,1.0,,,,
/player/nagele/,Nagele M.,1468.5,12,1454.6,3.0,1490.7,4.0,1506.8,2.0,,
/player/stecker/,Stecker B.,1468.4,16,,,1487.9,5.0,1626.7,2.0,,
/player/stor-8b8fa/,Stor N.,1468.4,7,,,1467.2,7.0,,,,
/player/bekker-d2710/,Bekker S.,1468.4,13,1451.7,11.0,,,,,1493.2,2.0
/player/brindopke/,Brindöpke F.,1468.3,7,1486.2,2.0,1448.8,3.0,,,,
/player/marin-dc085/,Marin R.,1468.3,1,,,1455.4,1.0,,,,
/player/ohashi-0a8eb/,Ohashi Y.,1468.2,6,1474.1,6.0,,,,,,
/player/damonte-a9397/,Damonte A.,1468.2,1,,,1464.4,1.0,,,,
/player/bojarski/,Bojarski A.,1468.2,10,1445.1,1.0,1526.9,2.0,1434.3,1.0,,
/player/he-c8f9c/,He H.,1468.2,7,1505.2,2.0,1441.0,3.0,,,,
/player/solar-donoso/,Solar Donoso L.,1468.2,19,1424.1,8.0,1523.0,11.0,,,,
/player/cernovicky/,Cernovicky J.,1468.2,4,,,1436.7,3.0,,,,
/player/lopez-ce2a3/,López I.,1468.1,19,1542.4,7.0,1404.0,8.0,,,,
/player/vandepoele/,Vandepoele N.,1468.1,9,1508.8,2.0,1515.7,2.0,1422.1,1.0,,
/player/gomez-zalazar/,Gomez Zalazar E.,1468.1,2,,,1475.7,2.0,,,,
/player/fays/,Fays N.,1468.1,1,,,1463.1,1.0,,,,
/player/walker-3b379/,Walker A.,1468.1,1,1466.7,1.0,,,,,,
/player/bisht-f18a4/,Bisht V.,1468.1,7,1360.9,2.0,1533.6,3.0,,,,
/player/privara/,Privara P.,1468.0,3,1516.9,2.0,,,1434.3,1.0,,
/player/koltun/,Koltun L.,1467.9,1,,,1466.4,1.0,,,,
/player/tanaka-4aac9/,Tanaka M.,1467.8,1,1471.5,1.0,,,,,,
/player/mujakic/,Mujakic A.,1467.8,34,1549.0,8.0,1375.8,24.0,1434.3,1.0,,
/player/gulener/,Gulener B.,1467.8,1,1469.4,1.0,,,,,,
/player/mouret/,Mouret H.,1467.7,13,,,,,1565.7,1.0,,
/player/torres-a1683/,Torres D.,1467.7,1,,,1456.2,1.0,,,,
/player/onur-8fc61/,Onur E.,1467.7,1,,,1452.5,1.0,,,,
/player/kandhai/,Kandhai N.,1467.7,8,,,1389.1,2.0,1434.3,1.0,,
/player/carvalho-db2ad/,Carvalho G.,1467.6,9,1434.3,1.0,1394.0,4.0,,,,
/player/dazert/,Dazert J.,1467.6,7,1522.6,2.0,,,,,,
/player/charusorn/,Charusorn P.,1467.6,9,1546.8,3.0,1434.1,1.0,,,,
/player/garcia-a3938/,Garcia G.,1467.6,1,,,1455.2,1.0,,,,
/player/sedysheva-ee37b/,Sedysheva A.,1467.5,21,1480.2,16.0,1542.5,4.0,1434.3,1.0,,
/player/peterson-dfebe/,Peterson R.,1467.5,3,,,1437.2,3.0,,,,
/player/wang-4101f/,Wang X.,1467.5,3,1462.7,3.0,,,,,,
/player/sato-ce6ae/,Sato R.,1467.5,2,1469.2,2.0,,,,,,
/player/watt-a298b/,Watt J.,1467.5,11,1502.9,2.0,1373.0,2.0,1496.4,6.0,,
/player/hermann-f67ee/,Hermann L.,1467.5,1,,,1422.0,1.0,,,,
/player/han-e07a2/,Han H.,1467.5,16,1389.4,12.0,,,,,1601.6,4.0
/player/ceppellini/,Ceppellini A.,1467.4,1,,,1456.7,1.0,,,,
/player/masabayashi/,Masabayashi T.,1467.4,28,1412.9,8.0,1469.1,16.0,1434.3,1.0,,
/player/battistone-54659/,Battistone G.,1467.4,1,1450.4,1.0,,,,,,
/player/iemmi/,Iemmi L.,1467.4,23,1272.6,5.0,1567.2,10.0,1466.6,3.0,,
/player/visconte/,Visconte S.,1467.4,1,,,1453.7,1.0,,,,
/player/badon/,Badon J.,1467.4,3,1563.4,1.0,1434.3,1.0,1434.3,1.0,,
/player/mercier-41fd7/,Mercier T.,1467.3,7,1513.3,2.0,1430.0,5.0,,,,
/player/kanumuri/,Kanumuri I.,1467.3,6,1477.8,6.0,,,,,,
/player/chen-6d16e/,Chen X.,1467.2,5,1448.3,3.0,1511.5,2.0,,,,
/player/rossini-5454c/,Rossini T.,1467.2,4,,,1475.1,4.0,,,,
/player/jovanovski-d919a/,Jovanovski N.,1467.2,6,1468.7,6.0,,,,,,
/player/zouein-yaez/,Zouein Yaez C.,1467.1,13,1473.0,13.0,,,,,,
/player/babudri/,Babudri M.,1467.1,2,,,1472.4,2.0,,,,
/player/savin-3f4e5/,Savin R.,1467.1,5,1493.2,2.0,1472.4,3.0,,,,
/player/stepankova-2f225/,Stepankova K.,1467.0,1,,,,,,,,
/player/catarina/,Catarina L.,1467.0,1,,,,,,,,
/player/todorov-5c368/,Todorov M.,1466.9,27,1283.6,8.0,1565.9,11.0,1626.7,2.0,,
/player/rytelewski/,Rytelewski H.,1466.9,1,1422.1,1.0,,,,,,
/player/goodman-17625/,Goodman E.,1466.9,10,1409.4,4.0,,,,,,
/player/ceroni/,Ceroni B.,1466.9,3,,,,,,,,
/player/hernandez-aguilla/,Hernandez-Aguilla A.,1466.8,1,,,1466.0,1.0,,,,
/player/bergeson/,Bergeson S.,1466.8,10,,,,,,,,
/player/ferraris-da9ce/,Ferraris S.,1466.8,1,,,1463.8,1.0,,,,
/player/samardzic-b3c60/,Samardzic M.,1466.8,2,,,,,,,,
/player/crivei-8f010/,Crivei E.,1466.8,21,,,1510.8,5.0,,,,
/player/cherny/,Cherny I.,1466.8,28,,,1486.7,28.0,,,,
/player/olmos-60079/,Olmos Z.,1466.7,15,1454.2,7.0,,,,,,
/player/malik-35dfa/,Malik A.,1466.7,3,,,,,,,,
/player/altukhov/,Altukhov F.,1466.7,4,1481.3,2.0,1500.6,2.0,,,,
/player/greschner/,Greschner M.,1466.6,15,1487.1,2.0,1408.9,4.0,1664.1,3.0,,
/player/belyaeva/,Belyaeva D.,1466.6,13,1490.5,11.0,1410.1,2.0,,,,
/player/matos-33d92/,Matos R.,1466.6,1,,,1464.5,1.0,,,,
/player/gilbert-78040/,Gilbert A.,1466.6,35,1494.1,2.0,,,,,,
/player/litovtsenko/,Litovtsenko A.,1466.6,5,,,1472.9,3.0,,,,
/player/yukawa/,Yukawa Y.,1466.6,3,,,1466.4,3.0,,,,
/player/gerch-539c1/,Gerch L.,1466.6,1,,,1446.0,1.0,,,,
/player/garifullin/,Garifullin A.,1466.5,3,,,1471.3,3.0,,,,
/player/baranes-c4c50/,Baranes D.,1466.5,1,,,1434.3,1.0,,,,
/player/gurenko/,Gurenko V.,1466.5,23,1417.9,6.0,1537.9,12.0,1384.7,2.0,,
/player/jesudason-abc6a/,Jesudason A.,1466.5,6,,,,,,,,
/player/sahdiieva/,Sahdiieva A.,1466.5,28,1438.7,14.0,1491.3,13.0,,,1448.2,1.0
/player/liu-b3c56/,Liu Z.,1466.5,1,1466.0,1.0,,,,,,
/player/banti/,Banti C.,1466.4,8,,,1500.7,7.0,,,,
/player/victor-7ba62/,Victor G.,1466.4,2,1482.6,2.0,,,,,,
/player/sibai/,Sibai J.,1466.4,6,1460.3,6.0,,,,,,
/player/ronnholm/,Ronnholm F.,1466.3,1,1457.6,1.0,,,,,,
/player/knezevic-591fa/,Knezevic S.,1466.3,12,1434.3,1.0,1612.7,4.0,,,,
/player/coelho-f6e22/,Coelho D.,1466.3,17,1503.4,6.0,1323.9,6.0,1446.5,3.0,,
/player/dorner/,Dorner O.,1466.3,1,1465.0,1.0,,,,,,
/player/gasparo-morticella/,Gasparo Morticella C.,1466.3,3,1526.1,2.0,1434.3,1.0,,,,
/player/gunawan-c6ba1/,Gunawan A.,1466.2,6,,,,,,,,
/player/tombolini-94520/,Tombolini L.,1466.2,1,,,1464.7,1.0,,,,
/player/vico-fee12/,Vico J.,1466.2,4,,,,,,,,
/player/marinescu-46886/,Marinescu A.,1466.2,24,1421.5,5.0,1469.7,19.0,,,,
/player/goldberg-alviani/,Goldberg Alviani N.,1466.2,28,1530.9,3.0,1544.8,17.0,1626.7,2.0,,
/player/tokar-35c3b/,Tokar A.,1466.2,1,,,1466.2,1.0,,,,
/player/yoshimura-577c8/,Yoshimura D.,1466.2,1,,,1466.2,1.0,,,,
/player/martinez-vaquero-62132/,Martinez Vaquero A.,1466.1,1,1465.8,1.0,,,,,,
/player/reinnamah/,Reinnamah M.,1466.1,1,,,,,,,1422.1,1.0
/player/rosvall/,Rosvall L.,1466.1,2,1502.2,2.0,,,,,,
/player/roberts-a000c/,Roberts J.,1466.1,5,,,1422.9,1.0,,,,
/player/cavelli/,Cavelli C.,1466.1,4,1494.3,4.0,,,,,,
/player/tran-bf348/,Tran E.,1466.1,15,1351.8,5.0,,,,,,
/player/hanttu/,Hanttu S.,1466.0,2,,,1471.3,2.0,,,,
/player/amey/,Amey C.,1466.0,3,1553.4,1.0,1446.6,1.0,,,,
/player/plakk/,Plakk C.,1466.0,18,1504.6,16.0,1485.0,2.0,,,,
/player/adeniran/,Adeniran K.,1465.9,1,,,,,,,,
/player/brouwer-44152/,Brouwer G.,1465.9,13,1573.6,6.0,1337.3,6.0,,,1434.3,1.0
/player/haita-cf9d1/,Haita M.,1465.9,17,1472.0,3.0,1347.7,7.0,1434.3,1.0,,
/player/machado-bf616/,Machado T.,1465.9,3,,,,,,,,
/player/keles/,Keles S.,1465.8,1,1452.3,1.0,,,,,,
/player/cocis/,Cocis C.,1465.8,2,,,1465.8,2.0,,,,
/player/sucic-d8485/,Sucic F.,1465.8,1,,,1464.3,1.0,,,,
/player/lo-nardo/,Lo Nardo L.,1465.8,2,,,1487.3,2.0,,,,
/player/gohil/,Gohil V.,1465.8,5,1505.5,3.0,1452.8,2.0,,,,
/player/sviglerova/,Sviglerova P.,1465.8,1,,,1467.3,1.0,,,,
/player/collins-bee1e/,Collins C.,1465.7,1,1467.3,1.0,,,,,,
/player/biagiotti/,Biagiotti R.,1465.7,1,1429.1,1.0,,,,,,
/player/kockinis/,Kockinis A.,1465.7,3,1479.9,3.0,,,,,,
/player/sava-e9d42/,Sava I.,1465.7,9,,,1469.7,9.0,,,,
/player/sturman/,Sturman B.,1465.7,1,,,1463.3,1.0,,,,
/player/pavel-bedb9/,Pavel B.,1465.6,1,,,1462.5,1.0,,,,
/player/silva-56529/,Silva J.,1465.6,1,,,,,1434.3,1.0,,
/player/bastos-sousa-betanzos-a2ea2/,Bastos Sousa Betanzos S.,1465.6,1,,,1434.3,1.0,,,,
/player/tracy-d0c0b/,Tracy J.,1465.5,1,1438.5,1.0,,,,,,
/player/safi-20e81/,Safi M.,1465.4,12,1498.0,8.0,1373.3,2.0,,,1493.2,2.0
/player/bartlett-03504/,Bartlett A.,1465.4,9,1518.6,2.0,,,,,,
/player/torres-albuquerque/,Torres Albuquerque G.,1465.3,1,,,1450.3,1.0,,,,
/player/stephenson-ae4e2/,Stephenson E.,1465.3,11,1414.8,4.0,1463.6,7.0,,,,
/player/scudiero/,Scudiero C.,1465.3,5,1434.3,1.0,,,,,,
/player/sustelo/,Sustelo F.,1465.3,1,,,,,,,,
/player/hazieva/,Hazieva S.,1465.2,3,1466.2,3.0,,,,,,
/player/comiskey/,Comiskey A.,1465.2,4,1474.3,4.0,,,,,,
/player/hatton-321f9/,Hatton P.,1465.2,5,,,,,,,,
/player/delai/,Delai M.,1465.2,3,,,1460.5,3.0,,,,
/player/garcia-f521e/,Garcia E.,1465.2,1,1434.3,1.0,,,,,,
/player/martinez-7f1f6/,Martinez L.,1465.1,1,,,1452.7,1.0,,,,
/player/barcelos-daudt/,Barcelos Daudt G.,1465.1,3,,,,,1435.8,3.0,,
/player/graf-e2099/,Graf D.,1465.1,9,,,1517.5,6.0,,,,
/player/nagata-c7b54/,Nagata A.,1465.1,26,1460.6,24.0,,,,,1504.6,2.0
/player/gleason/,Gleason Q.,1465.1,1,1462.1,1.0,,,,,,
/player/gojowczyk/,Gojowczyk P.,1465.1,1,,,1463.6,1.0,,,,
/player/plunkett-64a53/,Plunkett C.,1465.0,1,,,,,1434.3,1.0,,
/player/bult/,Bult J.,1465.0,13,1518.9,2.0,1509.8,2.0,,,,
/player/boi-c177f/,Boi G.,1465.0,15,1466.3,4.0,1517.4,6.0,1434.3,1.0,,
/player/dev/,Dev S.,1465.0,23,1384.2,14.0,1517.1,9.0,,,,
/player/boschmans/,Boschmans T.,1464.9,3,1438.7,1.0,1455.2,1.0,,,,
/player/drobca/,Drobca N.,1464.9,1,,,1463.7,1.0,,,,
/player/marosik/,Marosik N.,1464.9,13,,,1503.7,2.0,,,,
/player/ibiraba-melleiro-junior/,Ibiraba Melleiro Junio,1464.9,30,1395.5,8.0,1518.3,22.0,,,,
/player/polmans/,Polmans M.,1464.9,10,1445.6,1.0,1480.1,5.0,1506.6,4.0,,
/player/dejanovic/,Dejanovic M.,1464.9,4,,,1492.8,4.0,,,,
/player/stanikova/,Stanikova M.,1464.9,8,,,1487.2,6.0,,,,
/player/bezuidenhout/,Bezuidenhout J.,1464.7,2,,,,,,,,
/player/zylberman/,Zylberman A.,1464.7,23,1439.3,18.0,,,,,,
/player/barbaric/,Barbaric S.,1464.7,1,,,1464.0,1.0,,,,
/player/teixido-garcia-6f143/,Teixido Garcia A.,1464.6,31,1288.0,10.0,1564.2,11.0,,,,
/player/sijbesma/,Sijbesma M.,1464.6,10,,,1525.6,5.0,,,,
/player/harris-016a8/,Harris M.,1464.6,1,,,1456.0,1.0,,,,
/player/nurkovic/,Nurkovic I.,1464.6,1,,,1460.6,1.0,,,,
/player/pielat/,Pielat M.,1464.5,1,,,1442.7,1.0,,,,
/player/bezza/,Bezza L.,1464.3,7,1465.8,4.0,1488.5,3.0,,,,
/player/bruno-0e6ae/,Bruno V.,1464.2,22,1486.4,1.0,1488.3,21.0,,,,
/player/medus-e8c63/,Medus A.,1464.1,9,,,1611.4,2.0,1434.3,1.0,,
/player/konuralp/,Konuralp C.,1464.1,1,1451.4,1.0,,,,,,
/player/theilgaard/,Theilgaard G.,1464.0,1,1442.1,1.0,,,,,,
/player/arslan-08d4d/,Arslan D.,1464.0,1,1465.2,1.0,,,,,,
/player/cora-bruneton/,Cora-Bruneton C.,1464.0,7,,,1486.8,6.0,,,1444.8,1.0
/player/kotan/,Kotan P.,1464.0,13,1348.8,3.0,1537.4,9.0,,,,
/player/shikov-6032e/,Shikov K.,1463.9,1,,,1455.4,1.0,,,,
/player/keser/,Keser M.,1463.9,1,1438.3,1.0,,,,,,
/player/berquier/,Berquier A.,1463.8,5,,,1374.5,2.0,1565.7,1.0,,
/player/michalcova/,Michalcova L.,1463.8,2,,,1464.7,2.0,,,,
/player/kryvyi/,Kryvyi M.,1463.8,3,,,1433.7,1.0,1504.6,2.0,,
/player/bosse/,Bosse P.,1463.8,15,1626.7,2.0,1389.4,10.0,,,,
/player/pabisiak/,Pabisiak K.,1463.8,9,,,1523.1,6.0,,,,
/player/sanchez-61ea2/,Sanchez L.,1463.8,1,,,,,,,1434.3,1.0
/player/dho/,Dho N.,1463.8,13,1464.4,13.0,,,,,,
/player/sarfati/,Sarfati S.,1463.7,2,1413.7,1.0,1544.5,1.0,,,,
/player/zhang-c0019/,Zhang Z.,1463.6,4,1468.1,4.0,,,,,,
/player/diago-martin/,Diago Martin M.,1463.6,3,,,1461.9,3.0,,,,
/player/cataldi-035c0/,Cataldi C.,1463.6,2,,,1500.2,2.0,,,,
/player/bunuel-zaldivar/,Bunuel Zaldivar T.,1463.6,1,,,,,,,,
/player/kohlschreiber/,Kohlschreiber P.,1463.6,1,,,1463.7,1.0,,,,
/player/mitric-5175b/,Mitric A.,1463.6,5,1430.7,1.0,1478.0,2.0,1434.3,1.0,,
/player/tursunova/,Tursunova A.,1463.6,1,,,,,,,1434.3,1.0
/player/harris-70c76/,Harris J.,1463.6,3,1492.6,2.0,,,,,,
/player/arzur/,Arzur B.,1463.5,1,,,,,1434.3,1.0,,
/player/giangrasso/,Giangrasso T.,1463.5,10,1452.5,1.0,1578.3,4.0,,,,
/player/mcdonnell/,McDonnell C.,1463.5,53,,,1460.6,1.0,,,,
/player/arakawa-2cd28/,Arakawa N.,1463.4,35,1467.1,31.0,,,1515.2,2.0,1517.4,2.0
/player/gnjidic/,Gnjidic J.,1463.4,6,,,1481.2,3.0,1434.3,1.0,,
/player/dominguez-alvarez/,Dominguez Alvarez I.,1463.4,1,,,1453.1,1.0,,,,
/player/millan-acosta-7d4f9/,Millan Acosta I.,1463.4,21,1467.5,10.0,1387.8,7.0,,,,
/player/kolyszko/,Kolyszko E.,1463.3,3,,,,,,,,
/player/rochat/,Rochat M.,1463.3,8,1494.5,2.0,1482.1,6.0,,,,
/player/violet/,Violet A.,1463.3,7,,,1441.7,7.0,,,,
/player/hu-6bfd3/,Hu V.,1463.2,14,1396.2,3.0,1544.5,11.0,,,,
/player/dyer-799bb/,Dyer F.,1463.2,7,1605.7,5.0,1349.6,2.0,,,,
/player/rozpedski-a7201/,Rozpedski C.,1463.2,1,1434.3,1.0,,,,,,
/player/gallaway-2e172/,Gallaway V.,1463.0,1,,,,,,,,
/player/nowikovsky/,Nowikovsky Y.,1463.0,3,,,1474.6,3.0,,,,
/player/morel-16d45/,Morel R.,1462.9,1,1467.6,1.0,,,,,,
/player/tsai-592e2/,Tsai Y.,1462.9,14,1435.7,10.0,1586.5,4.0,,,,
/player/yang-585e8/,Yang J.,1462.9,1,,,1422.1,1.0,,,,
/player/jenkins-2d432/,Jenkins Y.,1462.9,2,,,1483.7,2.0,,,,
/player/kajic/,Kajic G.,1462.9,4,1434.3,1.0,1442.1,3.0,,,,
/player/wei-c4448/,Wei J.,1462.8,1,1462.6,1.0,,,,,,
/player/carvalho-e-silva-kracke/,Carvalho e Silva Kracke L.,1462.8,1,1434.3,1.0,,,,,,
/player/zimmermann-7e317/,Zimmermann D.,1462.8,7,,,1467.5,7.0,,,,
/player/kim-9ee6f/,Kim K.,1462.7,3,,,1466.4,3.0,,,,
/player/silva-e-costa/,Silva E Costa L.,1462.7,5,1495.5,2.0,1378.7,2.0,,,,
/player/comamala/,Comamala M.,1462.7,2,,,1433.3,1.0,,,,
/player/kalman/,Kalman L.,1462.7,6,,,1478.3,6.0,,,,
/player/barroeta/,Barroeta I.,1462.5,3,,,1470.7,3.0,,,,
/player/rives-aec68/,Rives S.,1462.5,1,,,,,,,,
/player/jukic-a7065/,Jukic K.,1462.5,3,1434.3,1.0,1565.7,1.0,,,,
/player/christie-0bd68/,Christie S.,1462.5,1,1462.9,1.0,,,,,,
/player/jurina/,Jurina S.,1462.5,12,,,1454.7,12.0,,,,
/player/blaga/,Blaga M.,1462.4,1,,,,,,,,
/player/muharremi/,Muharremi L.,1462.4,2,,,,,,,,
/player/liashenko/,Liashenko V.,1462.4,2,,,,,,,,
/player/muerner-c542e/,Muerner D.,1462.4,1,,,1467.9,1.0,,,,
/player/sherif-91be7/,Sherif J.,1462.4,1,1464.2,1.0,,,,,,
/player/trasca/,Trasca A.,1462.3,24,1404.2,10.0,1476.7,14.0,,,,
/player/dapas/,Dapas I.,1462.3,5,1434.3,1.0,1498.8,4.0,,,,
/player/metreveli-1fd88/,Metreveli A.,1462.2,5,,,1452.2,5.0,,,,
/player/lescano-vecchi/,Lescano-Vecchi M.,1462.2,1,,,1466.3,1.0,,,,
/player/cho-3f67d/,Cho I.,1462.2,1,1468.8,1.0,,,,,,
/player/li-79940/,Li C.,1462.2,3,1453.6,3.0,,,,,,
/player/hornung-f48fe/,Hornung M.,1462.1,19,1466.0,3.0,1572.8,6.0,1553.4,1.0,,
/player/fernandez-badia/,Fernandez Badia A.,1462.1,18,1385.9,5.0,1613.2,7.0,1434.3,1.0,,
/player/stojanovski-6c929/,Stojanovski A.,1462.0,2,1504.6,2.0,,,,,,
/player/wang-734b1/,Wang Y.,1462.0,4,1419.9,3.0,,,,,,
/player/kharlanova/,Kharlanova D.,1462.0,19,1443.8,14.0,1529.7,5.0,,,,
/player/lapalu/,Lapalu V.,1462.0,27,1400.1,7.0,1468.3,12.0,1549.3,3.0,,
/player/boix-molla/,Boix Molla M.,1462.0,2,,,1478.6,2.0,,,,
/player/tafarelo-vargas/,Tafarelo Vargas E.,1462.0,8,,,1461.3,4.0,,,,
/player/battistone/,Battistone B.,1461.9,1,1435.9,1.0,,,,,,
/player/nicholls-e94b9/,Nicholls O.,1461.9,1,1426.7,1.0,,,,,,
/player/dema/,Dema V.,1461.9,6,,,,,,,,
/player/evranli/,Evranli F.,1461.9,1,,,1453.2,1.0,,,,
/player/booker/,Booker L.,1461.9,2,,,,,,,,
/player/erler-3be35/,Erler L.,1461.9,1,,,1462.7,1.0,,,,
/player/ramadan-444a0/,Ramadan B.,1461.9,1,,,1444.2,1.0,,,,
/player/gospodinov-38bb9/,Gospodinov D.,1461.8,1,,,1434.3,1.0,,,,
/player/schwick/,Schwick M.,1461.8,2,1439.7,1.0,,,,,,
/player/fernandez-rincon/,Fernandez Rincon C.,1461.8,3,,,,,,,,
/player/dymak/,Dymak F.,1461.7,1,,,,,,,,
/player/haupt-4003f/,Haupt H.,1461.7,30,1499.3,7.0,1376.7,18.0,1434.3,1.0,,
/player/santos-c259b/,Santos M.,1461.7,1,1469.5,1.0,,,,,,
/player/zholbolat/,Zholbolat A.,1461.7,17,1469.3,17.0,,,,,,
/player/bullamah/,Bullamah F.,1461.6,5,1403.8,2.0,1534.5,2.0,,,,
/player/wang-138b4/,Wang C.,1461.6,7,,,,,,,,
/player/sleem/,Sleem R.,1461.6,3,1549.0,1.0,,,,,,
/player/buntrock/,Buntrock K.,1461.6,1,,,,,,,,
/player/bernovskyi/,Bernovskyi D.,1461.6,3,,,1504.6,2.0,1434.3,1.0,,
/player/iordachescu/,Iordachescu G.,1461.6,1,,,1461.2,1.0,,,,
/player/graf-611bc/,Graf C.,1461.5,1,,,1461.6,1.0,,,,
/player/ngwenya-3e958/,Ngwenya S.,1461.5,13,1352.7,5.0,1535.0,7.0,1434.3,1.0,,
/player/anugonda/,Anugonda S.,1461.4,18,1472.0,16.0,1494.4,2.0,,,,
/player/usui-f4ac0/,Usui K.,1461.4,8,1404.1,4.0,,,,,1434.3,1.0
/player/kruchenko/,Kruchenko K.,1461.4,1,1458.0,1.0,,,,,,
/player/yasin-35046/,Yasin J.,1461.4,1,,,1445.7,1.0,,,,
/player/gergec/,Gergec A.,1461.3,4,1436.4,4.0,,,,,,
/player/sherif-870cd/,Sherif D.,1461.2,2,1490.6,2.0,,,,,,
/player/liu-23133/,Liu Y.,1461.2,1,1464.8,1.0,,,,,,
/player/bidjev/,Bidjev H.,1461.2,1,1434.3,1.0,,,,,,
/player/lulic/,Lulic N.,1461.2,33,1504.6,2.0,1497.6,13.0,1373.3,2.0,,
/player/vila-de-luis/,Vila De Luis B.,1461.2,1,,,1436.6,1.0,,,,
/player/kowalczyk-83f35/,Kowalczyk N.,1461.2,7,1434.3,1.0,1501.1,6.0,,,,
/player/chang-61184/,Chang W.,1461.1,3,,,1460.8,3.0,,,,
/player/malige/,Malige N.,1461.1,3,,,1413.8,1.0,1504.6,2.0,,
/player/dragomir-01d8c/,Dragomir D.,1461.0,4,,,1523.7,3.0,,,,
/player/zimonjic-1327b/,Zimonjic L.,1461.0,2,,,1468.6,2.0,,,,
/player/mahler-f6e15/,Mahler A.,1461.0,3,,,1461.0,3.0,,,,
/player/crocker-c42e7/,Crocker V.,1460.9,16,1474.0,16.0,,,,,,
/player/pryshchepa/,Pryshchepa M.,1460.9,2,,,,,,,,
/player/parrizas-diaz/,Parrizas-Diaz N.,1460.9,7,,,1486.4,6.0,,,1457.3,1.0
/player/mcaslin/,McAslin H.,1460.9,5,,,,,,,,
/player/canola/,Canola P.,1460.9,1,,,1453.2,1.0,,,,
/player/theate/,Theate P.,1460.9,18,1516.7,4.0,1419.1,12.0,,,1434.3,1.0
/player/koeppen/,Koeppen M.,1460.9,1,1434.3,1.0,,,,,,
/player/bonivento/,Bonivento P.,1460.8,3,1515.2,2.0,1430.4,1.0,,,,
/player/bojkovic-c64cd/,Bojkovic N.,1460.8,3,,,,,,,,
/player/tufekci-40ff7/,Tufekci K.,1460.8,6,1457.1,3.0,1526.1,3.0,,,,
/player/rosellini-7caf7/,Rosellini C.,1460.8,1,,,1462.1,1.0,,,,
/player/cairo/,Cairo A.,1460.7,1,,,1415.3,1.0,,,,
/player/zoller-12361/,Zoller F.,1460.7,1,,,1445.7,1.0,,,,
/player/matsuoka-70764/,Matsuoka S.,1460.7,15,1415.1,4.0,1559.2,10.0,,,,
/player/prisadnikova/,Prisadnikova T.,1460.6,1,1461.5,1.0,,,,,,
/player/egribel/,Egribel E.,1460.6,1,1459.7,1.0,,,,,,
/player/tehnikova/,Tehnikova E.,1460.5,1,1463.6,1.0,,,,,,
/player/blal/,Blal M.,1460.5,3,,,,,,,,
/player/chan-7b108/,Chan H.,1460.5,1,1434.3,1.0,,,,,,
/player/auer-0cbba/,Auer S.,1460.5,21,,,1438.1,21.0,,,,
/player/alabdullah/,Alabdullah B.,1460.5,9,1469.1,5.0,1448.9,1.0,,,,
/player/montero-nicolau/,Montero Nicolau P.,1460.4,7,1488.8,2.0,1497.2,4.0,,,,
/player/micov/,Micov S.,1460.4,1,,,1459.2,1.0,,,,
/player/suchovsky/,Suchovsky S.,1460.2,2,1467.6,2.0,,,,,,
/player/rizzetto/,Rizzetto G.,1460.2,9,,,1463.2,9.0,,,,
/player/du-pasquier-jensen/,Du Pasquier Jensen Z.,1460.2,1,,,1462.4,1.0,,,,
/player/chelia/,Chelia B.,1460.2,8,1494.6,2.0,1437.4,6.0,,,,
/player/jeanne-grandinot-35641/,Jeanne Grandinot B.,1460.2,1,1439.3,1.0,,,,,,
/player/ilic-9c978/,Ilic I.,1460.2,1,,,,,1434.3,1.0,,
/player/akan/,Akan A.,1460.2,1,,,1456.0,1.0,,,,
/player/lanciaprima/,Lanciaprima A.,1460.1,2,,,1485.9,2.0,,,,
/player/stula/,Stula S.,1460.1,10,,,,,,,,
/player/hudson-44293/,Hudson F.,1460.1,2,,,1477.4,2.0,,,,
/player/kuhar-46457/,Kuhar M.,1460.0,18,1384.4,11.0,1416.5,7.0,,,,
/player/godoy-0fd80/,Godoy S.,1460.0,1,1458.1,1.0,,,,,,
/player/valle-5e605/,Valle E.,1459.9,1,,,1435.1,1.0,,,,
/player/kung-54014/,Kung L.,1459.9,4,,,1458.5,4.0,,,,
/player/cho-2c75d/,Cho Y.,1459.9,1,1467.0,1.0,,,,,,
/player/kasperski-19b89/,Kasperski A.,1459.9,1,,,,,1434.3,1.0,,
/player/choi-7468b/,Choi H.,1459.9,1,,,1461.3,1.0,,,,
/player/heinzova/,Heinzova I.,1459.8,26,,,1386.0,11.0,,,,
/player/pircher-63567/,Pircher A.,1459.8,5,1462.5,1.0,1489.6,4.0,,,,
/player/luemkemann/,Luemkemann L.,1459.8,19,1450.2,3.0,1509.7,14.0,1565.7,1.0,,
/player/schliemann/,Schliemann J.,1459.8,3,,,1400.6,2.0,,,,
/player/phelan/,Phelan R.,1459.7,3,1467.0,3.0,,,,,,
/player/frans/,Frans E.,1459.7,2,1502.5,2.0,,,,,,
/player/juszczak-16e87/,Juszczak D.,1459.7,7,,,1504.6,2.0,,,,
/player/newberry-f95f3/,Newberry E.,1459.6,23,1461.8,23.0,,,,,,
/player/budko/,Budko D.,1459.6,5,,,,,,,,
/player/sarhatlic/,Sarhatlic S.,1459.6,1,,,1449.2,1.0,,,,
/player/belibova/,Belibova L.,1459.4,7,1379.6,2.0,1491.1,4.0,,,,
/player/constantin-cfd0d/,Constantin A.,1459.3,23,1505.9,4.0,1463.2,12.0,1434.3,1.0,,
/player/van-der-meer-01166/,Van der Meer I.,1459.3,1,,,1434.3,1.0,,,,
/player/job-422f9/,Job K.,1459.3,1,1459.3,1.0,,,,,,
/player/frank-c2902/,Frank M.,1459.3,1,,,1459.3,1.0,,,,
/player/wassermann-1c33c/,Wassermann M.,1459.3,8,,,,,,,,
/player/diianni/,Diianni J.,1459.3,14,1481.2,8.0,1414.2,6.0,,,,
/player/fagan-c4dd5/,Fagan S.,1459.3,4,1434.3,1.0,1516.2,3.0,,,,
/player/jebens/,Jebens H.,1459.2,1,,,1453.5,1.0,,,,
/player/peniston/,Peniston R.,1459.2,6,1381.3,4.0,,,,,1504.8,2.0
/player/kuklin/,Kuklin G.,1459.2,1,,,,,1434.3,1.0,,
/player/yizhi/,Yizhi W.,1459.1,1,,,,,,,,
/player/affolter-a7a78/,Affolter E.,1459.1,1,,,1465.0,1.0,,,,
/player/bruhn-aaby/,Bruhn Aaby M.,1459.1,1,,,1459.4,1.0,,,,
/player/fernando-bda3a/,Fernando G.,1459.1,1,,,,,,,,
/player/levy-80316/,Levy S.,1459.1,6,1513.1,4.0,1403.1,2.0,,,,
/player/brun-8ae84/,Brun L.,1459.0,1,,,1455.8,1.0,,,,
/player/durrer/,Durrer A.,1459.0,5,,,1452.0,5.0,,,,
/player/wakana/,Wakana R.,1459.0,3,1449.9,3.0,,,,,,
/player/marques-ec613/,Marques S.,1459.0,1,1441.5,1.0,,,,,,
/player/pajello/,Pajello A.,1458.9,5,1485.4,2.0,1472.8,3.0,,,,
/player/forcano/,Forcano I.,1458.9,1,,,1450.9,1.0,,,,
/player/mokan/,Mokan I.,1458.9,1,,,1460.7,1.0,,,,
/player/sanchez-95c07/,Sanchez R.,1458.8,1,1457.3,1.0,,,,,,
/player/zhao-e7d86/,Zhao V.,1458.8,6,,,,,,,,
/player/toneva/,Toneva E.,1458.8,1,,,1458.1,1.0,,,,
/player/ngounoue-15505/,Ngounoue C.,1458.8,6,1481.4,3.0,1449.1,3.0,,,,
/player/hands/,Hands T.,1458.8,1,1454.9,1.0,,,,,,
/player/juchi/,Juchi G.,1458.8,1,,,1422.9,1.0,,,,
/player/avdeeva-1c802/,Avdeeva V.,1458.7,4,,,,,,,,
/player/schulting/,Schulting J.,1458.7,1,,,1452.7,1.0,,,,
/player/pinochet-tapia/,Pinochet Tapia C.,1458.6,2,1478.7,2.0,,,,,,
/player/akyol/,Akyol O.,1458.6,1,,,,,1434.3,1.0,,
/player/lagarrigue/,Lagarrigue L.,1458.6,17,1454.6,5.0,1448.7,10.0,,,,
/player/dimitrov-ab7f8/,Dimitrov V.,1458.6,1,,,1455.9,1.0,,,,
/player/jarzaguet/,Jarzaguet E.,1458.5,3,1415.2,1.0,1488.3,2.0,,,,
/player/gerlach-14dc3/,Gerlach A.,1458.5,1,,,1458.8,1.0,,,,
/player/cooper-387fa/,Cooper K.,1458.5,4,1458.6,4.0,,,,,,
/player/kim-5ff33/,Kim D.,1458.5,1,,,1458.9,1.0,,,,
/player/zagorac-b6383/,Zagorac M.,1458.5,1,,,1458.6,1.0,,,,
/player/grevelius/,Grevelius E.,1458.4,1,,,1416.6,1.0,,,,
/player/garcia-gomez-c22bd/,Garcia Gomez M.,1458.4,2,,,1476.3,2.0,,,,
/player/popa-51f6f/,Popa D.,1458.4,13,1539.2,3.0,1475.3,8.0,,,,
/player/corbalan-miranda/,Corbalan Miranda A.,1458.3,5,,,1456.6,5.0,,,,
/player/tejerina-74c00/,Tejerina S.,1458.2,1,,,1443.7,1.0,,,,
/player/djekic/,Djekic K.,1458.2,3,,,1443.7,3.0,,,,
/player/droin/,Droin B.,1458.2,1,,,,,1434.3,1.0,,
/player/mckay-98e8c/,Mckay G.,1458.2,1,,,,,,,,
/player/caballero-022cd/,Caballero M.,1458.2,1,,,1457.9,1.0,,,,
/player/fitzpatrick-5ce8f/,Fitzpatrick B.,1458.2,21,1482.6,6.0,1495.8,11.0,1397.2,2.0,,
/player/camus-98e67/,Camus C.,1458.1,17,1405.3,4.0,1532.3,5.0,1434.3,1.0,,
/player/chen-b2c53/,Chen Y.,1458.1,1,1457.5,1.0,,,,,,
/player/koubova/,Koubova K.,1458.1,2,1456.1,2.0,,,,,,
/player/silenci/,Silenci L.,1458.0,1,1452.9,1.0,,,,,,
/player/robinson-3f577/,Robinson W.,1458.0,1,,,1446.9,1.0,,,,
/player/yao-eb4e9/,Yao Q.,1458.0,1,1425.3,1.0,,,,,,
/player/maier-e7d2f/,Maier H.,1457.9,1,,,,,1434.3,1.0,,
/player/ota-3040e/,Ota K.,1457.9,3,1434.3,1.0,1504.6,2.0,,,,
/player/renovales-salazar/,Renovales Salazar J.,1457.9,1,,,1437.1,1.0,,,,
/player/saleem-238f5/,Saleem A.,1457.9,1,,,1447.5,1.0,,,,
/player/nicholson-fce72/,Nicholson S.,1457.8,10,1349.4,3.0,,,,,,
/player/zoppas-d3c8e/,Zoppas L.,1457.8,3,1522.2,2.0,1429.4,1.0,,,,
/player/vrajikova/,Vrajikova R.,1457.7,1,,,1456.7,1.0,,,,
/player/do-7f9b8/,Do G.,1457.7,3,,,1457.6,3.0,,,,
/player/escobar-40978/,Escobar V.,1457.7,1,,,1457.7,1.0,,,,
/player/flores-avila/,Flores Avila L.,1457.7,1,,,1434.3,1.0,,,,
/player/toma-5e747/,Toma D.,1457.7,3,1482.2,2.0,1433.4,1.0,,,,
/player/hernandez-miranda/,Hernandez Miranda J.,1457.7,20,1453.1,5.0,1386.3,2.0,,,1434.3,1.0
/player/weibull/,Weibull R.,1457.7,1,1443.6,1.0,,,,,,
/player/kirkan/,Kirkan Z.,1457.6,1,1448.5,1.0,,,,,,
/player/kukrika-2d2aa/,Kukrika M.,1457.6,1,,,,,1457.3,1.0,,
/player/radisic-818ae/,Radisic N.,1457.6,10,1467.5,1.0,1487.8,8.0,,,1434.3,1.0
/player/ovarelli/,Ovarelli A.,1457.6,1,,,1453.9,1.0,,,,
/player/palacios-vaz/,Palacios Vaz M.,1457.5,1,,,1434.3,1.0,,,,
/player/buchwalder/,Buchwalder R.,1457.5,1,1436.4,1.0,,,,,,
/player/sagynbaeva/,Sagynbaeva S.,1457.5,1,,,,,,,,
/player/stoiber/,Stoiber R.,1457.5,12,,,1441.0,10.0,1494.5,2.0,,
/player/szigeti/,Szigeti T.,1457.5,1,,,,,1434.3,1.0,,
/player/gales/,Gales R.,1457.4,17,1598.3,2.0,1401.6,9.0,1561.2,3.0,,
/player/ende/,Ende A.,1457.4,1,,,1456.0,1.0,,,,
/player/anderson-59318/,Anderson B.,1457.4,6,,,,,,,,
/player/plesa/,Plesa D.,1457.4,3,,,1448.4,3.0,,,,
/player/charles-8c648/,Charles S.,1457.3,1,,,,,,,,
/player/nakashima-8f13b/,Nakashima M.,1457.3,8,1457.4,6.0,,,,,1504.6,2.0
/player/brady-cbcc6/,Brady J.,1457.3,1,,,1457.3,1.0,,,,
/player/stancescu-d70b9/,Stancescu M.,1457.2,10,,,1451.8,10.0,,,,
/player/carcangiu/,Carcangiu E.,1457.2,1,,,,,,,,
/player/mares/,Mares V.,1457.2,6,,,1393.6,5.0,,,,
/player/chan-b3157/,Chan A.,1457.2,3,,,1439.9,3.0,,,,
/player/mulready/,Mulready M.,1457.2,4,,,,,,,,
/player/kodjoed/,Kodjoed Y.,1457.2,6,,,1413.1,1.0,,,,
/player/balancho-74209/,Balancho B.,1457.1,1,1450.1,1.0,,,,,,
/player/van-roost-649ae/,Van Roost K.,1457.1,1,,,1439.8,1.0,,,,
/player/antonijevic-4ea85/,Antonijevic F.,1457.1,5,1434.3,1.0,1506.7,4.0,,,,
/player/mommessin/,Mommessin L.,1457.0,1,,,,,1434.3,1.0,,
/player/lozano-leon/,Lozano Leon M.,1457.0,1,,,1448.4,1.0,,,,
/player/ruiz-b51dc/,Ruiz J.,1457.0,1,,,1455.7,1.0,,,,
/player/luwika/,Luwika N.,1457.0,1,,,1454.0,1.0,,,,
/player/malick/,Malick A.,1457.0,1,,,,,,,,
/player/pop-b281b/,Pop G.,1456.9,8,1457.4,8.0,,,,,,
/player/stiblik/,Stiblik D.,1456.9,1,,,1457.9,1.0,,,,
/player/mrdeza/,Mrdeza T.,1456.9,1,,,1451.0,1.0,,,,
/player/cacciato/,Cacciato T.,1456.9,1,,,1448.3,1.0,,,,
/player/abbas-1c1f0/,Abbas P.,1456.9,10,,,,,,,,
/player/stone-a091d/,Stone H.,1456.8,1,1437.8,1.0,,,,,,
/player/hodkin/,Hodkin S.,1456.8,32,1498.1,4.0,1526.6,9.0,1434.3,1.0,,
/player/trivunac/,Trivunac M.,1456.8,5,,,1496.5,4.0,,,,
/player/pecovnik-0c263/,Pecovnik J.,1456.8,1,1434.3,1.0,,,,,,
/player/junqueira-de-andrade/,Junqueira de Andrade G.,1456.8,1,,,1461.0,1.0,,,,
/player/taylor-e2a3a/,Taylor A.,1456.8,1,1449.4,1.0,,,,,,
/player/paroulek-8794b/,Paroulek F.,1456.8,5,,,,,,,,
/player/lei-21beb/,Lei M.,1456.8,2,1457.6,2.0,,,,,,
/player/sallard/,Sallard L.,1456.8,1,,,1457.1,1.0,,,,
/player/kim-08a66/,Kim R.,1456.7,3,1441.7,3.0,,,,,,
/player/michalik-abae3/,Michalik R.,1456.7,40,1505.5,9.0,1456.9,13.0,1626.7,2.0,,
/player/bataljin/,Bataljin L.,1456.7,35,1437.7,9.0,1434.2,19.0,1434.3,1.0,,
/player/semichina/,Semichina I.,1456.7,1,,,1460.3,1.0,,,,
/player/perez-garcia-f9f2a/,Perez Garcia M.,1456.6,7,1430.9,1.0,1504.0,6.0,,,,
/player/vigoriti/,Vigoriti A.,1456.6,1,,,1444.8,1.0,,,,
/player/takahashi-bcc52/,Takahashi K.,1456.6,1,1456.4,1.0,,,,,,
/player/suzuki-6499c/,Suzuki M.,1456.6,1,1449.5,1.0,,,,,,
/player/navolokin/,Navolokin D.,1456.5,1,,,1456.9,1.0,,,,
/player/rakonic/,Rakonic F.,1456.5,12,1422.1,1.0,1411.4,6.0,1654.3,3.0,,
/player/simons-85a49/,Simons T.,1456.5,1,,,,,,,,
/player/pieroni-2abdf/,Pieroni S.,1456.5,17,1561.0,11.0,1303.3,6.0,,,,
/player/mcdonald-1f9f0/,McDonald B.,1456.5,12,1569.3,1.0,1559.8,4.0,1434.3,1.0,,
/player/elmers/,Elmers W.,1456.4,1,,,1457.1,1.0,,,,
/player/stosovic/,Stosovic M.,1456.4,36,,,1480.4,33.0,,,,
/player/didderiens/,Didderiens K.,1456.3,1,,,1455.8,1.0,,,,
/player/sandhu-a3879/,Sandhu N.,1456.3,1,1456.9,1.0,,,,,,
/player/maric-78654/,Maric M.,1456.3,8,1434.0,3.0,1553.0,3.0,,,,
/player/noroozian/,Noroozian A.,1456.3,3,,,,,,,,
/player/benoit-cf928/,Benoit M.,1456.2,7,,,1459.5,7.0,,,,
/player/specht-80755/,Specht M.,1456.1,1,,,1457.0,1.0,,,,
/player/weissborn/,Weissborn T.,1456.0,3,,,1451.3,3.0,,,,
/player/azamatov-cc77d/,Azamatov S.,1456.0,5,1504.6,2.0,,,1506.8,2.0,,
/player/kostiushkina/,Kostiushkina A.,1456.0,3,1456.3,3.0,,,,,,
/player/yahui/,Yahui H.,1456.0,5,1464.5,5.0,,,,,,
/player/kim-4148f/,Kim M.,1456.0,3,,,1465.8,3.0,,,,
/player/pyndt/,Pyndt G.,1456.0,1,,,1440.6,1.0,,,,
/player/neskovic/,Neskovic A.,1455.9,7,1504.3,5.0,1387.2,2.0,,,,
/player/tanimoto-4b80f/,Tanimoto Y.,1455.9,1,,,1461.6,1.0,,,,
/player/sherif-e8bf4/,Sherif L.,1455.9,5,,,,,,,,
/player/shadchneva/,Shadchneva D.,1455.8,2,,,,,,,,
/player/pastrana/,Pastrana P.,1455.8,1,1453.2,1.0,,,,,,
/player/liu-574bc/,Liu N.,1455.7,2,,,,,,,,
/player/rola/,Rola B.,1455.7,1,,,1446.6,1.0,,,,
/player/saigo/,Saigo Y.,1455.7,3,1450.2,3.0,,,,,,
/player/aydin-cef1f/,Aydin Z.,1455.7,1,1441.4,1.0,,,,,,
/player/valent-14499/,Valent D.,1455.6,7,,,1452.1,7.0,,,,
/player/sifuentes/,Sifuentes N.,1455.6,2,1456.0,2.0,,,,,,
/player/itsusaki-91190/,Itsusaki S.,1455.6,19,,,1424.0,1.0,1434.3,1.0,,
/player/wakayama/,Wakayama R.,1455.5,1,1449.5,1.0,,,,,,
/player/chaine-ee325/,Chaine G.,1455.5,1,,,1435.9,1.0,,,,
/player/baslilar/,Baslilar S.,1455.5,18,1572.6,7.0,1386.0,10.0,,,1459.1,1.0
/player/andersson-c206d/,Andersson L.,1455.5,3,1440.0,1.0,1411.5,1.0,,,,
/player/jakubovic/,Jakubovic X.,1455.5,3,,,,,,,,
/player/butera-86150/,Butera L.,1455.5,8,,,1443.5,1.0,,,,
/player/katz-af458/,Katz A.,1455.4,7,1560.6,1.0,,,,,,
/player/bertrand-f6fde/,Bertrand G.,1455.4,1,,,1453.3,1.0,,,,
/player/vnuk/,Vnuk Z.,1455.4,1,,,1439.0,1.0,,,,
/player/basic/,Basic M.,1455.3,9,1520.9,4.0,1364.5,5.0,,,,
/player/ozcan-6679e/,Ozcan L.,1455.3,1,1445.4,1.0,,,,,,
/player/bolivar-idarraga/,Bolivar Idarraga J.,1455.3,1,1455.3,1.0,,,,,,
/player/tutoveanu/,Tutoveanu E.,1455.3,5,,,,,,,,
/player/florincas/,Florincas C.,1455.3,1,1425.3,1.0,,,,,,
/player/dong-a4b41/,Dong Q.,1455.3,2,1456.8,2.0,,,,,,
/player/temi/,Temi B.,1455.3,3,1434.3,1.0,1491.0,2.0,,,,
/player/lacis/,Lacis R.,1455.1,2,,,1442.2,2.0,,,,
/player/ohya-23fe8/,Ohya K.,1455.1,1,1457.0,1.0,,,,,,
/player/wissa/,Wissa R.,1455.1,1,,,,,,,,
/player/boulonois/,Boulonois S.,1455.1,11,,,1454.3,5.0,,,,
/player/cooper-3f272/,Cooper S.,1455.1,23,1582.1,4.0,1499.3,14.0,1446.6,1.0,,
/player/grekul-4c5e9/,Grekul E.,1455.1,18,1586.2,7.0,1415.3,11.0,,,,
/player/s-venkatraman/,S Venkatraman G.,1455.1,14,1427.2,1.0,1456.0,1.0,,,,
/player/castro-307ed/,Castro C.,1455.1,1,,,1456.4,1.0,,,,
/player/lopez-2370a/,Lopez D.,1455.0,10,1434.3,1.0,1491.6,6.0,,,,
/player/mueller-37d57/,Mueller E.,1455.0,1,1420.7,1.0,,,,,,
/player/pellandra/,Pellandra S.,1455.0,3,,,,,,,,
/player/de-la-pena-1f846/,De la Pena B.,1454.9,27,1653.8,10.0,1388.9,14.0,,,,
/player/dasset/,Dasset E.,1454.8,1,1434.3,1.0,,,,,,
/player/auerswald/,Auerswald K.,1454.8,1,,,1454.9,1.0,,,,
/player/hiiesalu/,Hiiesalu S.,1454.8,9,1502.0,4.0,1420.2,3.0,,,,
/player/milani-64334/,Milani B.,1454.8,1,,,1446.9,1.0,,,,
/player/doskocil/,Doskocil M.,1454.8,9,,,1477.4,3.0,,,,
/player/hernandez-mariona-09d9b/,Hernandez Mariona K.,1454.8,2,,,,,,,,
/player/moron-b2533/,Moron F.,1454.7,17,1379.8,2.0,1493.7,13.0,,,1504.6,2.0
/player/dakhane/,Dakhane R.,1454.7,12,1521.4,3.0,1488.0,7.0,,,,
/player/brettl/,Brettl F.,1454.7,1,,,1456.6,1.0,,,,
/player/reiff/,Reiff T.,1454.7,1,1439.2,1.0,,,,,,
/player/gibson-37035/,Gibson J.,1454.7,1,,,,,,,,
/player/sedletzky/,Sedletzky M.,1454.7,7,,,1459.4,7.0,,,,
/player/zhao-341e3/,Zhao S.,1454.6,1,1460.5,1.0,,,,,,
/player/zhabrailova/,Zhabrailova M.,1454.6,5,1569.3,3.0,1389.2,2.0,,,,
/player/ricca/,Ricca G.,1454.6,1,,,1449.6,1.0,,,,
/player/charl-ba63f/,Charl M.,1454.6,5,1463.8,5.0,,,,,,
/player/benzaied/,Benzaied B.,1454.6,3,1446.4,3.0,,,,,,
/player/kwiatkowski/,Kwiatkowski T.,1454.5,1,,,1417.2,1.0,,,,
/player/kasemi/,Kasemi K.,1454.5,2,,,1459.2,2.0,,,,
/player/napoli-da-silveira/,Napoli da Silveira M.,1454.5,22,1426.0,4.0,1474.0,12.0,1434.3,1.0,,
/player/bushamuka/,Bushamuka W.,1454.4,1,1445.5,1.0,,,,,,
/player/secord/,Secord J.,1454.4,1,1443.5,1.0,,,,,,
/player/serban-aab12/,Serban R.,1454.4,27,1518.7,5.0,1407.5,15.0,,,1569.3,3.0
/player/mitev-5778e/,Mitev A.,1454.4,1,,,1449.3,1.0,,,,
/player/dzabasan/,Dzabasan A.,1454.4,2,,,1454.2,2.0,,,,
/player/oliveira-9c158/,Oliveira S.,1454.4,1,1451.8,1.0,,,,,,
/player/esquici/,Esquici L.,1454.3,4,,,,,,,,
/player/torrealba/,Torrealba B.,1454.2,16,1386.7,4.0,1476.5,12.0,,,,
/player/kamboj/,Kamboj U.,1454.2,17,1375.7,4.0,1510.0,12.0,1422.1,1.0,,
/player/fassbender/,Fassbender B.,1454.2,1,,,,,1434.3,1.0,,
/player/monferrer/,Monferrer E.,1454.2,20,1477.1,4.0,1452.9,14.0,1504.6,2.0,,
/player/martin-weinberg/,Martin Weinberg P.,1454.2,6,1474.4,2.0,1409.6,2.0,,,,
/player/jermar/,Jermar J.,1454.1,1,,,1454.7,1.0,,,,
/player/savic-898c2/,Savic S.,1454.1,4,,,,,,,,
/player/gargano-3109d/,Gargano F.,1454.0,5,1508.7,2.0,1436.4,3.0,,,,
/player/bagnolini/,Bagnolini D.,1454.0,17,1465.9,6.0,1434.0,10.0,1434.3,1.0,,
/player/bidzinashvili/,Bidzinashvili N.,1454.0,11,1565.7,1.0,1386.2,8.0,1457.3,1.0,,
/player/saidizand-b5440/,Saidizand N.,1454.0,3,,,1448.3,3.0,,,,
/player/krajnc/,Krajnc M.,1453.9,1,,,,,,,,
/player/brewer-c6cae/,Brewer A.,1453.9,1,1434.3,1.0,,,,,,
/player/volnik/,Volnik N.,1453.8,3,,,,,,,,
/player/gardiner-fe3d7/,Gardiner K.,1453.8,26,1407.8,10.0,,,,,,
/player/bonalumi/,Bonalumi M.,1453.8,3,,,1488.4,2.0,,,,
/player/blattmann/,Blattmann N.,1453.8,1,,,1453.8,1.0,,,,
/player/obando-fe0e8/,Obando D.,1453.8,1,,,,,,,,
/player/yu-fba49/,Yu K.,1453.7,1,1440.2,1.0,,,,,,
/player/poulsen/,Poulsen O.,1453.7,20,1492.6,8.0,1416.7,11.0,1457.3,1.0,,
/player/kovacs-98ce6/,Kovacs E.,1453.6,4,,,1452.4,4.0,,,,
/player/frost-26f99/,Frost A.,1453.6,2,,,1453.3,2.0,,,,
/player/cho-d369d/,Cho R.,1453.6,1,1441.2,1.0,,,,,,
/player/degabriele/,Degabriele A.,1453.6,16,1359.1,2.0,1370.6,5.0,,,,
/player/smith-f8055/,Smith M.,1453.6,25,1438.7,14.0,,,,,,
/player/xi-eb0d2/,Xi N.,1453.5,3,1466.8,3.0,,,,,,
/player/pereira-dos-santos/,Pereira Dos Santos K.,1453.5,3,1474.0,1.0,,,,,,
/player/crivelletto/,Crivelletto J.,1453.5,1,,,1443.9,1.0,,,,
/player/perez-5ed7b/,Perez N.,1453.5,1,,,,,,,,
/player/epps-43aa6/,Epps Z.,1453.5,1,,,,,,,,
/player/domarco-carlos/,Domarco Carlos D.,1453.5,1,,,1446.9,1.0,,,,
/player/ontiveros-fde3a/,Ontiveros M.,1453.5,1,,,1451.1,1.0,,,,
/player/harlos/,Harlos L.,1453.5,1,,,1453.4,1.0,,,,
/player/huang-f3794/,Huang Y.,1453.4,1,1453.3,1.0,,,,,,
/player/jantacova/,Jantacova E.,1453.4,1,,,1458.7,1.0,,,,
/player/markova-b2696/,Markova R.,1453.3,1,,,1451.5,1.0,,,,
/player/kolonovics/,Kolonovics J.,1453.3,5,1451.0,1.0,1446.9,3.0,,,,
/player/ninomiya/,Ninomiya M.,1453.3,1,1454.1,1.0,,,,,,
/player/petroiu/,Petroiu T.,1453.3,2,1448.8,1.0,1537.5,1.0,,,,
/player/nadeau/,Nadeau C.,1453.3,1,,,,,,,,
/player/monni/,Monni C.,1453.3,1,,,1451.0,1.0,,,,
/player/filipas/,Filipas B.,1453.2,1,1437.4,1.0,,,,,,
/player/gonzalez-noriega/,Gonzalez Noriega J.,1453.2,8,,,1429.4,8.0,,,,
/player/serkedi/,Serkedi E.,1453.1,5,,,1460.1,5.0,,,,
/player/cabrera-1bfbb/,Cabrera A.,1453.1,1,,,1434.3,1.0,,,,
/player/duvanova/,Duvanova E.,1453.1,3,,,1451.0,3.0,,,,
/player/gear/,Gear J.,1453.1,3,,,,,,,,
/player/dalal-90918/,Dalal S.,1453.1,1,,,1453.1,1.0,,,,
/player/saulter/,Saulter T.,1453.0,1,1438.4,1.0,,,,,,
/player/junker/,Junker L.,1452.9,1,,,1457.8,1.0,,,,
/player/zannoni-018c0/,Zannoni S.,1452.9,2,,,1449.7,2.0,,,,
/player/lopez-abadia-urresti/,Lopez Abadia Urresti G.,1452.9,1,,,,,1434.3,1.0,,
/player/spindler-7fdba/,Spindler J.,1452.9,1,1434.3,1.0,,,,,,
/player/garcia-c7921/,Garcia K.,1452.9,1,1422.1,1.0,,,,,,
/player/sauciuc/,Sauciuc A.,1452.9,1,,,1451.4,1.0,,,,
/player/hristov-71a33/,Hristov A.,1452.8,1,,,1457.9,1.0,,,,
/player/xu-e9a09/,Xu N.,1452.8,7,1451.2,7.0,,,,,,
/player/darken-9d210/,Darken Z.,1452.8,7,1499.0,4.0,1442.0,3.0,,,,
/player/shirazi-046c2/,Shirazi K.,1452.8,7,,,1492.0,2.0,1562.0,3.0,,
/player/king-7480c/,King C.,1452.8,1,1434.3,1.0,,,,,,
/player/sun-41fd9/,Sun L.,1452.7,13,,,1436.2,7.0,1442.6,6.0,,
/player/lessard-dd3ca/,Lessard H.,1452.7,5,,,,,,,,
/player/altinel/,Altinel A.,1452.7,2,1436.9,2.0,,,,,,
/player/sanchez-rojas-a13c0/,Sanchez Rojas C.,1452.7,1,,,1436.4,1.0,,,,
/player/ilic-788a5/,Ilic J.,1452.7,5,,,1548.3,3.0,,,,
/player/bourbon/,Bourbon M.,1452.6,3,,,1439.9,3.0,,,,
/player/meyer-6a689/,Meyer A.,1452.6,9,,,1433.9,9.0,,,,
/player/martyunina/,Martyunina V.,1452.6,3,1452.6,3.0,,,,,,
/player/olivo/,Olivo R.,1452.6,2,,,1452.1,2.0,,,,
/player/rossi-98a9a/,Rossi V.,1452.6,7,,,1455.2,7.0,,,,
/player/hadzimehmedovic/,Hadzimehmedovic R.,1452.5,3,,,1483.5,2.0,1434.3,1.0,,
/player/qu-14321/,Qu M.,1452.5,2,,,,,,,1493.2,2.0
/player/buzonics/,Buzonics D.,1452.5,1,,,,,1434.3,1.0,,
/player/kang-b003c/,Kang J.,1452.5,3,1439.0,3.0,,,,,,
/player/marinkov-62e89/,Marinkov P.,1452.5,19,1383.0,13.0,1589.7,6.0,,,,
/player/karkkainen/,Karkkainen K.,1452.4,1,,,1450.6,1.0,,,,
/player/maric-3baba/,Maric F.,1452.4,1,,,,,1434.3,1.0,,
/player/ozen-ce2aa/,Ozen Y.,1452.4,3,1457.2,3.0,,,,,,
/player/leguizamon-b0f35/,Leguizamon A.,1452.4,1,,,1452.2,1.0,,,,
/player/lasserre/,Lasserre V.,1452.4,1,,,1442.9,1.0,,,,
/player/zimmer/,Zimmer A.,1452.3,7,,,1451.2,7.0,,,,
/player/pont-f88f1/,Pont M.,1452.3,3,,,1452.3,3.0,,,,
/player/iezza-4085c/,Iezza M.,1452.3,1,1434.3,1.0,,,,,,
/player/aguilar-gasperin/,Aguilar Gasperin O.,1452.3,1,,,1442.5,1.0,,,,
/player/steyn-95abc/,Steyn C.,1452.3,3,1453.2,3.0,,,,,,
/player/cilekova/,Cilekova L.,1452.3,3,1511.8,2.0,1435.1,1.0,,,,
/player/sueoka/,Sueoka Y.,1452.2,5,1434.3,1.0,1501.9,4.0,,,,
/player/mizerski/,Mizerski E.,1452.2,3,1443.7,1.0,,,,,,
/player/reichel-0ba06/,Reichel A.,1452.2,8,1474.5,5.0,1462.0,3.0,,,,
/player/grigore-590b7/,Grigore A.,1452.2,1,,,1411.9,1.0,,,,
/player/tjandra-djaja/,Tjandra Djaja K.,1452.2,1,,,,,1446.6,1.0,,
/player/chayka-144f9/,Chayka A.,1452.2,4,,,1447.8,4.0,,,,
/player/kamaruzzaman/,Kamaruzzaman N.,1452.2,1,,,,,,,,
/player/clerc/,Clerc D.,1452.1,15,1366.7,6.0,1540.3,9.0,,,,
/player/thorne-1fca2/,Thorne S.,1452.1,20,1440.5,10.0,,,,,,
/player/rossetti-75126/,Rossetti A.,1452.0,1,,,,,1434.3,1.0,,
/player/zdralo/,Zdralo S.,1452.0,1,,,1458.2,1.0,,,,
/player/de-marchi/,de Marchi A.,1452.0,2,,,1443.0,2.0,,,,
/player/carbone-dos-santos/,Carbone dos Santos M.,1452.0,5,1505.3,4.0,1434.3,1.0,,,,
/player/kitaoka/,Kitaoka M.,1452.0,4,1429.3,4.0,,,,,,
/player/gloeckler/,Gloeckler M.,1451.9,25,1341.8,5.0,1554.6,18.0,,,,
/player/mansveld/,Mansveld D.,1451.9,1,1419.9,1.0,,,,,,
/player/ifodi/,Ifodi V.,1451.9,1,,,1431.8,1.0,,,,
/player/gnanasigamani-aswin/,Gnanasigamani Aswin B.,1451.9,1,,,,,,,1451.8,1.0
/player/nowicka-00a4d/,Nowicka W.,1451.9,1,,,1449.3,1.0,,,,
/player/cuellar-bd604/,Cuellar C.,1451.9,1,,,,,,,,
/player/kenin-5a3a8/,Kenin S.,1451.9,21,1406.6,8.0,1355.4,7.0,1469.5,6.0,,
/player/baker-c94c4/,Baker C.,1451.9,3,,,,,,,,
/player/tiang/,Tiang K.,1451.8,1,1434.3,1.0,,,,,,
/player/wang-cd9f1/,Wang Y.,1451.8,1,1453.9,1.0,,,,,,
/player/nguyen-9e289/,Nguyen N.,1451.8,1,1418.5,1.0,,,,,,
/player/burac/,Burac D.,1451.8,1,,,1447.8,1.0,,,,
/player/saltman-823e8/,Saltman B.,1451.7,1,,,1434.3,1.0,,,,
/player/clifford-020a7/,Clifford D.,1451.6,5,1450.4,5.0,,,,,,
/player/put/,Put S.,1451.6,5,1457.5,1.0,1479.1,3.0,1434.3,1.0,,
/player/martinez-puche/,Martinez Puche B.,1451.6,1,1456.6,1.0,,,,,,
/player/karki-1f500/,Karki R.,1451.6,24,1403.1,10.0,1504.5,14.0,,,,
/player/urnukh/,Urnukh Z.,1451.6,3,1565.7,1.0,,,,,1434.3,1.0
/player/bondaz-357e1/,Bondaz M.,1451.5,1,1422.1,1.0,,,,,,
/player/godinac/,Godinac A.,1451.5,1,,,1450.9,1.0,,,,
/player/shoemake/,Shoemake H.,1451.5,5,1511.9,2.0,1434.3,1.0,1504.6,2.0,,
/player/gencer/,Gencer E.,1451.5,6,,,,,,,,
/player/kocisova/,Kocisova S.,1451.5,1,,,1415.2,1.0,,,,
/player/senel/,Senel B.,1451.4,1,,,,,1434.3,1.0,,
/player/mironchenko/,Mironchenko Y.,1451.4,1,1435.0,1.0,,,,,,
/player/xia-35a6b/,Xia Z.,1451.3,18,1482.8,4.0,1420.4,12.0,,,,
/player/bagerbaseh-40d0c/,Bagerbaseh L.,1451.3,7,,,1446.1,7.0,,,,
/player/nikic-6429a/,Nikic M.,1451.3,3,1494.5,2.0,1456.1,1.0,,,,
/player/hoo/,Hoo C.,1451.2,1,,,,,,,1450.4,1.0
/player/petri-bere/,Petri Bere I.,1451.2,1,,,1464.4,1.0,,,,
/player/jelinek-8503c/,Jelinek M.,1451.2,1,1438.5,1.0,,,,,,
/player/valdez-guzon/,Valdez Guzón J.,1451.2,8,,,,,,,,
/player/alcantara-9740c/,Alcantara F.,1451.1,1,1433.3,1.0,,,,,,
/player/penteleichuk/,Penteleichuk D.,1451.0,3,,,1432.7,3.0,,,,
/player/freitas-martins/,Freitas Martins L.,1451.0,1,1447.5,1.0,,,,,,
/player/relic-033c9/,Relic M.,1451.0,1,,,,,,,,
/player/ajder/,Ajder L.,1451.0,1,,,1434.3,1.0,,,,
/player/chogsomjav-ac7b3/,Chogsomjav M.,1451.0,5,1436.8,1.0,,,,,1486.5,4.0
/player/makantasis/,Makantasis E.,1450.9,1,,,1452.8,1.0,,,,
/player/gonindard/,Gonindard T.,1450.9,1,,,1430.8,1.0,,,,
/player/buhr-fd5d3/,Buhr A.,1450.9,1,,,1450.9,1.0,,,,
/player/pla-broscheit-fcda6/,Pla Broscheit E.,1450.9,1,,,1468.9,1.0,,,,
/player/iha-b9d0a/,Iha J.,1450.8,3,1440.5,3.0,,,,,,
/player/makzoume-ae98c/,Makzoume Y.,1450.8,11,1441.8,3.0,1419.3,7.0,,,,
/player/ziganshin-14c89/,Ziganshin R.,1450.8,3,,,1471.9,3.0,,,,
/player/kaegi-deb09/,Kaegi Z.,1450.8,17,1466.5,3.0,1460.3,14.0,,,,
/player/vakili/,Vakili K.,1450.7,5,,,1495.8,4.0,,,,
/player/yang-c4cfe/,Yang Z.,1450.7,6,1427.3,3.0,,,,,1559.8,3.0
/player/valletta-b7037/,Valletta E.,1450.6,6,1494.6,2.0,1455.2,4.0,,,,
/player/mccabe-b71c6/,McCabe J.,1450.6,36,1391.7,23.0,1542.2,2.0,1517.3,11.0,,
/player/connor-7d9c8/,Connor I.,1450.6,1,1434.3,1.0,,,,,,
/player/latak/,Latak M.,1450.6,4,1434.3,1.0,1482.1,3.0,,,,
/player/garcia-reboredo-montesdeoca/,Garcia Reboredo Montes,1450.5,2,,,1478.6,2.0,,,,
/player/wahl-maniecka/,Wahl-Maniecka K.,1450.5,1,,,1450.4,1.0,,,,
/player/zvech-flaborea-mreule/,Zvech Flaborea Mreule M.,1450.5,1,,,1458.0,1.0,,,,
/player/semmelmeyer/,Semmelmeyer C.,1450.5,3,,,1446.5,3.0,,,,
/player/karantali/,Karantali E.,1450.5,1,,,1454.8,1.0,,,,
/player/wibowo-62ffe/,Wibowo T.,1450.5,3,1386.1,2.0,1565.7,1.0,,,,
/player/michael-abf39/,Michael E.,1450.4,1,,,,,,,,
/player/cerelli/,Cerelli G.,1450.4,14,1459.3,5.0,1381.0,6.0,1434.3,1.0,,
/player/park-43b66/,Park Y.,1450.4,3,,,1463.5,3.0,,,,
/player/clarke-42e27/,Clarke C.,1450.4,6,1463.6,1.0,1516.4,4.0,,,1434.3,1.0
/player/gicheva/,Gicheva S.,1450.4,1,,,1450.8,1.0,,,,
/player/ji-5cb51/,Ji S.,1450.4,3,,,1456.0,3.0,,,,
/player/kim-020e4/,Kim Y.,1450.4,3,,,1458.6,3.0,,,,
/player/tian-37a7c/,Tian Y.,1450.4,1,1450.9,1.0,,,,,,
/player/palacios-plaza/,Palacios Plaza H.,1450.3,5,1424.3,1.0,1458.4,1.0,1565.7,1.0,,
/player/cremonini-a2451/,Cremonini A.,1450.3,3,,,1448.1,3.0,,,,
/player/cecconi/,Cecconi F.,1450.3,1,,,1444.6,1.0,,,,
/player/tabunshchyk/,Tabunshchyk A.,1450.2,14,1472.8,8.0,1401.2,6.0,,,,
/player/cassan/,Cassan M.,1450.1,1,,,,,,,,
/player/figurovskiy/,Figurovskiy A.,1450.1,3,,,1435.8,1.0,1565.7,1.0,,
/player/kuparev/,Kuparev A.,1450.0,51,1569.7,7.0,1362.3,6.0,,,,
/player/xu-c24f3/,Xu Y.,1450.0,3,,,,,,,1448.3,3.0
/player/van-schalkwyk/,Van Schalkwyk C.,1450.0,5,,,,,,,,
/player/jackson-3bcb0/,Jackson R.,1449.9,3,1522.2,2.0,1437.4,1.0,,,,
/player/singh-e57c6/,Singh S.,1449.9,18,1452.6,3.0,1449.1,14.0,,,,
/player/soares-e7c18/,Soares C.,1449.8,1,1446.6,1.0,,,,,,
/player/prifti/,Prifti A.,1449.8,3,,,,,,,,
/player/bozova/,Bozova A.,1449.8,1,,,,,,,,
/player/narendran-96962/,Narendran V.,1449.8,1,,,1435.6,1.0,,,,
/player/miyashita-dcd69/,Miyashita I.,1449.8,1,1453.3,1.0,,,,,,
/player/buldorini/,Buldorini P.,1449.8,22,1349.3,6.0,1435.9,8.0,1500.1,2.0,,
/player/sol-combes/,Sol-Combes V.,1449.8,1,1434.3,1.0,,,,,,
/player/siddiqui-7d3d6/,Siddiqui M.,1449.7,3,1504.6,2.0,1422.1,1.0,,,,
/player/lv-4390c/,Lv D.,1449.7,1,,,1435.6,1.0,,,,
/player/rabetrano-60cdc/,Rabetrano T.,1449.7,1,1438.9,1.0,,,,,,
/player/pinna-74db1/,Pinna D.,1449.6,1,,,1449.8,1.0,,,,
/player/curti/,Curti G.,1449.6,3,,,1461.5,3.0,,,,
/player/bokungu/,Bokungu I.,1449.6,3,,,,,,,,
/player/supiot/,Supiot T.,1449.6,1,1435.9,1.0,,,,,,
/player/petre-dd54a/,Petre T.,1449.6,3,,,1449.5,3.0,,,,
/player/kuperstein/,Kuperstein A.,1449.6,2,1469.1,1.0,1464.6,1.0,,,,
/player/skupinski/,Skupinski B.,1449.6,5,,,1418.0,5.0,,,,
/player/park-62265/,Park Y.,1449.5,3,1430.0,3.0,,,,,,
/player/deli-efc66/,Deli V.,1449.5,1,1439.4,1.0,,,,,,
/player/ramirez-garcia/,Ramirez Garcia A.,1449.5,1,,,1445.4,1.0,,,,
/player/hurtado-novoa/,Hurtado Novoa N.,1449.5,1,,,1446.1,1.0,,,,
/player/rojas-hernandez/,Rojas Hernandez N.,1449.4,1,,,1449.1,1.0,,,,
/player/narayanan-9825b/,Narayanan S.,1449.4,2,1479.3,1.0,,,,,,
/player/swarbrick/,Swarbrick E.,1449.3,5,1463.1,5.0,,,,,,
/player/fiocchi/,Fiocchi A.,1449.3,1,,,1440.8,1.0,,,,
/player/aguilar-ferrandez/,Aguilar Ferrandez V.,1449.3,3,,,1434.6,3.0,,,,
/player/snells/,Snells J.,1449.3,12,1441.5,1.0,1468.4,11.0,,,,
/player/vieten/,Vieten V.,1449.3,3,,,1504.6,2.0,,,1422.5,1.0
/player/froemel/,Froemel K.,1449.2,21,1431.6,3.0,1494.8,5.0,,,,
/player/barth-a6694/,Barth A.,1449.2,20,1545.7,6.0,1454.3,7.0,,,,
/player/vladimirov-4b257/,Vladimirov E.,1449.2,4,1606.3,2.0,,,,,,
/player/ristic-cdee8/,Ristic T.,1449.2,1,,,,,,,,
/player/messenlechner/,Messenlechner S.,1449.1,7,,,1452.2,7.0,,,,
/player/lukashov/,Lukashov R.,1449.1,1,,,1456.3,1.0,,,,
/player/mayoral-6dee6/,Mayoral C.,1449.0,6,,,1434.3,1.0,,,,
/player/baldini-554c9/,Baldini M.,1449.0,1,,,1448.4,1.0,,,,
/player/sorensen-15105/,Sorensen A.,1449.0,1,,,1452.5,1.0,,,,
/player/kleinenberg/,Kleinenberg N.,1449.0,1,,,1445.6,1.0,,,,
/player/gimbrere/,Gimbrere J.,1449.0,25,1482.0,4.0,1423.2,21.0,,,,
/player/beltran-11964/,Beltran A.,1449.0,4,1452.5,3.0,,,,,,
/player/ene-3ebc6/,Ene T.,1448.9,1,,,,,,,,
/player/sze/,Sze L.,1448.9,3,1504.6,2.0,,,1434.3,1.0,,
/player/salaberry/,Salaberry M.,1448.8,1,,,,,,,,
/player/stroebel/,Stroebel M.,1448.8,1,,,1426.2,1.0,,,,
/player/yamakita/,Yamakita M.,1448.8,1,1445.4,1.0,,,,,,
/player/cercel/,Cercel E.,1448.8,5,,,1450.6,5.0,,,,
/player/huerta-4b5c5/,Huerta K.,1448.7,3,,,,,,,,
/player/bybel/,Bybel N.,1448.7,1,,,1434.3,1.0,,,,
/player/heinz-0fdaf/,Heinz D.,1448.7,1,1447.6,1.0,,,,,,
/player/horoz/,Horoz A.,1448.7,11,1583.3,6.0,1419.9,1.0,,,,
/player/march-cb99e/,March L.,1448.7,1,,,1432.9,1.0,,,,
/player/lopez-2626e/,Lopez C.,1448.7,16,1527.7,11.0,1426.3,2.0,,,1426.2,3.0
/player/sokiran-293a8/,Sokiran I.,1448.7,1,,,,,,,,
/player/babudri-3e4a5/,Babudri A.,1448.7,3,,,1442.7,3.0,,,,
/player/deegan-dffef/,Deegan R.,1448.6,1,1443.2,1.0,,,,,,
/player/vervoort/,Vervoort M.,1448.6,1,,,1452.3,1.0,,,,
/player/velik/,Velik L.,1448.6,4,,,,,,,,
/player/pinheiro-da-cruz-junior/,Pinheiro da Cruz Junior G.,1448.6,30,1520.4,11.0,1543.0,14.0,,,,
/player/bohr/,Bohr L.,1448.5,1,1413.3,1.0,,,,,,
/player/bazemore/,Bazemore L.,1448.5,1,1435.1,1.0,,,,,,
/player/lauretti/,Lauretti S.,1448.5,4,,,,,,,,
/player/sarishvili/,Sarishvili L.,1448.5,3,,,1455.8,3.0,,,,
/player/laukys/,Laukys T.,1448.4,1,1447.4,1.0,,,,,,
/player/chandrasekar-bb4f7/,Chandrasekar A.,1448.4,1,,,1449.4,1.0,,,,
/player/bien-fc9a3/,Bien D.,1448.4,18,1389.3,2.0,1490.9,7.0,,,,
/player/pavlovic-d8d31/,Pavlovic O.,1448.3,1,,,1436.1,1.0,,,,
/player/bakshi-c841e/,Bakshi A.,1448.3,15,1477.5,7.0,1444.6,4.0,,,,
/player/crevelaro/,Crevelaro E.,1448.3,13,1380.1,2.0,1572.8,9.0,,,,
/player/dodd-6fc0a/,Dodd E.,1448.3,3,1437.3,3.0,,,,,,
/player/sieben/,Sieben N.,1448.3,1,,,1450.6,1.0,,,,
/player/maestrelli/,Maestrelli F.,1448.3,27,1466.2,8.0,1328.6,13.0,1322.0,3.0,1586.5,3.0
/player/de-oliveira-pires/,De Oliveira Pires J.,1448.3,1,1443.6,1.0,,,,,,
/player/fukushima-8cdbe/,Fukushima G.,1448.2,3,,,,,,,,
/player/huber-6774a/,Huber D.,1448.2,3,,,1448.2,3.0,,,,
/player/dessolis-8452e/,Dessolis M.,1448.2,6,,,1445.9,6.0,,,,
/player/lahner/,Lahner J.,1448.1,3,1443.6,1.0,1449.2,1.0,,,,
/player/hernandez-cisneros/,Hernandez Cisneros D.,1448.1,3,1495.4,2.0,1434.3,1.0,,,,
/player/lesdos/,Lesdos C.,1448.1,1,,,1434.3,1.0,,,,
/player/lefebure/,Lefebure S.,1448.0,3,,,1439.1,3.0,,,,
/player/soohoo/,Soohoo R.,1448.0,3,,,,,,,,
/player/ahmad-bcb34/,Ahmad I.,1448.0,3,1422.3,1.0,1556.5,1.0,,,,
/player/anton-ruibal/,Anton Ruibal P.,1447.9,1,,,1447.3,1.0,,,,
/player/wang-68ee3/,Wang S.,1447.9,1,1437.3,1.0,,,,,,
/player/klaus-76293/,Klaus L.,1447.8,17,1519.0,4.0,1454.5,7.0,1553.4,1.0,,
/player/roesch-86995/,Roesch C.,1447.8,1,,,1434.3,1.0,,,,
/player/lankford-8fdbc/,Lankford K.,1447.8,1,1447.2,1.0,,,,,,
/player/gruber-72839/,Gruber T.,1447.8,9,1483.0,4.0,1415.0,4.0,,,1434.3,1.0
/player/mirica/,Mirica E.,1447.8,1,,,1451.2,1.0,,,,
/player/mezentsev/,Mezentsev I.,1447.8,3,,,1435.1,3.0,,,,
/player/matsumoto-205da/,Matsumoto G.,1447.8,1,,,1426.0,1.0,,,,
/player/xu-24703/,Xu J.,1447.7,1,,,1446.0,1.0,,,,
/player/pagani-6e08a/,Pagani D.,1447.7,4,,,1416.6,4.0,,,,
/player/marshall-0d239/,Marshall K.,1447.7,18,1578.9,4.0,1664.4,6.0,,,,
/player/kotecha-1599f/,Kotecha A.,1447.7,3,,,,,,,,
/player/achouri/,Achouri W.,1447.7,1,,,1449.0,1.0,,,,
/player/jupa/,Jupa J.,1447.6,1,,,1444.6,1.0,,,,
/player/nachev-61e72/,Nachev B.,1447.6,3,1422.1,1.0,1447.2,1.0,,,,
/player/trillo-pita-da-veiga/,Trillo Pita da Veiga B.,1447.6,1,1452.1,1.0,,,,,,
/player/abe-hirai/,Abe Hirai R.,1447.6,1,,,,,,,,
/player/stavytska/,Stavytska D.,1447.6,1,,,1434.3,1.0,,,,
/player/drozd/,Drozd M.,1447.6,1,,,1449.9,1.0,,,,
/player/matos-103c3/,Matos N.,1447.5,1,,,1419.6,1.0,,,,
/player/lawal-f1465/,Lawal F.,1447.5,1,,,1433.1,1.0,,,,
/player/formenti/,Formenti E.,1447.5,1,,,,,,,,
/player/de-klerk-1921f/,De Klerk R.,1447.5,3,,,1426.5,3.0,,,,
/player/pandey-9d5fc/,Pandey T.,1447.4,18,1419.6,4.0,,,,,,
/player/zapelli/,Zapelli A.,1447.3,1,1430.2,1.0,,,,,,
/player/savic-234d1/,Savic L.,1447.3,3,1447.4,3.0,,,,,,
/player/shoults/,Shoults C.,1447.3,3,1434.3,1.0,1463.5,1.0,,,,
/player/silva-44f6f/,Silva G.,1447.3,1,1434.3,1.0,,,,,,
/player/messis/,Messis A.,1447.3,22,1626.7,2.0,1674.2,9.0,,,,
/player/daniel-8d2ec/,Daniel J.,1447.3,13,1435.1,13.0,,,,,,
/player/kuan/,Kuan J.,1447.3,1,1449.3,1.0,,,,,,
/player/johansson-969c2/,Johansson I.,1447.3,5,,,1448.6,5.0,,,,
/player/zhang-3931c/,Zhang Z.,1447.3,1,1446.6,1.0,,,,,,
/player/ronkainen/,Ronkainen A.,1447.2,1,,,1441.7,1.0,,,,
/player/hurkacz-ac885/,Hurkacz N.,1447.2,14,1443.3,3.0,1456.4,11.0,,,,
/player/games/,Games L.,1447.2,1,,,,,,,,
/player/salvador-villagomez/,Salvador Villagomez J.,1447.2,3,1447.2,3.0,,,,,,
/player/ben-abdesslem/,Ben Abdesslem I.,1447.2,1,1434.3,1.0,,,,,,
/player/singh-b7eb6/,Singh J.,1447.2,1,,,,,,,,
/player/erhardt-6d95d/,Erhardt T.,1447.2,1,,,1445.0,1.0,,,,
/player/oliveira-cb94a/,Oliveira B.,1447.2,1,,,1433.2,1.0,,,,
/player/haberle/,Haberle F.,1447.2,1,,,,,,,,
/player/rook-c4bf1/,Rook O.,1447.2,3,,,,,,,,
/player/castaneda-a08eb/,Castaneda M.,1447.2,1,,,1428.1,1.0,,,,
/player/ahn-aef7c/,Ahn H.,1447.2,1,1446.6,1.0,,,,,,
/player/szebeni-bec04/,Szebeni M.,1447.1,1,,,1430.7,1.0,,,,
/player/solari-11974/,Solari G.,1447.1,1,,,1434.3,1.0,,,,
/player/roca-14557/,Roca M.,1447.1,1,1457.0,1.0,,,,,,
/player/dy-fac84/,Dy D.,1447.1,3,,,1478.9,2.0,,,,
/player/aytekin/,Aytekin M.,1447.0,6,1504.0,2.0,1449.8,3.0,1422.1,1.0,,
/player/maurice-f8403/,Maurice H.,1447.0,12,1514.2,2.0,1475.6,9.0,,,,
/player/pierro/,Pierro G.,1447.0,5,1565.7,1.0,1361.9,2.0,1504.6,2.0,,
/player/kushnir-2ddb9/,Kushnir A.,1447.0,1,1408.4,1.0,,,,,,
/player/shmeleva-0f6e5/,Shmeleva M.,1447.0,4,1450.7,4.0,,,,,,
/player/petrovic-45f95/,Petrovic D.,1447.0,30,,,1437.7,30.0,,,,
/player/hayen/,Hayen A.,1446.9,15,1481.2,3.0,1433.2,10.0,1503.1,2.0,,
/player/horattas/,Horattas N.,1446.9,3,,,1504.6,2.0,1434.3,1.0,,
/player/zoppas-355df/,Zoppas G.,1446.9,1,,,1428.6,1.0,,,,
/player/kang-665bd/,Kang K.,1446.9,5,1490.3,2.0,1404.9,3.0,,,,
/player/iotti-caabf/,Iotti F.,1446.8,1,,,1453.9,1.0,,,,
/player/savija/,Savija M.,1446.7,19,1483.4,4.0,1476.7,12.0,,,,
/player/bocchi-acddd/,Bocchi E.,1446.7,1,,,1443.5,1.0,,,,
/player/rua-1dbd5/,Rua D.,1446.7,1,,,1437.7,1.0,,,,
/player/porras-6a964/,Porras G.,1446.7,5,,,,,,,,
/player/kinaadman/,Kinaadman C.,1446.7,6,1504.2,4.0,1470.0,1.0,,,,
/player/d-ambrosio-43087/,D Ambrosio R.,1446.7,1,1461.5,1.0,,,,,,
/player/matveev/,Matveev I.,1446.6,1,,,1434.3,1.0,,,,
/player/fastre-boursinhac/,Fastre Boursinhac D.,1446.6,1,,,1425.0,1.0,,,,
/player/butollo/,Butollo R.,1446.6,1,,,,,,,,
/player/rabin/,Rabin S.,1446.6,1,,,1446.6,1.0,,,,
/player/myburgh-96bec/,Myburgh J.,1446.6,1,1434.3,1.0,,,,,,
/player/hoepfner/,Hoepfner M.,1446.6,1,,,1446.6,1.0,,,,
/player/rockstroh/,Rockstroh N.,1446.6,1,,,1446.6,1.0,,,,
/player/hofer-9dd14/,Hofer M.,1446.6,1,,,1446.6,1.0,,,,
/player/ayella/,Ayella S.,1446.6,1,,,,,,,,
/player/schorr/,Schorr R.,1446.6,1,,,,,,,,
/player/nedunchezhiyan/,Nedunchezhiyan J.,1446.5,1,1446.6,1.0,,,,,,
/player/prat-turro/,Prat Turro P.,1446.5,1,,,1421.1,1.0,,,,
/player/zhu-01df5/,Zhu S.,1446.5,18,1484.1,3.0,1420.6,12.0,1434.3,1.0,,
/player/faustini/,Faustini C.,1446.5,15,1518.3,6.0,1422.7,9.0,,,,
/player/yamada-dde50/,Yamada M.,1446.5,1,1445.6,1.0,,,,,,
/player/lentz-551f0/,Lentz L.,1446.4,1,,,1446.4,1.0,,,,
/player/shibutani-e0aad/,Shibutani T.,1446.4,8,1440.4,8.0,,,,,,
/player/suttisomboon/,Suttisomboon P.,1446.3,3,,,1445.6,3.0,,,,
/player/kirschner-bd885/,Kirschner F.,1446.3,1,,,1441.0,1.0,,,,
/player/sprecher-e92f7/,Sprecher F.,1446.3,1,,,,,1434.3,1.0,,
/player/ynakiewa/,Ynakiewa M.,1446.3,1,,,1429.2,1.0,,,,
/player/kwon-8595c/,Kwon M.,1446.2,3,1446.9,3.0,,,,,,
/player/amonov/,Amonov S.,1446.2,1,,,,,,,1434.3,1.0
/player/clemens-ec0d8/,Clemens J.,1446.2,9,1402.3,7.0,,,,,1506.8,2.0
/player/hollemans/,Hollemans S.,1446.2,14,,,1464.8,3.0,,,,
/player/hayrapetyan/,Hayrapetyan S.,1446.2,1,,,1422.1,1.0,,,,
/player/ciancaglini-rivera/,Ciancaglini Rivera N.,1446.2,1,,,1441.5,1.0,,,,
/player/suryana/,Suryana R.,1446.2,1,,,1439.2,1.0,,,,
/player/musetti-78f42/,Musetti C.,1446.1,2,1453.7,2.0,,,,,,
/player/del-carmine/,Del Carmine M.,1446.0,1,1434.3,1.0,,,,,,
/player/cui-e3035/,Cui X.,1446.0,1,1446.4,1.0,,,,,,
/player/pont-8eff2/,Pont S.,1446.0,5,,,,,,,,
/player/mertgens/,Mertgens N.,1445.9,1,,,1444.4,1.0,,,,
/player/pilet/,Pilet C.,1445.9,1,,,,,1434.3,1.0,,
/player/le-grange-b02ca/,Le Grange C.,1445.9,5,1461.5,5.0,,,,,,
/player/zada/,Zada M.,1445.9,1,,,1445.7,1.0,,,,
/player/wasserman-c15d7/,Wasserman E.,1445.9,5,,,,,,,,
/player/evans-cf2af/,Evans D.,1445.9,7,1434.3,1.0,1441.9,1.0,1461.5,5.0,,
/player/hongyu/,Hongyu Y.,1445.9,28,1398.7,8.0,1584.9,14.0,1553.4,1.0,,
/player/gonzalez-f9568/,Gonzalez F.,1445.9,3,1565.7,1.0,1384.7,2.0,,,,
/player/kimura-16f57/,Kimura M.,1445.9,1,1437.5,1.0,,,,,,
/player/sandwall-tornqvist/,Sandwall Tornqvist A.,1445.8,1,,,1444.3,1.0,,,,
/player/crncan/,Crncan H.,1445.8,1,,,1445.8,1.0,,,,
/player/vainikka-8b0cc/,Vainikka W.,1445.8,1,,,1446.1,1.0,,,,
/player/kiriwo/,Kiriwo M.,1445.8,3,,,,,,,,
/player/wright-f7249/,Wright M.,1445.8,25,1582.2,6.0,1430.5,13.0,1565.7,1.0,,
/player/von-duesterlho/,von Duesterlho S.,1445.7,1,,,1445.5,1.0,,,,
/player/betancourt-6c3f7/,Betancourt P.,1445.7,10,1425.0,4.0,1570.8,3.0,1504.6,2.0,,
/player/koneva/,Koneva P.,1445.7,5,1446.6,5.0,,,,,,
/player/pantic-crncevic/,Pantic Crncevic V.,1445.7,2,,,1414.8,2.0,,,,
/player/piot/,Piot T.,1445.7,1,,,,,,,,
/player/kim-7d676/,Kim S.,1445.6,7,1442.0,7.0,,,,,,
/player/cozbinov/,Cozbinov A.,1445.6,1,,,1443.1,1.0,,,,
/player/ajroud/,Ajroud Y.,1445.6,3,,,1459.5,3.0,,,,
/player/herbert-fa5ad/,Herbert P.,1445.6,22,1464.4,3.0,1422.3,14.0,1483.4,4.0,1480.0,1.0
/player/leeman/,Leeman D.,1445.5,21,1441.1,3.0,1635.6,7.0,1443.5,1.0,,
/player/javierre-romeo/,Javierre Romeo P.,1445.5,1,,,1439.9,1.0,,,,
/player/manrique-7ac8b/,Manrique M.,1445.5,3,,,1450.7,3.0,,,,
/player/jang-fae84/,Jang J.,1445.4,1,,,1436.5,1.0,,,,
/player/cinci/,Cinci M.,1445.4,1,1445.2,1.0,,,,,,
/player/schachter/,Schachter N.,1445.4,11,1405.0,2.0,1430.5,9.0,,,,
/player/krivokapic/,Krivokapic A.,1445.4,3,,,,,,,,
/player/hirose-5e254/,Hirose Y.,1445.3,17,1611.3,2.0,1423.0,14.0,,,,
/player/angus-b4a68/,Angus G.,1445.3,19,,,,,,,,
/player/swenson-69bb2/,Swenson S.,1445.3,1,,,1435.1,1.0,,,,
/player/markovic-565aa/,Markovic L.,1445.3,1,,,1442.6,1.0,,,,
/player/comaneci/,Comaneci C.,1445.3,1,,,1448.0,1.0,,,,
/player/foley-c1473/,Foley P.,1445.3,7,1559.4,3.0,1417.7,4.0,,,,
/player/olsson-7f292/,Olsson O.,1445.3,1,,,1409.3,1.0,,,,
/player/artemev/,Artemev S.,1445.3,3,,,1440.7,3.0,,,,
/player/rusnackova/,Rusnackova R.,1445.2,1,,,1434.5,1.0,,,,
/player/kawachi/,Kawachi K.,1445.1,30,1571.8,5.0,1515.1,15.0,1434.3,1.0,,
/player/gournay/,Gournay E.,1445.1,1,1445.9,1.0,,,,,,
/player/haddorff/,Haddorff T.,1445.1,1,1456.9,1.0,,,,,,
/player/borba/,Borba J.,1445.1,1,,,1441.9,1.0,,,,
/player/djurickovic/,Djurickovic G.,1445.1,10,,,1444.0,10.0,,,,
/player/talin-maiz/,Talin Maiz R.,1445.0,1,,,1451.5,1.0,,,,
/player/gruenig-a0544/,Gruenig M.,1445.0,2,,,1440.5,2.0,,,,
/player/maye-martinez/,Maye Martinez A.,1445.0,20,1519.3,13.0,1455.8,7.0,,,,
/player/alwazer/,Alwazer F.,1445.0,1,,,,,,,1434.3,1.0
/player/gerr/,Gerr G.,1444.9,1,,,1443.6,1.0,,,,
/player/umuhoza/,Umuhoza K.,1444.9,4,,,1472.7,4.0,,,,
/player/camus-f38ff/,Camus T.,1444.9,3,,,1433.8,3.0,,,,
/player/bakonyi-0a321/,Bakonyi D.,1444.9,1,1424.2,1.0,,,,,,
/player/oyen/,Oyen S.,1444.9,1,,,1445.0,1.0,,,,
/player/gomez-ayala/,Gomez Ayala D.,1444.9,1,1443.6,1.0,,,,,,
/player/de-angelis-822df/,De Angelis G.,1444.9,4,,,1443.3,4.0,,,,
/player/huysmans/,Huysmans A.,1444.9,23,1465.4,3.0,1427.6,6.0,1615.3,2.0,,
/player/bulesheva/,Bulesheva L.,1444.8,4,1476.8,4.0,,,,,,
/player/cornaz/,Cornaz C.,1444.8,1,,,1435.8,1.0,,,,
/player/cidade-martins/,Cidade Martins P.,1444.8,1,,,1438.4,1.0,,,,
/player/voegele/,Voegele S.,1444.8,5,,,1445.1,5.0,,,,
/player/oikawa-torres/,Oikawa Torres I.,1444.8,1,,,1444.0,1.0,,,,
/player/adamczewska/,Adamczewska M.,1444.8,1,1445.7,1.0,,,,,,
/player/staley/,Staley J.,1444.8,49,1445.3,30.0,1484.7,3.0,,,,
/player/borez/,Borez L.,1444.8,1,1448.7,1.0,,,,,,
/player/bazan-95c7c/,Bazan L.,1444.8,1,,,,,,,,
/player/smrcka/,Smrcka J.,1444.7,1,,,,,,,,
/player/correia-20255/,Correia L.,1444.7,1,,,1443.7,1.0,,,,
/player/opris/,Opris M.,1444.7,5,,,1434.2,5.0,,,,
/player/bhatia-81511/,Bhatia D.,1444.7,17,1393.0,12.0,1493.2,2.0,,,1549.8,3.0
/player/trklja-19238/,Trklja A.,1444.7,6,,,1517.8,2.0,,,,
/player/parres-azcoitia/,Parres Azcoitia O.,1444.6,3,1448.2,3.0,,,,,,
/player/padilla-cote/,Padilla Cote S.,1444.6,3,,,,,,,,
/player/lu-94829/,Lu H.,1444.6,8,1517.4,2.0,1428.4,5.0,,,,
/player/grymalska/,Grymalska A.,1444.6,1,,,1443.5,1.0,,,,
/player/oyhagaray/,Oyhagaray J.,1444.6,1,,,1444.6,1.0,,,,
/player/pham-la-hoang-anh/,Pham La Hoang Anh A.,1444.6,3,,,,,,,,
/player/gomes-92f83/,Gomes C.,1444.6,1,1437.4,1.0,,,,,,
/player/lupean/,Lupean C.,1444.5,1,1448.8,1.0,,,,,,
/player/brunzlow/,Brunzlow N.,1444.4,1,1434.3,1.0,,,,,,
/player/kuptsova/,Kuptsova N.,1444.4,1,,,1429.0,1.0,,,,
/player/chikaraishi/,Chikaraishi Y.,1444.4,17,1442.0,17.0,,,,,,
/player/gilon/,Gilon U.,1444.4,1,1444.8,1.0,,,,,,
/player/aronsson/,Aronsson L.,1444.4,1,,,1444.4,1.0,,,,
/player/safi-0af75/,Safi S.,1444.3,3,1480.5,2.0,,,,,,
/player/roussignol/,Roussignol A.,1444.3,1,,,1449.6,1.0,,,,
/player/szabo-88399/,Szabo L.,1444.3,3,,,1444.3,3.0,,,,
/player/maislinger/,Maislinger N.,1444.3,4,1442.7,1.0,1512.8,2.0,,,,
/player/robertson-d09cc/,Robertson E.,1444.2,7,1493.2,2.0,,,,,,
/player/seidel/,Seidel E.,1444.2,31,1391.9,8.0,1465.1,14.0,1392.2,5.0,,
/player/rey-ba0c7/,Rey T.,1444.2,1,,,1455.2,1.0,,,,
/player/ito-eeb6b/,Ito Y.,1444.2,1,,,1442.9,1.0,,,,
/player/urbanski-d8ba0/,Urbanski J.,1444.2,1,,,,,,,,
/player/meyers-cd760/,Meyers N.,1444.2,1,,,1455.2,1.0,,,,
/player/nielsen-cd30b/,Nielsen E.,1444.1,1,1434.3,1.0,,,,,,
/player/giardi/,Giardi T.,1444.1,3,,,,,,,,
/player/benatia/,Benatia B.,1444.1,1,1444.2,1.0,,,,,,
/player/gibson-dfffe/,Gibson J.,1444.1,3,,,,,1446.5,3.0,,
/player/lamine/,Lamine T.,1444.1,1,,,1450.4,1.0,,,,
/player/fanselow-fef29/,Fanselow S.,1444.1,7,,,1435.9,7.0,,,,
/player/ingalsbe/,Ingalsbe A.,1444.0,1,,,,,,,,
/player/bezianis/,Bezianis A.,1444.0,6,1523.5,2.0,1465.8,4.0,,,,
/player/taskovic/,Taskovic S.,1444.0,3,1489.2,2.0,1434.3,1.0,,,,
/player/chodur/,Chodur A.,1444.0,9,,,,,,,,
/player/castro-fabra/,Castro Fabra M.,1444.0,11,1422.1,1.0,1625.7,4.0,1553.4,1.0,,
/player/ribeiro-1229e/,Ribeiro M.,1444.0,1,1434.3,1.0,,,,,,
/player/shapiro-fd7c8/,Shapiro M.,1444.0,1,1434.3,1.0,,,,,,
/player/gill-ed74d/,Gill B.,1443.9,1,,,1443.9,1.0,,,,
/player/balj/,Balj A.,1443.9,1,,,1422.8,1.0,,,,
/player/vanderheyden/,Vanderheyden E.,1443.9,1,,,,,,,1434.3,1.0
/player/dzhavakian/,Dzhavakian Y.,1443.9,37,1374.3,14.0,1530.4,22.0,1434.3,1.0,,
/player/kokotuha/,Kokotuha D.,1443.9,5,1444.6,5.0,,,,,,
/player/vermeer-01ee0/,Vermeer W.,1443.9,17,1426.0,6.0,1440.1,7.0,1565.7,1.0,,
/player/godsick/,Godsick N.,1443.9,22,1508.2,2.0,1374.6,9.0,1565.7,1.0,,
/player/martin-mangas/,Martin Mangas P.,1443.8,1,,,,,1457.3,1.0,,
/player/rossinol/,Rossinol E.,1443.8,1,1446.8,1.0,,,,,,
/player/penev-d689a/,Penev G.,1443.8,1,1422.4,1.0,,,,,,
/player/vanek-81f5f/,Vanek D.,1443.7,3,,,1388.6,2.0,,,,
/player/tesic-ce7e1/,Tesic D.,1443.7,1,,,1432.1,1.0,,,,
/player/pokotilov/,Pokotilov B.,1443.7,5,,,1445.4,1.0,1447.2,3.0,,
/player/williams-83f74/,Williams S.,1443.7,22,1248.7,9.0,1537.2,10.0,,,1446.5,3.0
/player/kadangah-kili-5fa34/,Kadangah Kili J.,1443.7,1,1445.4,1.0,,,,,,
/player/semenov-e699d/,Semenov D.,1443.6,1,,,,,1434.3,1.0,,
/player/wilmot/,Wilmot T.,1443.6,3,1446.7,3.0,,,,,,
/player/cozar/,Cozar M.,1443.6,1,,,1443.6,1.0,,,,
/player/gu-a17c9/,Gu J.,1443.6,5,1424.3,1.0,1439.6,3.0,,,,
/player/mcphillips/,McPhillips K.,1443.6,1,,,1443.6,1.0,,,,
/player/vignali/,Vignali A.,1443.6,1,,,1457.3,1.0,,,,
/player/kowal/,Kowal K.,1443.6,1,,,1457.1,1.0,,,,
/player/dupanloup/,Dupanloup E.,1443.6,1,,,1422.1,1.0,,,,
/player/rosei/,Rosei R.,1443.6,1,,,,,,,,
/player/spizzirri/,Spizzirri E.,1443.6,1,,,1448.3,1.0,,,,
/player/carneiro-e1e80/,Carneiro R.,1443.5,1,,,1446.4,1.0,,,,
/player/sari-a2ebb/,Sari P.,1443.5,16,1460.1,16.0,,,,,,
/player/lesniak-76cf3/,Lesniak A.,1443.5,1,,,1445.0,1.0,,,,
/player/sakharov/,Sakharov G.,1443.5,4,,,1451.6,4.0,,,,
/player/charlot-kolb/,Charlot Kolb A.,1443.5,3,,,1447.5,3.0,,,,
/player/mitevska/,Mitevska A.,1443.5,6,,,1558.5,3.0,,,,
/player/koh-c3e24/,Koh L.,1443.5,1,1444.5,1.0,,,,,,
/player/raber/,Raber A.,1443.4,1,1419.5,1.0,,,,,,
/player/hasegawa-9a452/,Hasegawa M.,1443.4,6,1444.6,6.0,,,,,,
/player/lefter-51064/,Lefter T.,1443.4,4,,,1396.1,2.0,,,,
/player/jimoh-09b60/,Jimoh J.,1443.4,3,,,1422.6,3.0,,,,
/player/martinez-serrano/,Martinez Serrano M.,1443.4,3,,,1444.8,3.0,,,,
/player/paredes-perez/,Paredes Perez M.,1443.4,14,1389.4,7.0,1566.9,7.0,,,,
/player/in-albon/,In-Albon Y.,1443.4,4,,,1433.4,4.0,,,,
/player/basel-1cc94/,Basel M.,1443.4,3,1434.3,1.0,1487.4,2.0,,,,
/player/ziatdinova/,Ziatdinova A.,1443.3,6,1480.8,5.0,,,,,1434.3,1.0
/player/blazkova/,Blazkova K.,1443.3,11,1450.2,4.0,1484.5,7.0,,,,
/player/odorizzi/,Odorizzi C.,1443.3,28,1519.8,20.0,1309.9,8.0,,,,
/player/rangelova/,Rangelova A.,1443.3,2,,,1442.9,2.0,,,,
/player/ciuhrii/,Ciuhrii A.,1443.3,1,,,1442.7,1.0,,,,
/player/latinovic/,Latinovic S.,1443.3,7,1434.3,1.0,1437.6,6.0,,,,
/player/dujka/,Dujka D.,1443.3,1,,,1423.3,1.0,,,,
/player/panzo/,Panzo K.,1443.3,5,1509.5,2.0,1495.2,2.0,,,,
/player/stuchlik/,Stuchlik O.,1443.3,1,,,1437.5,1.0,,,,
/player/ito-b06ef/,Ito T.,1443.3,8,1453.9,3.0,1434.3,1.0,1549.9,3.0,,
/player/geznenge-7621b/,Geznenge M.,1443.2,1,,,1447.0,1.0,,,,
/player/giannessi/,Giannessi A.,1443.2,2,,,1433.4,2.0,,,,
/player/de-la-pezuela/,De La Pezuela D.,1443.2,3,,,1400.1,2.0,,,,
/player/pescosolido-54e0a/,Pescosolido M.,1443.2,1,,,1439.1,1.0,,,,
/player/lanza-9d964/,Lanza R.,1443.1,3,1488.6,2.0,1434.3,1.0,,,,
/player/pochtovyk/,Pochtovyk K.,1443.1,16,1478.8,3.0,1411.4,13.0,,,,
/player/ackermann-8ccb8/,Ackermann L.,1443.1,1,,,1444.1,1.0,,,,
/player/su-9bc20/,Su S.,1443.1,1,,,1443.5,1.0,,,,
/player/faizy/,Faizy R.,1443.1,3,1443.1,3.0,,,,,,
/player/kolb-8810d/,Kolb M.,1443.0,1,,,,,1434.3,1.0,,
/player/krejsova-d6bba/,Krejsova P.,1443.0,1,,,1440.5,1.0,,,,
/player/jati-sanjaya/,Jati Sanjaya G.,1443.0,1,1441.3,1.0,,,,,,
/player/khune/,Khune I.,1443.0,1,,,1443.0,1.0,,,,
/player/mazzoni-06a7e/,Mazzoni J.,1443.0,7,1443.5,3.0,1490.7,4.0,,,,
/player/gaule/,Gaule A.,1443.0,1,1422.1,1.0,,,,,,
/player/petrovic-904c8/,Petrovic L.,1443.0,4,1434.3,1.0,1458.6,3.0,,,,
/player/ljubicic-8ec5f/,Ljubicic L.,1443.0,1,,,,,1435.2,1.0,,
/player/yu-28f4c/,Yu R.,1442.9,5,1449.8,5.0,,,,,,
/player/nikolic-61509/,Nikolic J.,1442.9,1,,,,,1457.3,1.0,,
/player/krokhotina/,Krokhotina V.,1442.9,13,1538.8,3.0,1481.1,4.0,,,,
/player/quesada-oyonarte/,Quesada Oyonarte M.,1442.9,4,,,1416.4,4.0,,,,
/player/reifeiss/,Reifeiss C.,1442.9,1,1441.1,1.0,,,,,,
/player/kabdesh/,Kabdesh M.,1442.8,5,,,1441.7,5.0,,,,
/player/oktay-97bea/,Oktay R.,1442.8,4,1426.4,1.0,1494.3,3.0,,,,
/player/na-a7422/,Na W.,1442.8,5,,,1447.0,5.0,,,,
/player/blagojevic-d20da/,Blagojevic A.,1442.8,3,1436.9,1.0,1556.8,1.0,,,,
/player/delgado-f68aa/,Delgado G.,1442.7,1,1445.4,1.0,,,,,,
/player/james-4eeb1/,James A.,1442.7,1,,,1442.7,1.0,,,,
/player/williams-8a3c4/,Williams A.,1442.7,3,,,1430.8,3.0,,,,
/player/pastuszka/,Pastuszka M.,1442.7,1,,,1438.3,1.0,,,,
/player/arribage/,Arribage T.,1442.6,1,,,,,,,1434.3,1.0
/player/iffland/,Iffland T.,1442.6,1,,,1434.3,1.0,,,,
/player/yazdani-b82b1/,Yazdani Y.,1442.6,3,1443.2,3.0,,,,,,
/player/kispotta/,Kispotta N.,1442.6,4,1430.8,4.0,,,,,,
/player/esculcas/,Esculcas T.,1442.6,1,,,1445.5,1.0,,,,
/player/houille/,Houille O.,1442.6,1,,,1435.4,1.0,,,,
/player/antolinc/,Antolinc S.,1442.5,1,,,1444.6,1.0,,,,
/player/rohseano-e1c7f/,Rohseano T.,1442.5,1,,,,,1457.3,1.0,,
/player/nakano-abf3d/,Nakano R.,1442.5,25,1503.0,2.0,1430.9,16.0,1446.5,3.0,,
/player/bajrovic/,Bajrovic T.,1442.5,10,1493.2,2.0,1454.6,7.0,,,,
/player/arnautovic-92c87/,Arnautovic L.,1442.5,4,1438.6,4.0,,,,,,
/player/vimuktananda/,Vimuktananda V.,1442.4,1,1434.3,1.0,,,,,,
/player/saafi/,Saafi R.,1442.4,1,1445.7,1.0,,,,,,
/player/crisostomo-ad3fa/,Crisostomo G.,1442.4,32,1458.5,11.0,1488.6,19.0,1566.5,1.0,,
/player/vial-60664/,Vial C.,1442.4,1,,,,,,,1434.3,1.0
/player/fujiwara-7da85/,Fujiwara T.,1442.4,6,,,,,,,,
/player/velaga-7ed17/,Velaga E.,1442.4,1,1435.4,1.0,,,,,,
/player/ibarrondo-suarez/,Ibarrondo Suarez I.,1442.3,6,1434.3,1.0,1469.2,3.0,1504.6,2.0,,
/player/tenil/,Tenil T.,1442.3,1,,,1434.3,1.0,,,,
/player/foerster/,Foerster M.,1442.3,4,,,,,,,,
/player/sugiyama-6f8d9/,Sugiyama Y.,1442.3,15,1434.4,15.0,,,,,,
/player/garavi-yepez/,Garavi Yepez R.,1442.3,6,1492.3,2.0,1436.0,3.0,1434.3,1.0,,
/player/lansaman/,Lansaman V.,1442.3,1,,,1441.0,1.0,,,,
/player/smith-f399c/,Smith H.,1442.3,3,,,1451.7,3.0,,,,
/player/glaser-abb90/,Glaser E.,1442.3,8,1537.9,5.0,1387.4,3.0,,,,
/player/nask/,Nask J.,1442.2,10,1493.2,2.0,,,,,,
/player/bibiloni-1b3ca/,Bibiloni M.,1442.2,1,,,1435.0,1.0,,,,
/player/egea-d47bc/,Egea F.,1442.2,3,,,,,,,,
/player/marat/,Marat A.,1442.1,1,1441.9,1.0,,,,,,
/player/gunawan-6f686/,Gunawan E.,1442.1,1,,,1465.4,1.0,,,,
/player/collinson/,Collinson J.,1442.1,1,,,1441.9,1.0,,,,
/player/bravos/,Bravos I.,1442.0,3,1435.4,3.0,,,,,,
/player/pla-martinell/,Pla Martinell J.,1442.0,1,,,1442.0,1.0,,,,
/player/sackflame/,Sackflame A.,1442.0,1,1443.6,1.0,,,,,,
/player/bozinovska-863c9/,Bozinovska J.,1442.0,3,,,1481.5,2.0,,,,
/player/kovalchuk-b882c/,Kovalchuk K.,1442.0,1,,,1438.4,1.0,,,,
/player/hyun-2f182/,Hyun J.,1441.9,1,1442.4,1.0,,,,,,
/player/oster/,Oster S.,1441.9,7,1390.6,2.0,1484.7,4.0,,,,
/player/barriga-martinez/,Barriga Martinez J.,1441.9,3,1446.8,1.0,1472.3,2.0,,,,
/player/benabderrazik/,Benabderrazik A.,1441.8,1,1422.1,1.0,,,,,,
/player/krans/,Krans I.,1441.8,8,1435.7,1.0,1495.2,4.0,1565.7,1.0,,
/player/daughters/,Daughters P.,1441.8,12,1436.4,10.0,,,,,,
/player/zimmermann-50260/,Zimmermann T.,1441.7,3,1565.7,1.0,1373.3,2.0,,,,
/player/bunjes/,Bunjes M.,1441.7,1,,,,,,,,
/player/oliinyk/,Oliinyk I.,1441.7,1,,,,,,,,
/player/ye-d389a/,Ye S.,1441.7,11,1375.4,3.0,1525.1,8.0,,,,
/player/carreras-medina/,Carreras Medina V.,1441.7,4,1464.2,3.0,1446.9,1.0,,,,
/player/bovara/,Bovara M.,1441.7,1,,,1411.9,1.0,,,,
/player/hernando-c7c70/,Hernando N.,1441.6,1,,,,,1434.3,1.0,,
/player/plosnik/,Plosnik E.,1441.6,26,1506.5,14.0,1423.0,12.0,,,,
/player/borisov-38d1c/,Borisov G.,1441.6,3,,,,,1495.4,2.0,,
/player/egashira/,Egashira S.,1441.6,1,,,1456.5,1.0,,,,
/player/haavisto-fc354/,Haavisto M.,1441.6,1,1446.5,1.0,,,,,,
/player/almaleh/,Almaleh I.,1441.5,1,,,1442.3,1.0,,,,
/player/battle-029b9/,Battle L.,1441.5,13,1464.5,1.0,,,,,,
/player/feldmane/,Feldmane D.,1441.5,14,1427.1,11.0,1569.3,3.0,,,,
/player/agnew/,Agnew K.,1441.4,1,,,1434.3,1.0,,,,
/player/noisternig/,Noisternig N.,1441.4,1,1455.4,1.0,,,,,,
/player/lim-136f7/,Lim A.,1441.4,4,1444.3,4.0,,,,,,
/player/pastorini/,Pastorini A.,1441.4,1,,,1441.4,1.0,,,,
/player/sala-gimez/,Sala Gimez M.,1441.3,1,,,1443.8,1.0,,,,
/player/alekseeva-e5dfd/,Alekseeva S.,1441.2,14,1428.7,6.0,1502.4,8.0,,,,
/player/gevorgyan-0c211/,Gevorgyan E.,1441.2,1,,,1441.3,1.0,,,,
/player/nicolae-3bdce/,Nicolae C.,1441.2,3,,,1444.7,3.0,,,,
/player/chepkemei-yego/,Chepkemei Yego S.,1441.2,6,,,1386.9,2.0,,,,
/player/saidov/,Saidov S.,1441.1,5,1504.6,2.0,1432.3,3.0,,,,
/player/cha-560ac/,Cha Y.,1441.1,6,1442.3,6.0,,,,,,
/player/arseneault-4e07b/,Arseneault N.,1441.1,15,1375.6,10.0,1485.8,3.0,1490.3,2.0,,
/player/dagan-fruchtman/,Dagan Fruchtman M.,1441.1,3,,,,,,,,
/player/jiang-f7a1b/,Jiang X.,1441.1,1,,,1418.6,1.0,,,,
/player/kyjaci/,Kyjaci S.,1441.0,12,1412.1,2.0,1473.2,4.0,1626.7,2.0,,
/player/klys/,Klys N.,1441.0,22,1341.8,4.0,1498.3,18.0,,,,
/player/svarc-80c05/,Svarc L.,1440.9,1,1425.6,1.0,,,,,,
/player/durrer-7fb2c/,Durrer G.,1440.9,5,,,1424.1,1.0,,,,
/player/moravcova/,Moravcova A.,1440.9,3,,,1413.9,3.0,,,,
/player/deden-d134b/,Deden B.,1440.8,1,,,1436.3,1.0,,,,
/player/ivanov-fb6c5/,Ivanov M.,1440.8,25,1429.8,4.0,1562.2,12.0,1434.3,1.0,,
/player/bueso/,Bueso M.,1440.8,1,,,1445.3,1.0,,,,
/player/garot/,Garot J.,1440.8,1,,,,,,,,
/player/bista-68280/,Bista S.,1440.8,1,,,,,,,1434.3,1.0
/player/riffo-luco/,Riffo Luco A.,1440.8,1,,,1441.7,1.0,,,,
/player/chiudinelli/,Chiudinelli M.,1440.7,1,,,1440.8,1.0,,,,
/player/kristyan/,Kristyan I.,1440.7,1,1442.1,1.0,,,,,,
/player/radu-c3d4d/,Radu C.,1440.7,1,,,,,1434.3,1.0,,
/player/delnido/,Delnido M.,1440.7,3,1504.6,2.0,1434.3,1.0,,,,
/player/blaydes-6ce9c/,Blaydes F.,1440.6,3,,,,,1447.2,3.0,,
/player/maassen/,Maassen G.,1440.6,3,,,1389.2,2.0,,,,
/player/gribaldo/,Gribaldo M.,1440.6,1,,,1445.8,1.0,,,,
/player/kincses-05d6e/,Kincses K.,1440.6,6,1504.6,2.0,1486.9,2.0,1504.6,2.0,,
/player/gharib/,Gharib C.,1440.5,5,1493.2,2.0,1434.3,1.0,1565.7,1.0,,
/player/conway-9fd05/,Conway H.,1440.5,5,,,,,,,,
/player/samardzic-a27ce/,Samardzic K.,1440.5,1,,,1436.9,1.0,,,,
/player/buerkle/,Buerkle I.,1440.5,1,1433.2,1.0,,,,,,
/player/carron/,Carron V.,1440.5,5,,,1425.9,5.0,,,,
/player/celeri/,Celeri G.,1440.5,1,,,1428.2,1.0,,,,
/player/bulitski/,Bulitski A.,1440.5,2,,,1434.6,2.0,,,,
/player/testart/,Testart M.,1440.5,1,,,1442.2,1.0,,,,
/player/cho-5dd55/,Cho S.,1440.4,1,1439.9,1.0,,,,,,
/player/nakanishi-10efe/,Nakanishi K.,1440.4,9,,,,,,,,
/player/yakoff/,Yakoff S.,1440.4,1,1432.8,1.0,,,,,,
/player/vesantera-brandao/,Vesantera Brandao T.,1440.4,1,1420.1,1.0,,,,,,
/player/martinez-morel/,Martinez Morel F.,1440.4,1,1428.8,1.0,,,,,,
/player/froberg-dahlin/,Froberg Dahlin M.,1440.4,1,1436.3,1.0,,,,,,
/player/dodooglu-ef83a/,Dodooglu E.,1440.4,1,,,1434.3,1.0,,,,
/player/brecko/,Brecko A.,1440.3,1,,,,,,,,
/player/aahan/,Aahan A.,1440.3,1,1449.2,1.0,,,,,,
/player/picorusevic/,Picorusevic E.,1440.3,15,,,1435.0,11.0,,,,
/player/dubreuil/,Dubreuil A.,1440.3,1,,,1455.3,1.0,,,,
/player/lasfargeas/,Lasfargeas D.,1440.3,3,1501.3,2.0,1448.8,1.0,,,,
/player/ghica/,Ghica A.,1440.3,3,,,1431.0,3.0,,,,
/player/yang-e96c4/,Yang R.,1440.2,1,,,,,,,1453.7,1.0
/player/zarlenga/,Zarlenga B.,1440.2,3,,,1494.4,2.0,,,,
/player/szoke-a5c6d/,Szoke A.,1440.2,17,1410.3,7.0,1386.5,8.0,,,,
/player/sziklai/,Sziklai E.,1440.2,1,,,1446.6,1.0,,,,
/player/burbo/,Burbo G.,1440.2,1,,,1448.2,1.0,,,,
/player/cerqueira-carvalho-farias-lima/,Cerqueira Carvalho Far,1440.2,5,1485.1,4.0,1441.9,1.0,,,,
/player/williams-00706/,Williams Z.,1440.1,3,1444.5,3.0,,,,,,
/player/zapata-miralles/,Zapata Miralles B.,1440.1,2,,,1438.9,2.0,,,,
/player/myatovic/,Myatovic J.,1440.0,27,1567.7,19.0,1391.3,6.0,,,1410.1,2.0
/player/ying/,Ying J.,1440.0,1,1431.4,1.0,,,,,,
/player/hajrizi/,Hajrizi A.,1440.0,1,,,,,,,,
/player/terzoli/,Terzoli R.,1440.0,2,1470.3,1.0,1443.4,1.0,,,,
/player/angelovska/,Angelovska J.,1440.0,1,,,1434.5,1.0,,,,
/player/portnoy-f9dd4/,Portnoy E.,1440.0,1,1429.9,1.0,,,,,,
/player/hoang-56312/,Hoang D.,1439.9,1,,,1426.5,1.0,,,,
/player/tran-dd3d4/,Tran J.,1439.9,1,,,1443.6,1.0,,,,
/player/dagda-mireles/,Dagda Míreles N.,1439.9,1,,,1416.2,1.0,,,,
/player/kohl-ac8e9/,Kohl T.,1439.9,3,1449.4,3.0,,,,,,
/player/szajrych/,Szajrych J.,1439.9,6,1434.3,1.0,1510.4,4.0,,,,
/player/page-b7563/,Page O.,1439.9,1,,,1445.9,1.0,,,,
/player/zhao-247cf/,Zhao C.,1439.9,1,,,,,,,1446.6,1.0
/player/kostova-54477/,Kostova A.,1439.8,21,,,1433.4,21.0,,,,
/player/li-1dd6c/,Li X.,1439.8,34,1410.2,25.0,1458.7,3.0,,,1545.8,6.0
/player/molaoa-8ed36/,Molaoa M.,1439.8,1,1443.7,1.0,,,,,,
/player/munoz-bcd5c/,Munoz D.,1439.8,7,1468.2,2.0,1352.7,4.0,,,,
/player/neagos/,Neagos E.,1439.7,1,1422.1,1.0,,,,,,
/player/petkovic-f2b47/,Petkovic A.,1439.7,3,,,1440.6,3.0,,,,
/player/catapane/,Catapane G.,1439.7,1,,,1446.6,1.0,,,,
/player/berto-bosca/,Berto Bosca P.,1439.7,3,1435.7,1.0,1472.1,2.0,,,,
/player/cuong/,Cuong T.,1439.7,2,1367.7,2.0,,,,,,
/player/valvasori/,Valvasori P.,1439.7,1,,,1443.6,1.0,,,,
/player/inostroza/,Inostroza F.,1439.7,1,,,,,,,,
/player/jauffret/,Jauffret C.,1439.6,31,1352.7,11.0,1631.6,17.0,,,1444.3,3.0
/player/bruscia/,Bruscia I.,1439.6,3,,,1389.0,2.0,,,,
/player/arkhipova-43d6e/,Arkhipova A.,1439.6,1,,,1442.9,1.0,,,,
/player/gojmerac/,Gojmerac L.,1439.6,1,,,1441.9,1.0,,,,
/player/ovcharenko-07c33/,Ovcharenko D.,1439.5,21,1435.3,5.0,1447.6,14.0,,,,
/player/ugel/,Ugel L.,1439.5,1,,,1433.4,1.0,,,,
/player/loor-1b2cd/,Loor J.,1439.5,3,,,,,,,,
/player/bouagila/,Bouagila E.,1439.5,1,,,1431.6,1.0,,,,
/player/freitas-ab712/,Freitas J.,1439.4,9,1501.0,4.0,1465.7,5.0,,,,
/player/tsatsakis/,Tsatsakis E.,1439.4,8,1498.0,4.0,1395.6,2.0,,,,
/player/caillat-df74a/,Caillat O.,1439.4,1,,,1424.6,1.0,,,,
/player/kostic-ba782/,Kostic T.,1439.3,8,1489.5,2.0,1448.0,6.0,,,,
/player/hebisch/,Hebisch L.,1439.3,5,,,1430.2,5.0,,,,
/player/fenyves/,Fenyves G.,1439.3,18,,,1455.2,18.0,,,,
/player/lopez-pascual/,Lopez Pascual E.,1439.3,3,,,1454.3,3.0,,,,
/player/gunnar/,Gunnar W.,1439.3,1,,,1410.3,1.0,,,,
/player/debrincat/,Debrincat J.,1439.3,6,1423.2,6.0,,,,,,
/player/avdic/,Avdic L.,1439.3,3,,,,,,,,
/player/krondell/,Krondell A.,1439.2,1,,,1441.2,1.0,,,,
/player/visser-6e524/,Visser M.,1439.2,24,1550.3,6.0,1436.3,16.0,1401.8,2.0,,
/player/longano/,Longano M.,1439.2,1,1415.4,1.0,,,,,,
/player/leroy-6fa4f/,Leroy S.,1439.2,1,,,,,,,1436.3,1.0
/player/varillas-0e96a/,Varillas R.,1439.2,21,1442.6,7.0,1521.7,8.0,1561.2,3.0,,
/player/kivanda/,Kivanda S.,1439.2,6,1384.7,2.0,1441.3,3.0,,,,
/player/vanhulst/,Vanhulst A.,1439.2,1,,,,,1446.6,1.0,,
/player/khabibrakhmanova/,Khabibrakhmanova S.,1439.2,4,,,,,,,,
/player/ali-baig/,Ali Baig M.,1439.1,2,,,1418.6,2.0,,,,
/player/carpenter-7c18c/,Carpenter E.,1439.1,1,,,1440.7,1.0,,,,
/player/djokovic-f84bf/,Djokovic B.,1439.1,3,1504.6,2.0,1430.3,1.0,,,,
/player/kovacs-sebestyen/,Kovacs-Sebestyen L.,1439.1,1,,,1439.1,1.0,,,,
/player/macababbad/,MacAbabbad D.,1439.1,20,1653.5,3.0,1412.5,7.0,,,,
/player/shulzhenko/,Shulzhenko S.,1439.1,7,,,,,,,,
/player/menichella/,Menichella S.,1439.1,7,1541.0,3.0,1471.9,2.0,,,,
/player/feng-40405/,Feng S.,1439.0,1,1443.7,1.0,,,,,,
/player/thompson-d0c47/,Thompson K.,1439.0,5,1453.5,1.0,1499.0,3.0,,,1434.3,1.0
/player/sabanin/,Sabanin Y.,1439.0,1,,,,,,,,
/player/asaba-95128/,Asaba A.,1439.0,4,,,,,,,,
/player/zunec/,Zunec K.,1439.0,1,,,,,1434.3,1.0,,
/player/rennard-0bec2/,Rennard M.,1439.0,9,,,,,,,,
/player/stamatova/,Stamatova J.,1438.9,34,1422.1,1.0,1421.4,23.0,,,,
/player/deriu-206b2/,Deriu G.,1438.9,1,1438.8,1.0,,,,,,
/player/da-cruz-mendonca/,Da Cruz Mendonca S.,1438.9,12,1505.5,4.0,1380.0,8.0,,,,
/player/malecki/,Malecki S.,1438.8,9,,,1605.1,2.0,,,,
/player/steinerova/,Steinerova S.,1438.8,1,,,1434.3,1.0,,,,
/player/alkotop-725e9/,Alkotop M.,1438.8,4,,,,,,,1434.3,1.0
/player/rust-e67cf/,Rust D.,1438.8,1,,,1438.2,1.0,,,,
/player/ecker-7816a/,Ecker E.,1438.8,1,1434.3,1.0,,,,,,
/player/busnel/,Busnel L.,1438.8,3,,,1451.3,3.0,,,,
/player/narendran/,Narendran T.,1438.8,3,1448.1,3.0,,,,,,
/player/odrobina/,Odrobina A.,1438.7,1,,,1437.4,1.0,,,,
/player/shi-fba94/,Shi M.,1438.7,1,,,,,,,,
/player/im-a2680/,Im J.,1438.7,1,,,,,1434.3,1.0,,
/player/fernandez-c791f/,Fernandez J.,1438.7,5,1565.7,1.0,1402.3,4.0,,,,
/player/lima-guzman/,Lima Guzman J.,1438.6,1,,,1413.6,1.0,,,,
/player/siychanov/,Siychanov N.,1438.6,4,1523.1,2.0,1392.3,2.0,,,,
/player/valdez-cc6a1/,Valdez R.,1438.6,3,,,,,,,,
/player/garcia-gonzalez-6880d/,Garcia Gonzalez M.,1438.6,3,,,1430.4,3.0,,,,
/player/vazquez-valles/,Vazquez Valles M.,1438.6,3,1475.7,2.0,1449.3,1.0,,,,
/player/woell/,Woell F.,1438.5,1,,,1438.5,1.0,,,,
/player/zhang-52cba/,Zhang Z.,1438.5,9,1429.3,7.0,,,,,1493.2,2.0
/player/monoyios/,Monoyios A.,1438.5,1,1431.1,1.0,,,,,,
/player/hsu-323e0/,Hsu J.,1438.5,6,1615.3,2.0,1428.6,2.0,1434.3,1.0,,
/player/stayt-fb55f/,Stayt K.,1438.5,3,1438.5,3.0,,,,,,
/player/mackay-westling/,Mackay Westling N.,1438.5,1,,,1435.2,1.0,,,,
/player/millan-tejedor/,Millan Tejedor J.,1438.5,1,,,1433.9,1.0,,,,
/player/mladenovic-a272c/,Mladenovic L.,1438.5,1,,,,,1434.3,1.0,,
/player/ouahabi-4bc0d/,Ouahabi O.,1438.5,1,,,,,1434.3,1.0,,
/player/dallas-0f8c7/,Dallas E.,1438.4,1,,,,,1434.3,1.0,,
/player/barreto-scholz/,Barreto Scholz S.,1438.4,7,,,1454.0,7.0,,,,
/player/koprivova-3d6bf/,Koprivova N.,1438.4,27,1424.5,1.0,1482.8,15.0,,,,
/player/lo-pumo/,Lo Pumo M.,1438.4,11,,,1421.2,11.0,,,,
/player/zaplawa/,Zaplawa A.,1438.4,1,,,1435.5,1.0,,,,
/player/martin-99ec0/,Martin H.,1438.4,1,,,1431.1,1.0,,,,
/player/schiebelhut/,Schiebelhut H.,1438.3,1,,,,,,,,
/player/sachdev-11e39/,Sachdev R.,1438.2,22,1453.5,1.0,1523.8,5.0,,,,
/player/madeiros/,Madeiros S.,1438.2,5,,,,,,,,
/player/longpre/,Longpre M.,1438.2,3,1437.6,3.0,,,,,,
/player/duerlinger/,Duerlinger F.,1438.1,1,,,1429.3,1.0,,,,
/player/isbruch/,Isbruch F.,1438.1,1,,,1434.3,1.0,,,,
/player/thapliyag/,Thapliyag V.,1438.1,8,1434.2,1.0,1454.8,6.0,,,,
/player/kozlov-4db12/,Kozlov A.,1438.0,8,1565.7,1.0,1468.5,5.0,,,,
/player/zhu-a6b7e/,Zhu Z.,1438.0,1,1434.3,1.0,,,,,,
/player/kose/,Kose C.,1438.0,1,1421.4,1.0,,,,,,
/player/wierzbicki-b19fc/,Wierzbicki O.,1437.9,7,1480.7,2.0,1453.5,1.0,1561.2,3.0,,
/player/vallier/,Vallier N.,1437.9,1,,,1434.3,1.0,,,,
/player/barreiros/,Barreiros M.,1437.9,1,,,1446.6,1.0,,,,
/player/ngijol-carre-35142/,Ngijol Carre P.,1437.8,10,1555.2,5.0,1366.5,2.0,1434.3,1.0,,
/player/gaxherri/,Gaxherri S.,1437.8,1,,,1434.3,1.0,,,,
/player/miyata-d16b2/,Miyata M.,1437.8,21,1458.2,20.0,,,,,1453.7,1.0
/player/yurekli/,Yurekli D.,1437.7,3,,,1493.0,2.0,,,,
/player/cohen-bdc89/,Cohen E.,1437.7,1,1446.7,1.0,,,,,,
/player/major-53d13/,Major A.,1437.7,10,1504.6,2.0,1381.2,2.0,,,,
/player/ionescu-5c7c9/,Ionescu E.,1437.6,4,1533.5,2.0,,,,,1391.2,2.0
/player/salvador-37943/,Salvador B.,1437.6,1,,,1427.4,1.0,,,,
/player/alhorn-081f1/,Alhorn S.,1437.6,1,,,1437.3,1.0,,,,
/player/jang-e6c87/,Jang J.,1437.6,1,,,1439.4,1.0,,,,
/player/abdellatif/,Abdellatif Y.,1437.6,8,1438.1,3.0,1453.1,5.0,,,,
/player/regier/,Regier A.,1437.6,1,,,,,,,,
/player/puech/,Puech T.,1437.6,1,,,,,1434.3,1.0,,
/player/malumo/,Malumo K.,1437.6,1,1437.0,1.0,,,,,,
/player/kulpin/,Kulpin R.,1437.6,1,,,,,,,,
/player/tsai-4fe1c/,Tsai C.,1437.6,2,1469.7,1.0,1446.1,1.0,,,,
/player/linley/,Linley T.,1437.6,19,1420.1,4.0,1491.3,11.0,1565.7,1.0,,
/player/vargas-cdd29/,Vargas P.,1437.6,1,,,1428.6,1.0,,,,
/player/granichka/,Granichka V.,1437.6,3,1423.5,3.0,,,,,,
/player/helbet/,Helbet J.,1437.5,1,,,1438.8,1.0,,,,
/player/laney/,Laney A.,1437.5,1,,,1437.5,1.0,,,,
/player/santaolalla-ristic/,Santaolalla-Ristic M.,1437.5,2,1418.9,2.0,,,,,,
/player/dimitrijevic-3c7ac/,Dimitrijevic J.,1437.5,1,1446.6,1.0,,,,,,
/player/punteri/,Punteri R.,1437.5,1,,,1438.8,1.0,,,,
/player/schweika/,Schweika M.,1437.5,7,,,1438.8,7.0,,,,
/player/leon-8b077/,Leon S.,1437.4,17,1481.0,16.0,1436.5,1.0,,,,
/player/bai-a87a9/,Bai W.,1437.4,7,1495.4,2.0,1452.3,5.0,,,,
/player/kalugade/,Kalugade G.,1437.4,4,1455.0,4.0,,,,,,
/player/willemse-b177f/,Willemse F.,1437.4,7,,,1418.0,7.0,,,,
/player/toto-0eca4/,Toto N.,1437.4,3,,,1439.9,3.0,,,,
/player/psonka/,Psonka J.,1437.4,3,,,,,,,,
/player/mediorreal-arias/,Mediorreal Arias V.,1437.3,18,1427.9,4.0,1448.1,10.0,,,,
/player/binu-23a43/,Binu A.,1437.3,5,,,,,,,,
/player/chaverri/,Chaverri F.,1437.3,1,,,1426.5,1.0,,,,
/player/perez-a43e8/,Perez E.,1437.3,2,1454.8,1.0,,,,,1434.3,1.0
/player/nai/,Nai A.,1437.3,1,,,1415.9,1.0,,,,
/player/furlan-britzki/,Furlan Britzki A.,1437.3,1,,,1431.2,1.0,,,,
/player/savignac/,Savignac E.,1437.2,1,,,1428.0,1.0,,,,
/player/bacliu/,Bacliu D.,1437.2,1,,,1424.1,1.0,,,,
/player/huijsegoms/,Huijsegoms A.,1437.2,4,1455.7,2.0,1468.4,2.0,,,,
/player/fernandez-couto-goi/,Fernandez Couto Goi B.,1437.1,1,1443.8,1.0,,,,,,
/player/wang-25948/,Wang Y.,1437.1,1,1422.1,1.0,,,,,,
/player/malysheva-f3362/,Malysheva A.,1437.1,3,1447.0,1.0,,,,,,
/player/yan-674f2/,Yan Y.,1437.1,2,1425.4,2.0,,,,,,
/player/albieri-1bc99/,Albieri S.,1437.1,4,1480.8,2.0,1453.2,2.0,,,,
/player/kolbe-6b543/,Kolbe M.,1437.1,3,,,1436.7,3.0,,,,
/player/griedelbach/,Griedelbach B.,1437.1,1,1434.3,1.0,,,,,,
/player/maffezzoli/,Maffezzoli A.,1437.0,1,,,1433.3,1.0,,,,
/player/lung/,Lung P.,1437.0,3,1441.0,3.0,,,,,,
/player/dallantonia/,Dallantonia M.,1437.0,1,,,1438.4,1.0,,,,
/player/krawczyk/,Krawczyk D.,1437.0,2,1483.2,1.0,,,,,1422.1,1.0
/player/hinkov/,Hinkov K.,1437.0,1,,,,,1422.1,1.0,,
/player/mondini-0491e/,Mondini N.,1437.0,1,1430.8,1.0,,,,,,
/player/sanon-b31c6/,Sanon N.,1437.0,1,,,1414.1,1.0,,,,
/player/quagraine/,Quagraine S.,1437.0,1,,,1437.0,1.0,,,,
/player/brunetti-fb21d/,Brunetti T.,1437.0,10,1434.3,1.0,1459.0,3.0,1626.7,2.0,,
/player/totoian/,Totoian A.,1436.9,1,,,,,,,,
/player/mancuso-a7661/,Mancuso L.,1436.9,3,,,1436.9,3.0,,,,
/player/basly/,Basly N.,1436.9,1,1436.9,1.0,,,,,,
/player/chanova/,Chanova L.,1436.9,1,1436.9,1.0,,,,,,
/player/jang-fb3dd/,Jang T.,1436.9,3,,,1436.9,3.0,,,,
/player/bianchet/,Bianchet S.,1436.9,6,1424.1,1.0,1481.5,5.0,,,,
/player/tsuji-9e76c/,Tsuji S.,1436.9,1,1437.1,1.0,,,,,,
/player/immler/,Immler K.,1436.9,16,1331.7,3.0,1475.0,7.0,1506.8,2.0,,
/player/carballeira/,Carballeira A.,1436.9,1,,,1434.3,1.0,,,,
/player/barrera-aguirre-c572b/,Barrera Aguirre C.,1436.8,1,1438.6,1.0,,,,,,
/player/healey-36a10/,Healey F.,1436.8,1,1430.5,1.0,,,,,,
/player/poljak/,Poljak D.,1436.8,9,,,1389.8,9.0,,,,
/player/kodumuri/,Kodumuri A.,1436.7,1,,,,,,,,
/player/mzai/,Mzai I.,1436.7,3,,,,,,,,
/player/molokova-ferreira-13d94/,Molokova Ferreira D.,1436.7,18,1462.0,5.0,1435.2,6.0,1385.5,2.0,,
/player/sikirica/,Sikirica M.,1436.7,1,,,1414.4,1.0,,,,
/player/bukary/,Bukary A.,1436.7,2,1414.6,1.0,,,1457.3,1.0,,
/player/hamilton-dab69/,Hamilton A.,1436.7,3,1444.7,3.0,,,,,,
/player/chung-25a36/,Chung H.,1436.6,1,1435.9,1.0,,,,,,
/player/mifano-pinto-5f1ff/,Mifano Pinto F.,1436.6,1,1446.6,1.0,,,,,,
/player/gronholm/,Gronholm A.,1436.6,3,,,,,,,,
/player/nissen-78a1d/,Nissen H.,1436.5,1,,,1422.7,1.0,,,,
/player/lamotte/,Lamotte J.,1436.5,6,,,1420.5,5.0,,,,
/player/de-santis-abb28/,De Santis G.,1436.5,11,,,1424.1,11.0,,,,
/player/brandt-schultz/,Brandt Schultz A.,1436.4,2,,,1430.7,2.0,,,,
/player/magro-bfd79/,Magro M.,1436.4,3,1442.6,3.0,,,,,,
/player/richard-b0ea3/,Richard A.,1436.3,1,,,1429.8,1.0,,,,
/player/ljubic-290c9/,Ljubic M.,1436.3,1,1434.1,1.0,,,,,,
/player/sarran/,Sarran P.,1436.3,1,1415.8,1.0,,,,,,
/player/houthuyse/,Houthuyse O.,1436.3,1,,,1434.3,1.0,,,,
/player/saegusa/,Saegusa N.,1436.3,3,1436.3,3.0,,,,,,
/player/sumizawa/,Sumizawa D.,1436.3,21,1411.8,7.0,1470.9,10.0,1504.6,2.0,,
/player/nuneva/,Nuneva N.,1436.3,2,,,1431.4,2.0,,,,
/player/yabiku/,Yabiku E.,1436.3,1,,,1426.4,1.0,,,,
/player/borderia/,Borderia Y.,1436.3,1,,,1439.0,1.0,,,,
/player/eddins-fb54f/,Eddins M.,1436.2,1,1448.8,1.0,,,,,,
/player/landry-87a1c/,Landry W.,1436.2,7,,,,,,,,
/player/vosswinkel/,Vosswinkel M.,1436.2,1,,,,,1434.3,1.0,,
/player/land/,Land A.,1436.2,1,,,1400.2,1.0,,,,
/player/benbachir/,Benbachir I.,1436.1,1,1434.3,1.0,,,,,,
/player/naydenov-26fe9/,Naydenov Y.,1436.1,18,1439.5,3.0,1470.9,11.0,1504.6,2.0,,
/player/jordaan-d6ea7/,Jordaan M.,1436.1,10,1430.8,10.0,,,,,,
/player/mann-5d13a/,Mann V.,1436.1,11,,,,,,,,
/player/mavracic-ac8f6/,Mavracic F.,1436.0,1,,,,,1434.3,1.0,,
/player/prijovic/,Prijovic M.,1436.0,1,,,,,,,,
/player/rodriguez-figueiredo/,Rodriguez Figueiredo M.,1436.0,1,,,1425.5,1.0,,,,
/player/akhlamenok/,Akhlamenok T.,1436.0,1,,,1455.3,1.0,,,,
/player/marmorstein/,Marmorstein J.,1436.0,9,1475.2,6.0,1460.3,3.0,,,,
/player/benchetrit-d17ed/,Benchetrit C.,1436.0,12,,,1462.2,11.0,1434.3,1.0,,
/player/mirkovic-53596/,Mirkovic P.,1435.9,1,,,,,,,,
/player/stoica-37717/,Stoica R.,1435.9,1,1451.9,1.0,,,,,,
/player/cedillo-vayson-de-pradenne/,Cedillo Vayson de Prad,1435.9,1,,,1436.1,1.0,,,,
/player/villard-e42b8/,Villard N.,1435.9,8,,,1444.3,4.0,1561.2,3.0,,
/player/zelenska/,Zelenska Y.,1435.8,3,,,1453.7,3.0,,,,
/player/panasa/,Panasa O.,1435.8,24,1391.3,2.0,1488.4,22.0,,,,
/player/kilaru/,Kilaru R.,1435.8,1,,,1438.1,1.0,,,,
/player/lustenberger/,Lustenberger R.,1435.8,1,,,1434.1,1.0,,,,
/player/hua-86cfd/,Hua Y.,1435.8,2,1436.9,2.0,,,,,,
/player/loghin/,Loghin D.,1435.7,1,,,1437.0,1.0,,,,
/player/souza-santos/,Souza Santos G.,1435.7,1,,,1452.5,1.0,,,,
/player/schroerlucke/,Schroerlucke S.,1435.7,1,,,,,,,,
/player/madatali-b7308/,Madatali S.,1435.7,3,,,,,,,,
/player/moshaoa/,Moshaoa R.,1435.7,1,1435.7,1.0,,,,,,
/player/ignaciolezamiz/,Ignaciolezamiz I.,1435.7,1,,,,,1434.3,1.0,,
/player/crisan-d0901/,Crisan M.,1435.6,1,,,1435.3,1.0,,,,
/player/di-vita/,Di Vita R.,1435.6,12,1335.9,3.0,1546.5,4.0,1504.6,2.0,,
/player/haviv/,Haviv R.,1435.6,3,,,,,,,,
/player/dunne-1df74/,Dunne L.,1435.5,1,1429.9,1.0,,,,,,
/player/vilaca-0b0e0/,Vilaca F.,1435.5,1,,,,,1435.2,1.0,,
/player/pujo-0260c/,Pujo O.,1435.5,1,,,1439.0,1.0,,,,
/player/belltoft/,Belltoft W.,1435.5,3,1441.9,1.0,1503.9,2.0,,,,
/player/wang-f13a4/,Wang W.,1435.5,13,1443.2,13.0,,,,,,
/player/nedyalkov-d6099/,Nedyalkov K.,1435.5,1,,,,,1434.3,1.0,,
/player/vives-martinez/,Vives Martinez M.,1435.5,9,1449.8,1.0,1416.5,8.0,,,,
/player/topic-cbf4f/,Topic M.,1435.5,3,,,1553.6,1.0,1434.3,1.0,,
/player/chiu/,Chiu Y.,1435.4,1,,,,,,,,
/player/mohanty-8d076/,Mohanty P.,1435.4,3,,,1445.9,3.0,,,,
/player/shvangiradze/,Shvangiradze A.,1435.4,19,1462.8,3.0,1453.9,12.0,1434.3,1.0,,
/player/shan-7d482/,Shan L.,1435.3,3,,,1435.8,3.0,,,,
/player/panto/,Panto G.,1435.3,1,,,1446.8,1.0,,,,
/player/kolb-84307/,Kolb N.,1435.3,1,,,1435.3,1.0,,,,
/player/chin-0456f/,Chin J.,1435.3,2,1429.5,2.0,,,,,,
/player/nothnagel/,Nothnagel C.,1435.3,1,,,1436.5,1.0,,,,
/player/pickel-afae9/,Pickel C.,1435.3,3,1432.3,3.0,,,,,,
/player/de-marco-valle/,De Marco Valle A.,1435.2,1,1434.3,1.0,,,,,,
/player/kirov/,Kirov V.,1435.2,12,1363.3,3.0,1483.5,7.0,,,,
/player/mattenberger/,Mattenberger A.,1435.2,3,,,,,1506.8,2.0,,
/player/aryan-basavaraju/,Aryan Basavaraju D.,1435.2,1,1434.3,1.0,,,,,,
/player/beard-41536/,Beard L.,1435.2,1,,,1444.5,1.0,,,,
/player/goto-8f045/,Goto R.,1435.2,7,1436.1,7.0,,,,,,
/player/piszter/,Piszter A.,1435.2,1,,,1435.2,1.0,,,,
/player/kleinschnitz/,Kleinschnitz L.,1435.2,2,,,1437.7,2.0,,,,
/player/panova-47169/,Panova A.,1435.2,2,1424.4,2.0,,,,,,
/player/altuntas-313c3/,Altuntas K.,1435.2,1,1435.2,1.0,,,,,,
/player/mencaglia/,Mencaglia S.,1435.2,21,1496.5,4.0,1523.1,14.0,1504.6,2.0,,
/player/ilitch/,Ilitch Z.,1435.2,3,1447.4,3.0,,,,,,
/player/arena-fava/,Arena Fava C.,1435.2,1,,,1435.2,1.0,,,,
/player/cataldi-4de9e/,Cataldi C.,1435.1,1,1440.6,1.0,,,,,,
/player/meis-87a3b/,Meis P.,1435.1,2,,,1434.6,2.0,,,,
/player/simkina/,Simkina A.,1435.1,1,1431.9,1.0,,,,,,
/player/nakajima-8153c/,Nakajima T.,1435.1,1,,,1435.1,1.0,,,,
/player/rivero-zerpa/,Rivero Zerpa I.,1435.1,1,1437.4,1.0,,,,,,
/player/piquin/,Piquin L.,1435.1,1,,,1406.9,1.0,,,,
/player/myoung/,Myoung S.,1435.0,1,1438.9,1.0,,,,,,
/player/kantoci/,Kantoci V.,1435.0,1,,,1413.1,1.0,,,,
/player/shugar/,Shugar A.,1435.0,5,,,1504.4,2.0,1504.6,2.0,,
/player/burton-b750c/,Burton N.,1435.0,1,,,,,,,,
/player/doig-7ebc5/,Doig C.,1435.0,1,1445.9,1.0,,,,,,
/player/traficante/,Traficante S.,1434.9,1,,,1434.7,1.0,,,,
/player/ducariu/,Ducariu D.,1434.9,1,,,1435.0,1.0,,,,
/player/el-qurneh/,El-Qurneh M.,1434.8,6,1406.5,2.0,1507.0,2.0,,,,
/player/berenz/,Berenz B.,1434.8,6,1427.7,4.0,1446.0,1.0,,,,
/player/martin-b82e7/,Martin X.,1434.8,1,,,1432.6,1.0,,,,
/player/markus-d1cf3/,Markus C.,1434.8,13,,,1426.0,13.0,,,,
/player/costa-goncalves/,Costa Goncalves V.,1434.7,13,1389.9,4.0,1407.7,6.0,,,,
/player/dossani/,Dossani M.,1434.7,6,,,,,,,,
/player/erim/,Erim E.,1434.7,1,,,,,1434.3,1.0,,
/player/markov-a53d6/,Markov M.,1434.7,1,1433.1,1.0,,,,,,
/player/cerdic/,Cerdic A.,1434.7,1,,,1434.6,1.0,,,,
/player/srinivas/,Srinivas S.,1434.7,1,1444.0,1.0,,,,,,
/player/bautista-agut/,Bautista-Agut R.,1434.6,18,,,1387.0,12.0,1432.2,6.0,,
/player/urquiza-rotaetxe/,Urquiza Rotaetxe A.,1434.6,1,,,,,1434.3,1.0,,
/player/ando-6b2a9/,Ando G.,1434.6,4,1434.3,1.0,1426.7,3.0,,,,
/player/choi-aa721/,Choi S.,1434.6,5,1439.1,5.0,,,,,,
/player/zabolotnaia/,Zabolotnaia E.,1434.5,12,1460.1,11.0,1447.8,1.0,,,,
/player/munivrana/,Munivrana M.,1434.5,1,,,1431.9,1.0,,,,
/player/majcan/,Majcan L.,1434.5,1,,,,,1434.3,1.0,,
/player/chida-7b1c6/,Chida K.,1434.5,1,1434.7,1.0,,,,,,
/player/mickoska/,Mickoska S.,1434.5,35,1435.3,28.0,,,,,,
/player/zeppieri/,Zeppieri G.,1434.5,1,,,1434.5,1.0,,,,
/player/mol-14f42/,Mol I.,1434.5,4,,,1425.4,4.0,,,,
/player/plaz/,Plaz F.,1434.4,3,,,,,1506.8,2.0,,
/player/aveiro/,Aveiro A.,1434.3,1,,,1434.3,1.0,,,,
/player/de-vena-gonzalez/,De Vena Gonzalez C.,1434.3,1,1434.3,1.0,,,,,,
/player/dominguez-696b2/,Dominguez J.,1434.3,1,1434.3,1.0,,,,,,
/player/sohda/,Sohda M.,1434.3,1,,,1434.3,1.0,,,,
/player/rao-d229d/,Rao Y.,1434.3,1,,,1434.3,1.0,,,,
/player/del-balzo-ruiti/,Del Balzo Ruiti S.,1434.3,1,,,1434.3,1.0,,,,
/player/tognato-da-rocha-martins/,Tognato da Rocha Martins O.,1434.3,1,,,1434.3,1.0,,,,
/player/soussia/,Soussia M.,1434.3,1,,,1434.3,1.0,,,,
/player/ishii-128d4/,Ishii T.,1434.3,1,1434.3,1.0,,,,,,
/player/van-mierlo/,Van Mierlo A.,1434.3,1,,,1434.3,1.0,,,,
/player/de-frias/,De Frias J.,1434.3,1,1434.3,1.0,,,,,,
/player/page-e5ce0/,Page A.,1434.3,1,,,1434.3,1.0,,,,
/player/sjoberg/,Sjoberg F.,1434.3,1,,,1434.3,1.0,,,,
/player/allegra/,Allegra E.,1434.3,1,,,1434.3,1.0,,,,
/player/mihajlovic-d71df/,Mihajlovic A.,1434.3,1,,,1434.3,1.0,,,,
/player/ignatjeva/,Ignatjeva M.,1434.3,1,,,1434.3,1.0,,,,
/player/lee-84c42/,Lee H.,1434.3,1,1434.3,1.0,,,,,,
/player/fischer-6ce98/,Fischer A.,1434.3,1,,,1434.3,1.0,,,,
/player/naughton/,Naughton Z.,1434.3,1,,,1434.3,1.0,,,,
/player/choudhary-30648/,Choudhary A.,1434.3,1,,,1434.3,1.0,,,,
/player/saleem/,Saleem R.,1434.3,1,,,,,,,,
/player/caluori/,Caluori C.,1434.3,1,1434.3,1.0,,,,,,
/player/dreser/,Dreser M.,1434.3,1,,,1434.3,1.0,,,,
/player/rutkowski/,Rutkowski J.,1434.3,1,,,1434.3,1.0,,,,
/player/seliukaite/,Seliukaite K.,1434.3,1,,,1434.3,1.0,,,,
/player/tuli-57167/,Tuli H.,1434.3,1,,,1434.3,1.0,,,,
/player/karren/,Karren L.,1434.3,1,,,1434.3,1.0,,,,
/player/maric-2c038/,Maric N.,1434.3,1,,,1434.3,1.0,,,,
/player/abramov-335ef/,Abramov V.,1434.3,1,,,,,1434.3,1.0,,
/player/lorenz-ceca6/,Lorenz F.,1434.3,1,,,1422.1,1.0,,,,
/player/popovic-931d3/,Popovic M.,1434.3,1,,,1434.3,1.0,,,,
/player/sainov/,Sainov M.,1434.3,1,,,1434.3,1.0,,,,
/player/su-1e86a/,Su J.,1434.3,1,,,1434.3,1.0,,,,
/player/shimizu-ade02/,Shimizu Y.,1434.3,1,,,1434.3,1.0,,,,
/player/han-ac7fd/,Han X.,1434.3,1,1434.3,1.0,,,,,,
/player/varela-herrera/,Varela Herrera I.,1434.3,1,1434.3,1.0,,,,,,
/player/deer/,Deer H.,1434.3,1,,,,,1434.3,1.0,,
/player/milenkovic-24f1b/,Milenkovic L.,1434.3,1,,,1434.3,1.0,,,,
/player/pulido-8117a/,Pulido A.,1434.3,1,,,1434.3,1.0,,,,
/player/koelzer/,Koelzer R.,1434.3,1,,,1434.3,1.0,,,,
/player/miles-e1727/,Miles S.,1434.3,1,1434.3,1.0,,,,,,
/player/chagylov-9c143/,Chagylov S.,1434.3,1,,,,,,,,
/player/sleimane/,Sleimane M.,1434.3,1,,,,,,,,
/player/verno-e8620/,Verno P.,1434.3,1,,,1434.3,1.0,,,,
/player/jung-e394d/,Jung S.,1434.3,1,,,1434.3,1.0,,,,
/player/hagi-d525b/,Hagi N.,1434.3,1,1434.3,1.0,,,,,,
/player/mo-ea826/,Mo S.,1434.3,1,,,1434.3,1.0,,,,
/player/chang-01f9c/,Chang M.,1434.3,1,1434.3,1.0,,,,,,
/player/torasso/,Torasso T.,1434.3,1,1434.3,1.0,,,,,,
/player/luna-06ea9/,Luna D.,1434.3,1,1434.3,1.0,,,,,,
/player/becuzzi/,Becuzzi E.,1434.3,1,1434.3,1.0,,,,,,
/player/margocova/,Margocova L.,1434.3,1,,,1434.3,1.0,,,,
/player/ramos-a7d18/,Ramos V.,1434.3,1,,,,,1434.3,1.0,,
/player/cox-807f0/,Cox T.,1434.3,1,1434.3,1.0,,,,,,
/player/dzenga/,Dzenga N.,1434.3,1,1434.3,1.0,,,,,,
/player/rama-bea64/,Rama S.,1434.3,1,,,,,1434.3,1.0,,
/player/schneider-156d6/,Schneider B.,1434.3,1,,,,,1434.3,1.0,,
/player/gomez-villares/,Gomez Villares S.,1434.3,1,1434.3,1.0,,,,,,
/player/carrera-hidalgo-c140b/,Carrera Hidalgo C.,1434.3,1,1434.3,1.0,,,,,,
/player/goenadi/,Goenadi M.,1434.3,1,,,,,,,1434.3,1.0
/player/marina-9ad41/,Marina G.,1434.3,1,,,,,,,1434.3,1.0
/player/kozlov-123ee/,Kozlov B.,1434.3,1,,,1434.3,1.0,,,,
/player/rojas-7e4e3/,Rojas D.,1434.3,1,1434.3,1.0,,,,,,
/player/de-los-rios-kolejewska/,De Los Rios Kolejewska A.,1434.3,1,,,1434.3,1.0,,,,
/player/maksimenko/,Maksimenko G.,1434.3,1,,,1434.3,1.0,,,,
/player/sagong/,Sagong S.,1434.3,1,1434.3,1.0,,,,,,
/player/abdullah-c1217/,Abdullah M.,1434.3,1,,,1434.3,1.0,,,,
/player/jousif-gajic/,Jousif Gajic C.,1434.3,1,,,1434.3,1.0,,,,
/player/tsai-c8dbc/,Tsai V.,1434.3,1,1434.3,1.0,,,,,,
/player/glaeser-aa7c9/,Glaeser M.,1434.3,1,,,1434.3,1.0,,,,
/player/yamamoto-b06ee/,Yamamoto R.,1434.3,1,1434.3,1.0,,,,,,
/player/islamagic/,Islamagic E.,1434.3,1,,,1434.3,1.0,,,,
/player/ekango-932df/,Ekango D.,1434.3,1,,,1434.3,1.0,,,,
/player/serrano-maestre/,Serrano Maestre I.,1434.3,1,,,1434.3,1.0,,,,
/player/corrias/,Corrias L.,1434.3,1,1434.3,1.0,,,,,,
/player/li-5318e/,Li J.,1434.3,1,,,1434.3,1.0,,,,
/player/woerle/,Woerle K.,1434.3,1,,,1434.3,1.0,,,,
/player/niermann/,Niermann N.,1434.3,1,,,1434.3,1.0,,,,
/player/rodriguez-7e5a8/,Rodriguez C.,1434.3,1,,,1434.3,1.0,,,,
/player/hasini/,Hasini D.,1434.3,1,,,1434.3,1.0,,,,
/player/su-eb95b/,Su Y.,1434.3,1,,,1434.3,1.0,,,,
/player/chhabria/,Chhabria K.,1434.3,1,,,,,,,,
/player/colombo-70e45/,Colombo A.,1434.3,1,,,1434.3,1.0,,,,
/player/zaurazhnou/,Zaurazhnou D.,1434.3,1,1434.3,1.0,,,,,,
/player/sonoda/,Sonoda A.,1434.3,1,1434.3,1.0,,,,,,
/player/nichole/,Nichole J.,1434.3,1,,,1434.3,1.0,,,,
/player/gaikwad/,Gaikwad A.,1434.3,1,,,1434.3,1.0,,,,
/player/di-rubba/,Di Rubba A.,1434.3,1,1434.3,1.0,,,,,,
/player/constans-picart/,Constans Picart D.,1434.3,1,1434.3,1.0,,,,,,
/player/gupta-d0fbc/,Gupta A.,1434.3,1,,,1434.3,1.0,,,,
/player/au/,Au P.,1434.3,1,,,1434.3,1.0,,,,
/player/manamperi/,Manamperi J.,1434.3,1,,,,,,,1434.3,1.0
/player/ishibashi-e16a6/,Ishibashi K.,1434.3,1,,,1434.3,1.0,,,,
/player/lalance/,Lalance R.,1434.3,1,,,,,,,,
/player/bayat/,Bayat M.,1434.3,1,,,1434.3,1.0,,,,
/player/deluccia/,Deluccia I.,1434.3,1,,,1434.3,1.0,,,,
/player/britto/,Britto L.,1434.3,1,,,1434.3,1.0,,,,
/player/blagojevic-1937f/,Blagojevic N.,1434.3,1,,,1434.3,1.0,,,,
/player/bulatovic-d8f62/,Bulatovic K.,1434.3,1,,,,,1434.3,1.0,,
/player/ciampa/,Ciampa G.,1434.3,1,1434.3,1.0,,,,,,
/player/grasso-abf78/,Grasso F.,1434.3,1,,,,,,,,
/player/costa-3cec3/,Costa H.,1434.3,1,1434.3,1.0,,,,,,
/player/hiraike/,Hiraike T.,1434.3,1,,,1434.3,1.0,,,,
/player/fujikawa-6efbb/,Fujikawa K.,1434.3,1,,,1434.3,1.0,,,,
/player/murai-1cc2d/,Murai Y.,1434.3,1,,,1434.3,1.0,,,,
/player/pulido-moreno/,Pulido Moreno I.,1434.3,1,,,1434.3,1.0,,,,
/player/lepesqueur-moreti/,Lepesqueur Moreti M.,1434.3,1,1434.3,1.0,,,,,,
/player/zuyev/,Zuyev N.,1434.3,1,,,1434.0,1.0,,,,
/player/dawson-af6c2/,Dawson M.,1434.3,1,,,1434.3,1.0,,,,
/player/katial/,Katial P.,1434.3,1,1434.3,1.0,,,,,,
/player/isoi/,Isoi T.,1434.3,1,,,1434.3,1.0,,,,
/player/melichar-martinez/,Melichar-Martinez N.,1434.3,1,1434.3,1.0,,,,,,
/player/jargin/,Jargin N.,1434.3,1,,,1434.3,1.0,,,,
/player/vajda-dc315/,Vajda K.,1434.3,1,1434.3,1.0,,,,,,
/player/perez-martin/,Perez Martin I.,1434.3,1,1434.3,1.0,,,,,,
/player/yatsuk/,Yatsuk I.,1434.3,1,,,,,,,,
/player/nanajkar/,Nanajkar S.,1434.3,1,,,1434.3,1.0,,,,
/player/santos-nunes/,Santos Nunes S.,1434.3,1,1434.3,1.0,,,,,,
/player/erraji/,Erraji G.,1434.3,1,1434.3,1.0,,,,,,
/player/al-ubaidy/,Al-Ubaidy A.,1434.3,1,,,,,,,,
/player/pang-47da3/,Pang S.,1434.3,1,,,,,,,1434.3,1.0
/player/yilmaz-67545/,Yilmaz T.,1434.3,1,1434.3,1.0,,,,,,
/player/banicevic-d410a/,Banicevic M.,1434.3,1,1434.3,1.0,,,,,,
/player/lim-c0946/,Lim G.,1434.3,1,,,,,,,1434.3,1.0
/player/romito-silva/,Romito Silva M.,1434.3,1,,,1434.3,1.0,,,,
/player/calandrino/,Calandrino C.,1434.3,1,,,1434.3,1.0,,,,
/player/jung-849d7/,Jung Y.,1434.3,1,,,1434.3,1.0,,,,
/player/cassini-13f2b/,Cassini G.,1434.3,1,1434.3,1.0,,,,,,
/player/chau-3b3e7/,Chau I.,1434.3,1,1434.3,1.0,,,,,,
/player/mohammed-26455/,Mohammed A.,1434.3,1,,,,,,,,
/player/ah-kon/,Ah-kon K.,1434.3,1,,,,,,,,
/player/hu-bd194/,Hu S.,1434.3,1,,,1434.3,1.0,,,,
/player/ballotta-0b4d2/,Ballotta N.,1434.3,1,,,1434.3,1.0,,,,
/player/thakor/,Thakor D.,1434.3,1,,,,,,,1434.3,1.0
/player/lee-b9d3b/,Lee J.,1434.3,1,,,1434.3,1.0,,,,
/player/volpi-9c0fc/,Volpi G.,1434.3,1,1434.3,1.0,,,,,,
/player/nabokova/,Nabokova S.,1434.3,1,,,1434.3,1.0,,,,
/player/boukirat/,Boukirat M.,1434.3,1,,,,,,,1434.3,1.0
/player/thebault-a05c4/,Thebault C.,1434.3,1,,,,,,,1434.3,1.0
/player/di-simone/,Di Simone S.,1434.3,1,1434.3,1.0,,,,,,
/player/morand-39760/,Morand L.,1434.3,1,1434.3,1.0,,,,,,
/player/hunter-b803e/,Hunter N.,1434.3,1,,,1434.3,1.0,,,,
/player/diseko/,Diseko B.,1434.3,1,1434.3,1.0,,,,,,
/player/raneri/,Raneri A.,1434.3,1,1434.3,1.0,,,,,,
/player/lavorato/,Lavorato S.,1434.3,1,,,1434.3,1.0,,,,
/player/maxy/,Maxy H.,1434.3,1,,,1434.3,1.0,,,,
/player/petrin/,Petrin A.,1434.3,1,,,1434.3,1.0,,,,
/player/cao-fc11d/,Cao Y.,1434.3,1,,,1434.3,1.0,,,,
/player/cornaggia/,Cornaggia M.,1434.3,1,,,1434.3,1.0,,,,
/player/jung-cf7c3/,Jung T.,1434.3,1,1434.3,1.0,,,,,,
/player/zarati/,Zarati S.,1434.3,1,1434.3,1.0,,,,,,
/player/nachev/,Nachev A.,1434.3,1,,,1434.3,1.0,,,,
/player/anastasiou/,Anastasiou A.,1434.3,1,,,1434.3,1.0,,,,
/player/ionescu-23119/,Ionescu T.,1434.3,1,,,1434.3,1.0,,,,
/player/gonzalez-bd8b3/,Gonzalez P.,1434.3,1,1434.3,1.0,,,,,,
/player/dmytrenko-e41e4/,Dmytrenko A.,1434.3,1,,,1434.3,1.0,,,,
/player/tomas-garcia/,Tomas Garcia H.,1434.3,1,,,1434.3,1.0,,,,
/player/fjallberg/,Fjallberg E.,1434.3,1,,,1434.3,1.0,,,,
/player/yoeum/,Yoeum A.,1434.3,1,,,1434.3,1.0,,,,
/player/arakawa-91433/,Arakawa A.,1434.3,1,1434.3,1.0,,,,,,
/player/manita-e2ac7/,Manita R.,1434.3,1,,,1434.3,1.0,,,,
/player/kahoun/,Kahoun J.,1434.3,1,,,1434.3,1.0,,,,
/player/moser-7b72c/,Moser T.,1434.3,1,,,1434.3,1.0,,,,
/player/d-attilio/,D'Attilio L.,1434.3,1,,,1434.3,1.0,,,,
/player/talamo-pinto/,Talamo Pinto S.,1434.3,1,,,,,,,,
/player/dreyer-ferreira/,Dreyer Ferreira Z.,1434.3,1,1434.3,1.0,,,,,,
/player/albrecht-dacf4/,Albrecht H.,1434.3,1,,,,,1434.3,1.0,,
/player/ballouchy/,Ballouchy M.,1434.3,1,1434.3,1.0,,,,,,
/player/messoudi/,Messoudi J.,1434.3,1,1434.3,1.0,,,,,,
/player/nakamichi-9e2a7/,Nakamichi M.,1434.3,1,1434.3,1.0,,,,,,
/player/viraghalmi/,Viraghalmi V.,1434.3,1,1434.3,1.0,,,,,,
/player/lo-destro/,Lo Destro A.,1434.3,1,1434.3,1.0,,,,,,
/player/nita-bd462/,Nita E.,1434.3,1,,,1434.3,1.0,,,,
/player/mireya/,Mireya D.,1434.3,1,1434.3,1.0,,,,,,
/player/mingaleev/,Mingaleev G.,1434.3,1,1434.3,1.0,,,,,,
/player/duan-f7bec/,Duan Y.,1434.3,1,1434.3,1.0,,,,,,
/player/iriart/,Iriart M.,1434.3,1,,,1434.3,1.0,,,,
/player/kouraichi/,Kouraichi A.,1434.3,1,,,1434.3,1.0,,,,
/player/chmielewski-7ba90/,Chmielewski B.,1434.3,1,,,1434.3,1.0,,,,
/player/jelinek-0e80d/,Jelinek J.,1434.3,1,,,1434.3,1.0,,,,
/player/toth-08f7f/,Toth B.,1434.3,1,,,1434.3,1.0,,,,
/player/timmermans-dcfca/,Timmermans N.,1434.3,1,,,1434.3,1.0,,,,
/player/potenza-b964a/,Potenza M.,1434.3,1,1434.3,1.0,,,,,,
/player/de-cesaris/,De Cesaris A.,1434.3,1,,,1434.3,1.0,,,,
/player/bakker-ece08/,Bakker A.,1434.3,1,,,1434.3,1.0,,,,
/player/kushimo/,Kushimo U.,1434.3,1,1434.3,1.0,,,,,,
/player/wang-87d58/,Wang X.,1434.3,1,1434.3,1.0,,,,,,
/player/tirunelveli/,Tirunelveli T.,1434.3,1,,,,,,,,
/player/sacazes/,Sacazes L.,1434.3,1,,,1434.3,1.0,,,,
/player/buqai/,Buqai K.,1434.3,1,,,1434.3,1.0,,,,
/player/vasic-54bba/,Vasic S.,1434.3,1,,,,,,,,
/player/cossio-gonzalez/,Cossio Gonzalez A.,1434.3,1,,,1434.3,1.0,,,,
/player/boulegroun/,Boulegroun S.,1434.3,1,,,1434.3,1.0,,,,
/player/zhan-choulet/,Zhan Choulet S.,1434.3,1,,,1434.3,1.0,,,,
/player/pasanen-7f833/,Pasanen E.,1434.3,1,,,1434.3,1.0,,,,
/player/chigwidden/,Chigwidden L.,1434.3,1,,,1434.3,1.0,,,,
/player/roth-4fa31/,Roth J.,1434.3,1,,,1434.3,1.0,,,,
/player/bikieiev/,Bikieiev R.,1434.3,1,,,1434.3,1.0,,,,
/player/cankus/,Cankus U.,1434.3,1,,,1434.3,1.0,,,,
/player/utsuyama/,Utsuyama R.,1434.3,1,,,1434.3,1.0,,,,
/player/gracanin/,Gracanin A.,1434.3,1,,,1434.3,1.0,,,,
/player/bismuth-kallianiotis/,Bismuth-Kallianiotis I.,1434.3,1,,,1434.3,1.0,,,,
/player/stankov-41238/,Stankov V.,1434.3,1,,,1434.3,1.0,,,,
/player/barzaghi-williams/,Barzaghi-Williams M.,1434.3,1,1434.3,1.0,,,,,,
/player/vinbaytel/,Vinbaytel N.,1434.3,1,1434.3,1.0,,,,,,
/player/finnigan/,Finnigan N.,1434.3,1,1434.3,1.0,,,,,,
/player/pozo-aa885/,Pozo T.,1434.3,1,1434.3,1.0,,,,,,
/player/rallin/,Rallin S.,1434.3,1,,,1434.3,1.0,,,,
/player/poels/,Poels M.,1434.3,1,,,,,1434.3,1.0,,
/player/blancas-olvera/,Blancas Olvera A.,1434.3,1,1434.3,1.0,,,,,,
/player/reyna-efab3/,Reyna R.,1434.3,1,1434.3,1.0,,,,,,
/player/takhmazyan/,Takhmazyan E.,1434.3,1,,,1434.3,1.0,,,,
/player/raskin-e098e/,Raskin S.,1434.3,1,,,,,,,,
/player/verlinden/,Verlinden J.,1434.3,1,,,,,,,,
/player/avila-blanco/,Avila Blanco L.,1434.3,1,,,1434.3,1.0,,,,
/player/heller-8c7cb/,Heller L.,1434.3,1,1434.3,1.0,,,,,,
/player/ficco/,Ficco T.,1434.3,1,1434.3,1.0,,,,,,
/player/hamon/,Hamon S.,1434.3,1,,,1434.3,1.0,,,,
/player/snyders/,Snyders W.,1434.3,1,1434.3,1.0,,,,,,
/player/craze/,Craze J.,1434.3,1,1434.3,1.0,,,,,,
/player/senica-80f6e/,Senica A.,1434.3,1,,,1434.3,1.0,,,,
/player/zhang-da93c/,Zhang H.,1434.3,1,1434.3,1.0,,,,,,
/player/lepin/,Lepin Z.,1434.3,1,,,1434.3,1.0,,,,
/player/jerlardtz/,Jerlardtz R.,1434.3,1,,,1434.3,1.0,,,,
/player/dusanic/,Dusanic N.,1434.3,1,,,1434.3,1.0,,,,
/player/logeat/,Logeat N.,1434.3,1,,,,,,,,
/player/brunner-97fa4/,Brunner N.,1434.3,1,,,,,,,,
/player/monzon-membrado/,Monzon Membrado D.,1434.3,1,1434.3,1.0,,,,,,
/player/weiland-b5fa3/,Weiland K.,1434.3,1,,,1434.3,1.0,,,,
/player/tanovic-bc936/,Tanovic D.,1434.3,1,,,1434.3,1.0,,,,
/player/van-zyl-d4334/,Van Zyl A.,1434.3,1,1434.3,1.0,,,,,,
/player/kolvinter/,Kolvinter M.,1434.3,1,,,1434.3,1.0,,,,
/player/scott-788d2/,Scott G.,1434.3,1,,,1434.3,1.0,,,,
/player/schiavone-f3980/,Schiavone P.,1434.3,1,1434.3,1.0,,,,,,
/player/roscak/,Roscak L.,1434.3,1,,,,,1434.3,1.0,,
/player/buldorini-0cce6/,Buldorini L.,1434.3,1,1434.3,1.0,,,,,,
/player/maric-modrusan/,Maric Modrusan A.,1434.3,1,,,,,1434.3,1.0,,
/player/piernot/,Piernot J.,1434.3,1,1434.3,1.0,,,,,,
/player/kim-167bc/,Kim D.,1434.3,1,1434.3,1.0,,,,,,
/player/sun-c3631/,Sun N.,1434.3,1,,,1434.3,1.0,,,,
/player/torebko/,Torebko P.,1434.3,1,,,1434.3,1.0,,,,
/player/yalamanoglu/,Yalamanoglu M.,1434.3,1,1434.3,1.0,,,,,,
/player/tomar/,Tomar K.,1434.3,1,1434.3,1.0,,,,,,
/player/arconada-956c5/,Arconada U.,1434.3,1,,,1434.3,1.0,,,,
/player/budkina/,Budkina V.,1434.3,1,1434.3,1.0,,,,,,
/player/sahraya/,Sahraya A.,1434.3,1,1434.3,1.0,,,,,,
/player/sharma-4aec2/,Sharma D.,1434.3,1,1434.3,1.0,,,,,,
/player/deshmukh-74e60/,Deshmukh A.,1434.3,1,1434.3,1.0,,,,,,
/player/samson-b8115/,Samson D.,1434.3,1,,,,,,,,
/player/benitez-dominguez/,Benitez Dominguez M.,1434.3,1,,,1434.3,1.0,,,,
/player/saraiva-89049/,Saraiva T.,1434.3,1,,,,,1434.3,1.0,,
/player/yamaguchi-90013/,Yamaguchi K.,1434.3,1,1434.3,1.0,,,,,,
/player/boudih/,Boudih O.,1434.3,1,,,,,1434.3,1.0,,
/player/chan-968fe/,Chan Y.,1434.3,1,1434.3,1.0,,,,,,
/player/popov-92343/,Popov M.,1434.3,1,1434.3,1.0,,,,,,
/player/sharma-703c9/,Sharma S.,1434.3,1,1434.3,1.0,,,,,,
/player/saciragic/,Saciragic D.,1434.3,1,,,,,,,,
/player/alessandrini-bc7f5/,Alessandrini L.,1434.3,1,,,1418.7,1.0,,,,
/player/arneodo/,Arneodo R.,1434.3,1,,,1434.3,1.0,,,,
/player/holm-gustafsson/,Holm Gustafsson E.,1434.3,1,,,1434.3,1.0,,,,
/player/rohrbach-19217/,Rohrbach E.,1434.3,1,,,1434.3,1.0,,,,
/player/diaz-fe75e/,Diaz M.,1434.3,1,,,1434.3,1.0,,,,
/player/dolgikh-1a409/,Dolgikh N.,1434.3,1,,,1434.3,1.0,,,,
/player/mirijanyan/,Mirijanyan T.,1434.3,1,,,1434.3,1.0,,,,
/player/kluj/,Kluj P.,1434.3,1,,,1434.3,1.0,,,,
/player/rammos/,Rammos O.,1434.3,1,1434.3,1.0,,,,,,
/player/jepkes/,Jepkes M.,1434.3,1,,,1434.3,1.0,,,,
/player/vrajitoriu/,Vrajitoriu T.,1434.3,1,,,1434.3,1.0,,,,
/player/guillen-montanes/,Guillen Montanes L.,1434.3,1,,,1434.3,1.0,,,,
/player/montiel-1c820/,Montiel J.,1434.3,1,,,1434.3,1.0,,,,
/player/pappas-toscano-costa/,Pappas Toscano Costa P,1434.3,1,1434.3,1.0,,,,,,
/player/mouret-57484/,Mouret T.,1434.3,1,,,1434.3,1.0,,,,
/player/varzandeh/,Varzandeh T.,1434.3,1,,,1434.3,1.0,,,,
/player/sanduta/,Sanduta A.,1434.3,1,1434.3,1.0,,,,,,
/player/kowalska-5fc09/,Kowalska W.,1434.3,1,1434.3,1.0,,,,,,
/player/johnson-096bd/,Johnson P.,1434.3,1,1434.3,1.0,,,,,,
/player/fizel/,Fizel L.,1434.3,1,,,1434.3,1.0,,,,
/player/moreno-morales/,Moreno Morales R.,1434.3,1,,,1434.3,1.0,,,,
/player/blanco-fernandez-de-leceta-29943/,Blanco Fernandez De Leceta E.,1434.3,1,,,1434.3,1.0,,,,
/player/kang-8bcd5/,Kang N.,1434.3,1,,,1434.3,1.0,,,,
/player/kolm/,Kolm A.,1434.3,1,,,1434.3,1.0,,,,
/player/bonomi-926ff/,Bonomi M.,1434.3,1,,,1434.3,1.0,,,,
/player/nardelli-98959/,Nardelli M.,1434.3,1,,,1434.3,1.0,,,,
/player/allen-612a5/,Allen H.,1434.3,1,1434.3,1.0,,,,,,
/player/garcia-estrabot/,Garcia Estrabot D.,1434.3,1,,,1434.3,1.0,,,,
/player/brzina/,Brzina A.,1434.3,1,,,1434.3,1.0,,,,
/player/katou-7482a/,Katou S.,1434.3,1,1434.3,1.0,,,,,,
/player/ameri/,Ameri S.,1434.3,1,,,1434.3,1.0,,,,
/player/tulepbergenov/,Tulepbergenov D.,1434.3,1,,,1434.3,1.0,,,,
/player/woodall-a9987/,Woodall J.,1434.3,1,,,1434.3,1.0,,,,
/player/revenko/,Revenko V.,1434.3,1,,,1434.3,1.0,,,,
/player/frljak/,Frljak Z.,1434.3,1,,,1434.3,1.0,,,,
/player/valtsis/,Valtsis T.,1434.3,1,1434.3,1.0,,,,,,
/player/faigenbaum/,Faigenbaum F.,1434.3,1,,,1434.3,1.0,,,,
/player/rodriguez-gomez/,Rodriguez Gomez P.,1434.3,1,,,1434.3,1.0,,,,
/player/guresen/,Guresen R.,1434.3,1,1434.3,1.0,,,,,,
/player/lozano-avellaneda/,Lozano Avellaneda S.,1434.3,1,,,1434.3,1.0,,,,
/player/puntaric/,Puntaric N.,1434.3,1,,,,,,,,
/player/dokai/,Dokai Y.,1434.3,1,,,1434.3,1.0,,,,
/player/date-02cc2/,Date A.,1434.3,1,1434.3,1.0,,,,,,
/player/tagni/,Tagni M.,1434.3,1,,,1434.3,1.0,,,,
/player/yoshida-52e38/,Yoshida A.,1434.3,1,1434.3,1.0,,,,,,
/player/marinescu-8df77/,Marinescu A.,1434.3,1,,,1434.3,1.0,,,,
/player/ispasescu/,Ispasescu I.,1434.3,1,,,1434.3,1.0,,,,
/player/kovacevic-13f43/,Kovacevic N.,1434.3,1,,,1428.0,1.0,,,,
/player/fomenko/,Fomenko M.,1434.3,1,1434.3,1.0,,,,,,
/player/castanaga/,Castanaga T.,1434.3,1,,,1434.3,1.0,,,,
/player/damiano/,Damiano A.,1434.3,1,,,1434.3,1.0,,,,
/player/cassini/,Cassini S.,1434.3,1,1434.3,1.0,,,,,,
/player/farda/,Farda R.,1434.3,1,,,1434.3,1.0,,,,
/player/amezcua-virues/,Amezcua Virues J.,1434.3,1,1434.3,1.0,,,,,,
/player/xantava/,Xantava T.,1434.3,1,1434.3,1.0,,,,,,
/player/erenda/,Erenda S.,1434.3,1,,,1434.3,1.0,,,,
/player/bertasi/,Bertasi P.,1434.3,1,,,1434.3,1.0,,,,
/player/tye/,Tye F.,1434.3,1,1434.3,1.0,,,,,,
/player/grigore/,Grigore D.,1434.3,1,1434.3,1.0,,,,,,
/player/zubov/,Zubov M.,1434.3,1,,,1434.3,1.0,,,,
/player/clemons/,Clemons A.,1434.3,1,,,1434.3,1.0,,,,
/player/qadir-a3e06/,Qadir I.,1434.3,1,1434.3,1.0,,,,,,
/player/lee-3ac1e/,Lee M.,1434.3,1,1434.3,1.0,,,,,,
/player/miralles-lopez/,Miralles Lopez A.,1434.3,1,,,1434.3,1.0,,,,
/player/bouza/,Bouza I.,1434.3,1,,,1434.3,1.0,,,,
/player/moon-8730c/,Moon J.,1434.3,1,,,1434.3,1.0,,,,
/player/keller-924e4/,Keller N.,1434.3,1,,,1434.3,1.0,,,,
/player/secci-0fab2/,Secci M.,1434.3,1,,,1434.3,1.0,,,,
/player/kiko/,Kiko I.,1434.3,1,1434.3,1.0,,,,,,
/player/kudryavtseva-b14c4/,Kudryavtseva K.,1434.3,1,1434.3,1.0,,,,,,
/player/rodriguez-leyva/,Rodriguez Leyva J.,1434.3,1,1434.3,1.0,,,,,,
/player/mellano/,Mellano A.,1434.3,1,,,1434.3,1.0,,,,
/player/rhoden-94d6a/,Rhoden A.,1434.3,1,,,1434.3,1.0,,,,
/player/vukovic-6d07b/,Vukovic K.,1434.2,8,1546.0,3.0,1289.8,4.0,,,,
/player/bizzari/,Bizzari G.,1434.2,1,,,1435.9,1.0,,,,
/player/giurescu/,Giurescu E.,1434.2,1,,,1430.4,1.0,,,,
/player/rugara/,Rugara K.,1434.2,1,1430.4,1.0,,,,,,
/player/bota-c0133/,Bota M.,1434.2,1,,,1434.3,1.0,,,,
/player/nasser-heikkila/,Nasser Heikkila C.,1434.2,1,,,,,,,,
/player/chiang-c4f3c/,Chiang T.,1434.1,1,1435.3,1.0,,,,,,
/player/de-mattos-silva/,De Mattos Silva I.,1434.1,5,1441.9,1.0,1494.3,4.0,,,,
/player/muniz-ortiz/,Muniz Ortiz M.,1434.1,1,1435.2,1.0,,,,,,
/player/rivero-villena/,Rivero Villena M.,1434.0,1,,,1434.0,1.0,,,,
/player/volosova/,Volosova D.,1433.9,8,,,1430.0,4.0,,,,
/player/newman-billington/,Newman-Billington J.,1433.9,1,,,1445.0,1.0,,,,
/player/doni/,Doni S.,1433.9,6,1493.5,2.0,1445.1,4.0,,,,
/player/mughal/,Mughal Z.,1433.9,1,1433.7,1.0,,,,,,
/player/pereira-65c6e/,Pereira R.,1433.9,13,1434.3,1.0,1446.4,12.0,,,,
/player/subramanian-7165f/,Subramanian A.,1433.9,10,1493.2,2.0,1450.2,7.0,,,,
/player/balkan/,Balkan Z.,1433.9,1,,,1436.4,1.0,,,,
/player/arinc/,Arinc K.,1433.8,9,1441.2,2.0,1426.0,6.0,,,,
/player/inui-6648b/,Inui Y.,1433.8,19,1431.3,9.0,1361.1,8.0,,,,
/player/dominguez-collado/,Dominguez Collado J.,1433.8,12,1502.3,4.0,1447.1,6.0,,,,
/player/jakovleva/,Jakovleva A.,1433.8,3,1433.0,3.0,,,,,,
/player/kim-c0a3c/,Kim G.,1433.8,5,,,1433.8,5.0,,,,
/player/thakkar-75d89/,Thakkar A.,1433.8,3,,,1426.8,3.0,,,,
/player/uenoyama/,Uenoyama T.,1433.7,7,,,,,,,,
/player/ismanescu/,Ismanescu D.,1433.7,1,,,,,1434.3,1.0,,
/player/amati-519b5/,Amati V.,1433.7,1,,,1430.8,1.0,,,,
/player/sasaki-f92a4/,Sasaki M.,1433.7,1,1435.9,1.0,,,,,,
/player/vodicka/,Vodicka L.,1433.7,1,,,1434.3,1.0,,,,
/player/labbene/,Labbene Y.,1433.7,9,1434.3,1.0,1543.7,3.0,1550.6,3.0,,
/player/norlin/,Norlin C.,1433.7,6,1476.4,3.0,1493.6,2.0,,,,
/player/siao/,Siao L.,1433.7,1,1434.3,1.0,,,,,,
/player/maine/,Maine S.,1433.6,3,1434.3,1.0,1498.5,2.0,,,,
/player/iurina/,Iurina E.,1433.6,1,,,1435.8,1.0,,,,
/player/galera/,Galera T.,1433.6,3,,,1433.6,3.0,,,,
/player/schifris-71ee4/,Schifris J.,1433.6,18,1457.6,6.0,1442.3,11.0,1434.4,1.0,,
/player/pilaguano-chicue/,Pilaguano Chicue C.,1433.5,1,,,1434.3,1.0,,,,
/player/hristov-fdd2c/,Hristov M.,1433.5,1,,,1451.9,1.0,,,,
/player/felguera-mira/,Felguera Mira I.,1433.5,5,,,1429.4,5.0,,,,
/player/kern-6a253/,Kern R.,1433.5,1,,,1419.8,1.0,,,,
/player/kanev-6fb4f/,Kanev K.,1433.5,12,,,1388.3,2.0,,,,
/player/garcia-longo/,Garcia Longo N.,1433.4,21,1489.4,5.0,1366.8,14.0,1504.6,2.0,,
/player/kolachana/,Kolachana S.,1433.4,1,,,1456.7,1.0,,,,
/player/mendieta/,Mendieta J.,1433.4,1,,,1427.9,1.0,,,,
/player/kijametovic/,Kijametovic A.,1433.4,3,,,1430.4,3.0,,,,
/player/djokic-5fe95/,Djokic F.,1433.4,5,,,1432.3,5.0,,,,
/player/gaur-d1a25/,Gaur S.,1433.4,2,1433.5,2.0,,,,,,
/player/mester-65c06/,Mester C.,1433.4,5,,,1428.5,5.0,,,,
/player/warming/,Warming K.,1433.4,1,,,1441.6,1.0,,,,
/player/calzi/,Calzi R.,1433.4,1,1434.3,1.0,,,,,,
/player/balasa-9de1a/,Balasa M.,1433.3,1,,,1439.0,1.0,,,,
/player/zhao-5bebf/,Zhao J.,1433.3,4,1504.6,2.0,1388.7,2.0,,,,
/player/harding-8b168/,Harding C.,1433.3,2,1447.0,1.0,1443.9,1.0,,,,
/player/bousquet-62b51/,Bousquet E.,1433.3,1,,,1435.1,1.0,,,,
/player/von-bremer/,Von Bremer L.,1433.3,1,,,1433.3,1.0,,,,
/player/webley-smith/,Webley-Smith E.,1433.3,4,,,1433.5,4.0,,,,
/player/lopez-54f6d/,Lopez A.,1433.3,1,,,1422.1,1.0,,,,
/player/lugaric/,Lugaric L.,1433.2,1,,,,,,,,
/player/shyovitz/,Shyovitz E.,1433.2,3,,,,,,,,
/player/doherty-1cae4/,Doherty D.,1433.2,3,,,1422.0,3.0,,,,
/player/garcia-plasencia/,Garcia Plasencia D.,1433.2,1,,,1431.4,1.0,,,,
/player/arora-aa9cb/,Arora K.,1433.2,4,,,1481.2,3.0,,,,
/player/triquart-cced8/,Triquart F.,1433.2,1,1432.9,1.0,,,,,,
/player/gaboli/,Gaboli J.,1433.2,1,1434.3,1.0,,,,,,
/player/jensen/,Jensen V.,1433.2,1,,,1433.1,1.0,,,,
/player/conca-lapasset/,Conca Lapasset B.,1433.1,1,,,1422.1,1.0,,,,
/player/wong-3dc03/,Wong M.,1433.1,5,1421.7,3.0,,,,,,
/player/kim-84724/,Kim W.,1433.1,1,,,1433.1,1.0,,,,
/player/kvits/,Kvits A.,1433.1,1,,,1434.3,1.0,,,,
/player/togbe-1354f/,Togbe J.,1433.1,1,,,1433.1,1.0,,,,
/player/gaurav-dalal/,Gaurav Dalal S.,1433.1,1,1433.1,1.0,,,,,,
/player/fusero-costodio/,Fusero Costodio B.,1433.1,1,,,1446.5,1.0,,,,
/player/de-andrade-silva-barros/,De Andrade Silva Barros V.,1433.1,1,1434.3,1.0,,,,,,
/player/rensing/,Rensing L.,1433.1,4,,,,,,,,
/player/simonsen-2e1aa/,Simonsen L.,1433.0,1,,,1415.0,1.0,,,,
/player/galli-80fd0/,Galli R.,1433.0,1,,,,,,,,
/player/kwon-aab4e/,Kwon J.,1433.0,3,1435.5,3.0,,,,,,
/player/pai-d46a9/,Pai H.,1433.0,1,1440.9,1.0,,,,,,
/player/horacek/,Horacek S.,1433.0,9,,,1436.5,9.0,,,,
/player/sugita-f1b26/,Sugita Y.,1432.9,1,1437.0,1.0,,,,,,
/player/sassi-b1d70/,Sassi M.,1432.9,1,,,1434.3,1.0,,,,
/player/falkenberg-66fda/,Falkenberg L.,1432.8,1,,,1433.3,1.0,,,,
/player/obando-26c48/,Obando A.,1432.8,1,,,,,,,,
/player/ajavon/,Ajavon L.,1432.8,4,,,,,,,,
/player/conca/,Conca A.,1432.8,1,,,,,1434.3,1.0,,
/player/bonino/,Bonino B.,1432.8,3,,,1432.3,3.0,,,,
/player/butina-jazbec/,Butina Jazbec B.,1432.8,1,,,1435.1,1.0,,,,
/player/habib-aea04/,Habib H.,1432.8,3,1435.3,3.0,,,,,,
/player/sikora-98d7d/,Sikora M.,1432.8,4,1484.2,2.0,1443.8,2.0,,,,
/player/cole-69513/,Cole D.,1432.8,1,,,,,1434.3,1.0,,
/player/perez-lerchundi-21073/,Perez Lerchundi A.,1432.7,8,1495.9,4.0,1397.1,4.0,,,,
/player/menzler-2e8e2/,Menzler M.,1432.7,1,,,,,,,,
/player/drevojanova/,Drevojanova E.,1432.7,1,,,1432.9,1.0,,,,
/player/yang-4a3c5/,Yang K.,1432.7,1,,,,,,,,
/player/traysta/,Traysta A.,1432.7,1,,,1434.3,1.0,,,,
/player/bellinelli/,Bellinelli B.,1432.7,1,,,1434.8,1.0,,,,
/player/vukikjevikj/,Vukikjevikj G.,1432.7,3,1507.6,2.0,1434.3,1.0,,,,
/player/cirkovic/,Cirkovic J.,1432.6,1,,,1422.1,1.0,,,,
/player/lee-3a612/,Lee W.,1432.6,1,,,1430.1,1.0,,,,
/player/thul/,Thul T.,1432.6,1,,,,,1434.3,1.0,,
/player/dickson-12a26/,Dickson B.,1432.6,10,,,,,,,,
/player/prasanth/,Prasanth V.,1432.5,2,,,1424.2,2.0,,,,
/player/lanteri/,Lanteri M.,1432.5,1,,,1410.3,1.0,,,,
/player/takeshima-58865/,Takeshima S.,1432.5,1,,,1434.3,1.0,,,,
/player/pilia-6a4f9/,Pilia C.,1432.5,1,,,1421.4,1.0,,,,
/player/masiero/,Masiero R.,1432.5,1,1434.3,1.0,,,,,,
/player/bulai/,Bulai E.,1432.4,1,,,1430.6,1.0,,,,
/player/carnino/,Carnino V.,1432.4,1,,,1435.1,1.0,,,,
/player/komopisut/,Komopisut P.,1432.4,3,,,1425.4,3.0,,,,
/player/dhawan-0c732/,Dhawan T.,1432.4,3,,,1455.0,3.0,,,,
/player/dersonas/,Dersonas D.,1432.4,1,1434.3,1.0,,,,,,
/player/andrews-3367c/,Andrews O.,1432.3,12,1491.8,7.0,,,,,,
/player/oliveras/,Oliveras N.,1432.3,1,,,,,,,,
/player/juuhl-sivertsen/,Juuhl Sivertsen S.,1432.3,18,,,1379.7,2.0,,,,
/player/baxter-1f803/,Baxter H.,1432.3,21,1374.5,5.0,1456.6,14.0,,,,
/player/gao-18c7b/,Gao Z.,1432.3,9,1434.3,1.0,1519.6,5.0,,,,
/player/bazil/,Bazil C.,1432.3,5,1477.3,2.0,1448.3,1.0,,,,
/player/raval-6d674/,Raval A.,1432.3,3,1483.0,2.0,1434.3,1.0,,,,
/player/plaza-araujo/,Plaza Araujo L.,1432.3,7,1492.8,5.0,1415.0,2.0,,,,
/player/goldsztein/,Goldsztein M.,1432.3,1,,,1432.3,1.0,,,,
/player/knese/,Knese L.,1432.3,1,,,1434.3,1.0,,,,
/player/braun-97aef/,Braun N.,1432.3,1,,,1430.4,1.0,,,,
/player/takong/,Takong D.,1432.2,1,,,1434.3,1.0,,,,
/player/chetverikov/,Chetverikov R.,1432.2,10,1383.2,2.0,1447.6,7.0,,,,
/player/karniatis/,Karniatis M.,1432.2,1,1434.3,1.0,,,,,,
/player/meyer-88af7/,Meyer J.,1432.2,1,,,1432.3,1.0,,,,
/player/dournes-e2bf4/,Dournes C.,1432.2,1,,,1431.0,1.0,,,,
/player/cartana-alana/,Cartana Alana J.,1432.2,1,,,,,,,,
/player/manitto/,Manitto C.,1432.2,9,,,1433.3,9.0,,,,
/player/ortenzi-b17fc/,Ortenzi B.,1432.1,15,1493.2,7.0,1419.3,8.0,,,,
/player/lilov-0f341/,Lilov N.,1432.1,1,1434.3,1.0,,,,,,
/player/quiroga-ff106/,Quiroga I.,1432.1,1,,,1435.7,1.0,,,,
/player/brewer-c708a/,Brewer W.,1432.1,1,,,,,,,,
/player/radovanovic-8523b/,Radovanovic T.,1432.0,11,1541.0,3.0,1424.3,6.0,,,,
/player/kokot-908be/,Kokot B.,1432.0,18,1461.4,4.0,1498.7,8.0,1626.7,2.0,,
/player/chen-328da/,Chen Z.,1432.0,1,,,1429.2,1.0,,,,
/player/szasz-15605/,Szasz L.,1432.0,3,1505.6,2.0,,,1434.3,1.0,,
/player/castro-c4b2b/,Castro B.,1432.0,4,1456.5,3.0,1461.8,1.0,,,,
/player/soha/,Soha L.,1432.0,1,,,1430.7,1.0,,,,
/player/radenza/,Radenza L.,1432.0,1,,,1432.2,1.0,,,,
/player/oroni/,Oroni I.,1432.0,1,,,1433.6,1.0,,,,
/player/de-almeida-santos-df6a9/,De Almeida Santos L.,1432.0,1,,,1422.1,1.0,,,,
/player/harrison-89ffe/,Harrison M.,1432.0,4,1472.4,4.0,,,,,,
/player/cardoso-de-matos-junior/,Cardoso de Matos Junior W.,1431.9,1,1429.7,1.0,,,,,,
/player/mitic-2c324/,Mitic J.,1431.9,1,,,1437.5,1.0,,,,
/player/gisone/,Gisone M.,1431.9,16,,,,,,,,
/player/johansson-66f67/,Johansson E.,1431.9,5,1542.1,3.0,1427.1,1.0,,,,
/player/muszal/,Muszal M.,1431.9,1,1439.6,1.0,,,,,,
/player/mclennaghan/,McLennaghan W.,1431.9,25,1517.1,5.0,1422.3,9.0,,,,
/player/brigdale/,Brigdale B.,1431.8,1,,,1446.6,1.0,,,,
/player/sala-pages/,Sala Pages A.,1431.8,3,,,1421.6,3.0,,,,
/player/knoll-mintsa-eya/,Knoll Mintsa-Eya R.,1431.8,1,,,1433.0,1.0,,,,
/player/kose-0aad9/,Kose M.,1431.7,6,1434.3,1.0,1418.4,4.0,,,,
/player/knuth-996fa/,Knuth J.,1431.7,1,,,,,,,,
/player/chrisstoffels/,Chrisstoffels F.,1431.7,1,,,1431.8,1.0,,,,
/player/giordano-29ed0/,Giordano L.,1431.7,13,1568.3,3.0,1428.3,6.0,1434.3,1.0,,
/player/irokawa/,Irokawa N.,1431.7,3,1432.0,3.0,,,,,,
/player/hattori-28187/,Hattori A.,1431.7,12,1432.2,12.0,,,,,,
/player/syrtveit-81d09/,Syrtveit N.,1431.7,5,,,1405.5,1.0,,,,
/player/shirley-98d5f/,Shirley N.,1431.7,1,,,1440.9,1.0,,,,
/player/bannon/,Bannon M.,1431.7,1,,,1433.9,1.0,,,,
/player/nagare/,Nagare K.,1431.6,1,1438.4,1.0,,,,,,
/player/knight-40af5/,Knight O.,1431.6,2,,,1400.3,2.0,,,,
/player/robertsm/,Robertsm J.,1431.6,1,,,1433.5,1.0,,,,
/player/kobylnik/,Kobylnik J.,1431.6,1,,,1423.4,1.0,,,,
/player/miyoshi-da6d0/,Miyoshi Y.,1431.6,1,,,,,,,,
/player/kushnir-cf3ef/,Kushnir O.,1431.6,1,,,1406.2,1.0,,,,
/player/xue-9d03e/,Xue Y.,1431.6,6,1448.0,6.0,,,,,,
/player/dukanovic/,Dukanovic A.,1431.6,1,,,,,,,,
/player/pallanich/,Pallanich S.,1431.6,3,1435.0,1.0,1434.3,1.0,,,,
/player/lima-af5e2/,Lima P.,1431.6,1,,,1422.2,1.0,,,,
/player/meyer-13f96/,Meyer T.,1431.5,1,,,1419.1,1.0,,,,
/player/zurmuehle/,Zurmuehle A.,1431.5,8,1451.4,1.0,1463.7,7.0,,,,
/player/van-nunen/,Van Nunen M.,1431.5,19,1648.4,5.0,1423.8,8.0,1384.7,2.0,,
/player/makarova-7ff82/,Makarova N.,1431.5,1,1436.7,1.0,,,,,,
/player/somasi/,Somasi S.,1431.5,7,1434.3,1.0,1489.4,6.0,,,,
/player/li-78906/,Li Y.,1431.5,3,,,1461.8,2.0,1434.3,1.0,,
/player/dojczynski/,Dojczynski M.,1431.4,1,,,1434.3,1.0,,,,
/player/balaz-85167/,Balaz J.,1431.4,1,,,,,,,,
/player/jeon-41736/,Jeon G.,1431.4,3,,,1447.8,3.0,,,,
/player/quian-darriba/,Quian Darriba Y.,1431.4,1,,,1448.1,1.0,,,,
/player/peternel/,Peternel Z.,1431.3,1,,,1413.3,1.0,,,,
/player/westphal-06019/,Westphal M.,1431.3,1,,,1434.8,1.0,,,,
/player/kryvenkova/,Kryvenkova A.,1431.3,1,,,1432.2,1.0,,,,
/player/hodzic-2e0ab/,Hodzic V.,1431.3,3,,,,,,,,
/player/hays/,Hays G.,1431.3,15,1489.6,11.0,1432.6,3.0,,,1434.3,1.0
/player/mansouri-63af0/,Mansouri S.,1431.3,9,1404.2,7.0,1431.0,1.0,,,,
/player/carbone-61be0/,Carbone L.,1431.2,1,1422.7,1.0,,,,,,
/player/doldan-d3852/,Doldan H.,1431.2,13,,,1444.9,13.0,,,,
/player/schommer/,Schommer C.,1431.2,1,,,,,1434.3,1.0,,
/player/aydin-ee084/,Aydin H.,1431.2,1,1434.3,1.0,,,,,,
/player/vukovic-4e590/,Vukovic M.,1431.2,1,,,1430.2,1.0,,,,
/player/campbell-7a0f7/,Campbell G.,1431.2,2,1419.8,2.0,,,,,,
/player/hisano/,Hisano Y.,1431.1,1,1452.5,1.0,,,,,,
/player/ivanova-dcda1/,Ivanova N.,1431.1,4,,,1455.9,4.0,,,,
/player/inga-huauya/,Inga Huauya M.,1431.1,1,,,1442.6,1.0,,,,
/player/daciek/,Daciek P.,1431.1,1,,,1434.2,1.0,,,,
/player/lorincik/,Lorincik M.,1431.1,1,,,1428.8,1.0,,,,
/player/kenensarova/,Kenensarova E.,1431.1,1,1433.0,1.0,,,,,,
/player/de-alba-valdes/,De Alba Valdes R.,1431.0,24,1595.3,6.0,1404.3,17.0,1446.6,1.0,,
/player/inaba-ff3e7/,Inaba R.,1431.0,8,1434.3,1.0,,,,,,
/player/rebelo-05301/,Rebelo D.,1431.0,3,,,1412.3,3.0,,,,
/player/lucero-oviedo/,Lucero Oviedo S.,1431.0,1,,,1434.3,1.0,,,,
/player/klemen/,Klemen F.,1431.0,1,,,1437.1,1.0,,,,
/player/nolan-536b5/,Nolan J.,1431.0,1,1429.6,1.0,,,,,,
/player/morna/,Morna E.,1430.9,1,1434.3,1.0,,,,,,
/player/teker/,Teker L.,1430.9,1,,,1424.6,1.0,,,,
/player/virmani/,Virmani V.,1430.9,1,,,1430.9,1.0,,,,
/player/djokic-86026/,Djokic S.,1430.9,1,1444.4,1.0,,,,,,
/player/pavljasevic/,Pavljasevic N.,1430.8,1,,,1425.6,1.0,,,,
/player/ceballos-soltero/,Ceballos Soltero D.,1430.8,1,1434.3,1.0,,,,,,
/player/barcala-lopez-e4d39/,Barcala Lopez F.,1430.8,7,1453.5,3.0,1364.7,3.0,,,,
/player/pann/,Pann H.,1430.8,1,,,1443.3,1.0,,,,
/player/bruguera-6e023/,Bruguera M.,1430.7,1,,,1428.2,1.0,,,,
/player/talavar-e0b0f/,Talavar Y.,1430.7,3,1434.3,1.0,,,1553.4,1.0,,
/player/bayuschenko/,Bayuschenko A.,1430.7,2,,,1432.7,2.0,,,,
/player/vitter/,Vitter B.,1430.7,1,,,,,1434.3,1.0,,
/player/filiz-c361a/,Filiz S.,1430.7,2,1426.8,2.0,,,,,,
/player/lan-8aebe/,Lan J.,1430.6,21,1437.6,6.0,1420.7,11.0,,,,
/player/burdina/,Burdina E.,1430.6,1,1434.3,1.0,,,,,,
/player/tan-c043d/,Tan J.,1430.6,6,1472.2,3.0,,,,,,
/player/sauer-jimenez/,Sauer Jimenez L.,1430.6,3,,,1502.0,2.0,1434.3,1.0,,
/player/arcon/,Arcon A.,1430.6,38,1490.1,12.0,1475.3,18.0,1434.3,1.0,,
/player/masuda-bd651/,Masuda C.,1430.6,2,1427.4,1.0,,,1434.3,1.0,,
/player/lara-salmeron/,Lara Salmeron D.,1430.6,18,1488.1,2.0,1446.9,14.0,1413.8,1.0,,
/player/villagomez/,Villagomez A.,1430.5,1,,,1430.5,1.0,,,,
/player/weissmann-34b24/,Weissmann Y.,1430.5,4,,,1421.7,2.0,,,,
/player/quaglia/,Quaglia L.,1430.5,3,,,1433.5,3.0,,,,
/player/palanza/,Palanza S.,1430.5,1,,,1434.3,1.0,,,,
/player/kuczynski/,Kuczynski D.,1430.5,3,,,1450.3,3.0,,,,
/player/prunescu-nita/,Prunescu Nita L.,1430.4,11,1499.8,2.0,1423.3,6.0,1626.7,2.0,,
/player/ganchev-dd9fb/,Ganchev A.,1430.4,12,1523.1,2.0,1425.6,9.0,,,,
/player/markl/,Markl T.,1430.4,1,,,1430.5,1.0,,,,
/player/cuna-araujo/,Cuna Araujo A.,1430.4,1,1436.1,1.0,,,,,,
/player/kalaitzis-c8941/,Kalaitzis V.,1430.4,1,,,1424.1,1.0,,,,
/player/horii/,Horii H.,1430.3,1,1430.1,1.0,,,,,,
/player/sfilio/,Sfilio M.,1430.3,1,,,1431.6,1.0,,,,
/player/dandu-2a5e2/,Dandu L.,1430.3,9,1427.6,6.0,1456.5,3.0,,,,
/player/torras/,Torras M.,1430.3,1,,,,,,,,
/player/roy-5e96d/,Roy A.,1430.3,3,,,,,,,,
/player/shirur/,Shirur R.,1430.3,4,1446.6,1.0,1466.0,1.0,,,,
/player/baroni-6f7a4/,Baroni E.,1430.2,1,,,1429.7,1.0,,,,
/player/perez-5bc57/,Perez B.,1430.2,7,1350.3,3.0,1528.7,2.0,,,,
/player/sackl/,Sackl N.,1430.2,1,,,,,,,,
/player/lauria/,Lauria S.,1430.1,3,1445.5,3.0,,,,,,
/player/cosnet/,Cosnet C.,1430.1,1,,,,,1434.3,1.0,,
/player/saad-ca83f/,Saad S.,1430.1,7,1427.1,7.0,,,,,,
/player/bershteyn/,Bershteyn P.,1430.0,3,1432.4,3.0,,,,,,
/player/nau-fbb1c/,Nau J.,1430.0,5,,,,,,,,
/player/berger-f4b4b/,Berger B.,1430.0,18,,,1434.9,1.0,,,,
/player/mariani-74b6b/,Mariani R.,1430.0,5,,,1429.5,5.0,,,,
/player/terblanche-9a65b/,Terblanche E.,1430.0,25,1593.9,7.0,1379.1,15.0,,,,
/player/munoz-botia-fe83e/,Munoz Botia C.,1430.0,1,1432.2,1.0,,,,,,
/player/bartram/,Bartram W.,1430.0,8,,,,,,,,
/player/almeida-d0235/,Almeida A.,1430.0,2,,,1464.1,1.0,,,,
/player/cossu/,Cossu M.,1430.0,20,1467.0,5.0,1482.8,10.0,1566.5,1.0,,
/player/avanesyan-9e516/,Avanesyan M.,1429.9,5,1414.3,2.0,1448.8,1.0,,,,
/player/rasim/,Rasim M.,1429.9,39,,,1397.6,20.0,,,,
/player/hori-8dde9/,Hori H.,1429.9,1,1429.9,1.0,,,,,,
/player/petrovic-79e22/,Petrovic J.,1429.9,1,,,1429.6,1.0,,,,
/player/panak-ac826/,Panak Y.,1429.9,4,,,1430.2,4.0,,,,
/player/junior-rodrigues/,Junior Rodrigues M.,1429.8,1,,,1446.6,1.0,,,,
/player/cerda-c1827/,Cerda P.,1429.8,2,,,,,,,,
/player/sansone-306cc/,Sansone R.,1429.8,1,,,1423.1,1.0,,,,
/player/tumbas-kajgo/,Tumbas Kajgo K.,1429.8,16,1385.2,2.0,1558.4,9.0,,,,
/player/mcknight-3125e/,McKnight Z.,1429.8,11,,,,,,,1502.3,2.0
/player/van-schalkwyk-e2c4b/,Van Schalkwyk M.,1429.8,1,1422.1,1.0,,,,,,
/player/buytaert/,Buytaert M.,1429.8,3,1425.1,1.0,1481.6,2.0,,,,
/player/pinto-48c38/,Pinto L.,1429.7,9,1457.3,1.0,1426.2,8.0,,,,
/player/minetti-5964d/,Minetti M.,1429.7,1,,,1443.8,1.0,,,,
/player/melnikova-302ae/,Melnikova A.,1429.7,4,1448.4,4.0,,,,,,
/player/wai-887e6/,Wai Y.,1429.7,1,,,1429.5,1.0,,,,
/player/kurdadze-bb289/,Kurdadze N.,1429.7,1,,,1418.5,1.0,,,,
/player/huang-6dca1/,Huang J.,1429.7,11,1429.2,5.0,1501.5,4.0,,,,
/player/lopez-martinez-c17a7/,Lopez Martinez C.,1429.6,15,1460.4,13.0,1364.8,2.0,,,,
/player/biela/,Biela W.,1429.6,3,,,1435.8,3.0,,,,
/player/lewis-71a0d/,Lewis B.,1429.6,6,,,,,,,,
/player/lucas-7f4e2/,Lucas S.,1429.6,3,1496.1,2.0,1422.1,1.0,,,,
/player/fernando-0173b/,Fernando C.,1429.6,5,,,,,,,,
/player/hashimov/,Hashimov E.,1429.5,1,,,,,,,,
/player/dieveney/,Dieveney E.,1429.5,2,1457.0,1.0,1426.9,1.0,,,,
/player/bendova/,Bendova V.,1429.5,1,,,1435.4,1.0,,,,
/player/skapets/,Skapets A.,1429.5,11,,,1391.1,2.0,,,,
/player/vanlangendonck/,Vanlangendonck E.,1429.4,3,,,1435.9,3.0,,,,
/player/pasetto/,Pasetto R.,1429.4,2,,,1405.9,2.0,,,,
/player/harrison-3cdd7/,Harrison T.,1429.4,4,1504.6,2.0,1428.5,2.0,,,,
/player/usereau/,Usereau J.,1429.4,1,1436.4,1.0,,,,,,
/player/lykos/,Lykos I.,1429.3,3,1441.5,3.0,,,,,,
/player/deli-64207/,Deli M.,1429.3,6,,,1496.1,2.0,,,,
/player/newberry/,Newberry L.,1429.3,22,1459.2,19.0,1416.4,3.0,,,,
/player/mukherjee-d1b86/,Mukherjee N.,1429.3,3,,,,,,,,
/player/smillie/,Smillie C.,1429.2,1,,,1425.2,1.0,,,,
/player/bopst/,Bopst T.,1429.2,1,,,1434.3,1.0,,,,
/player/ferreira-bradbury/,Ferreira Bradbury R.,1429.2,1,,,1434.3,1.0,,,,
/player/margoulis-34f07/,Margoulis D.,1429.2,1,1435.0,1.0,,,,,,
/player/laux-6c42f/,Laux N.,1429.2,2,,,1428.4,2.0,,,,
/player/dubas/,Dubas M.,1429.2,7,,,1483.9,2.0,,,,
/player/hesser/,Hesser F.,1429.1,1,,,,,,,,
/player/wilson-4cd8a/,Wilson S.,1429.1,4,1423.9,4.0,,,,,,
/player/christoffersson/,Christoffersson F.,1429.1,7,1493.7,2.0,1422.5,4.0,,,,
/player/ivanova-10cb9/,Ivanova D.,1429.1,16,1355.0,5.0,1590.4,10.0,,,1446.6,1.0
/player/mateos/,Mateos M.,1429.1,1,,,1434.3,1.0,,,,
/player/akkoyun-cd573/,Akkoyun U.,1429.0,2,,,1427.9,2.0,,,,
/player/navedo-espejo/,Navedo Espejo P.,1428.9,1,,,,,,,,
/player/heiszer/,Heiszer F.,1428.9,1,1421.8,1.0,,,,,,
/player/lopato-miguel/,Lopato-Miguel D.,1428.9,5,1470.3,2.0,1513.6,2.0,,,,
/player/gadamauri-6dab5/,Gadamauri T.,1428.9,25,,,1417.5,24.0,,,1422.1,1.0
/player/djurdevic/,Djurdevic J.,1428.9,1,,,1427.4,1.0,,,,
/player/bucht-b2a00/,Bucht H.,1428.8,1,1434.3,1.0,,,,,,
/player/simunovic/,Simunovic D.,1428.8,14,1565.7,1.0,1413.5,6.0,1626.7,2.0,,
/player/zaicenco-2700c/,Zaicenco I.,1428.8,1,,,1418.1,1.0,,,,
/player/wang-63cd1/,Wang Y.,1428.8,6,1423.3,6.0,,,,,,
/player/kozlov-50bea/,Kozlov B.,1428.8,1,1447.5,1.0,,,,,,
/player/dellepiane/,Dellepiane P.,1428.7,3,,,1436.0,3.0,,,,
/player/turnsek/,Turnsek D.,1428.7,1,1434.3,1.0,,,,,,
/player/jani-016ff/,Jani V.,1428.7,5,1419.0,5.0,,,,,,
/player/rebai-c4999/,Rebai I.,1428.7,3,1504.6,2.0,1408.6,1.0,,,,
/player/kumari-83c68/,Kumari J.,1428.7,14,1403.2,11.0,1569.3,3.0,,,,
/player/wang-01b01/,Wang H.,1428.7,6,1449.5,3.0,1482.0,3.0,,,,
/player/leshoele/,Leshoele M.,1428.7,1,,,1419.6,1.0,,,,
/player/bennett-e78ab/,Bennett A.,1428.6,4,,,,,,,,
/player/tkemaladze/,Tkemaladze Z.,1428.6,2,,,1407.7,2.0,,,,
/player/hedgecoe/,Hedgecoe D.,1428.6,19,,,,,,,,
/player/hwang-46398/,Hwang J.,1428.5,1,1422.1,1.0,,,,,,
/player/zytelewski/,Zytelewski L.,1428.5,1,,,1427.6,1.0,,,,
/player/jerinic/,Jerinic D.,1428.5,1,1434.3,1.0,,,,,,
/player/simon-padros-37893/,Simon Padros S.,1428.4,4,,,1426.8,4.0,,,,
/player/caby-3488a/,Caby A.,1428.4,1,1437.3,1.0,,,,,,
/player/kotikula/,Kotikula R.,1428.4,1,1415.3,1.0,,,,,,
/player/wortelmann/,Wortelmann P.,1428.4,4,1434.3,1.0,1396.5,2.0,,,,
/player/vasiliadis-4c114/,Vasiliadis E.,1428.4,15,1429.9,15.0,,,,,,
/player/sretenovic-8d69c/,Sretenovic M.,1428.3,3,,,1441.0,3.0,,,,
/player/hafstrom/,Hafstrom V.,1428.3,1,,,1434.3,1.0,,,,
/player/megrabian/,Megrabian A.,1428.3,33,1437.5,10.0,1509.5,18.0,,,,
/player/pinheiro-moura/,Pinheiro Moura D.,1428.3,1,,,1434.3,1.0,,,,
/player/golubev-5a6b5/,Golubev D.,1428.3,3,1422.1,1.0,1504.6,2.0,,,,
/player/del-pino-90d8b/,Del Pino M.,1428.2,25,1558.6,7.0,1372.8,15.0,1504.6,2.0,,
/player/rabelo-redin/,Rabelo Redin V.,1428.2,1,,,1430.4,1.0,,,,
/player/dong-08345/,Dong Z.,1428.2,1,,,1438.2,1.0,,,,
/player/russell-96f2b/,Russell G.,1428.2,12,1434.3,1.0,1526.0,7.0,1565.7,1.0,,
/player/mavracic/,Mavracic M.,1428.2,6,,,1452.1,3.0,1457.2,3.0,,
/player/stokusova/,Stokusova O.,1428.2,3,,,,,,,,
/player/rhazali/,Rhazali O.,1428.2,10,,,,,,,,
/player/coppi-105bb/,Coppi T.,1428.2,7,1430.2,1.0,1503.8,6.0,,,,
/player/kolevski/,Kolevski D.,1428.2,4,1458.7,3.0,1454.5,1.0,,,,
/player/wong-49a9f/,Wong A.,1428.1,8,,,1423.9,6.0,,,,
/player/jeck/,Jeck V.,1428.1,1,,,1423.9,1.0,,,,
/player/barreiros-reyes/,Barreiros Reyes M.,1428.1,1,,,1431.8,1.0,,,,
/player/isyanov-09172/,Isyanov L.,1428.1,1,1434.5,1.0,,,,,,
/player/niklas-salminen-ec8f8/,Niklas-Salminen P.,1428.1,8,,,1414.7,8.0,,,,
/player/chen-fd678/,Chen Z.,1428.1,1,1427.9,1.0,,,,,,
/player/daroszewska/,Daroszewska J.,1428.1,1,,,1432.1,1.0,,,,
/player/grzegorzewski/,Grzegorzewski O.,1428.1,15,1545.8,3.0,1371.4,8.0,1434.3,1.0,,
/player/naidenova/,Naidenova T.,1428.0,2,,,1423.8,2.0,,,,
/player/pleshivtseva/,Pleshivtseva K.,1428.0,4,1433.7,4.0,,,,,,
/player/kadi-75f5f/,Kadi H.,1428.0,1,1425.8,1.0,,,,,,
/player/wilson-donizete-tofoli/,Wilson Donizete Tofoli,1428.0,1,1427.1,1.0,,,,,,
/player/perez-naranjo/,Perez Naranjo A.,1428.0,8,1455.1,3.0,1487.1,5.0,,,,
/player/rast/,Rast E.,1428.0,8,,,1493.7,4.0,,,,
/player/maciel-neto/,Maciel Neto J.,1427.9,3,1450.3,1.0,1476.2,2.0,,,,
/player/sanches-53d7d/,Sanches G.,1427.9,1,,,1428.5,1.0,,,,
/player/rhodes-c192e/,Rhodes R.,1427.9,2,,,1434.3,1.0,,,,
/player/alcala-84695/,Alcala D.,1427.9,3,1445.8,1.0,1479.3,2.0,,,,
/player/martin-espinar/,Martin Espinar A.,1427.9,11,1448.6,1.0,1491.2,8.0,,,,
/player/yan-shihong/,Yan Shihong A.,1427.8,1,1438.3,1.0,,,,,,
/player/klimas/,Klimas J.,1427.7,23,1471.1,4.0,1370.1,7.0,1549.9,3.0,,
/player/borda/,Borda J.,1427.7,3,1438.2,1.0,1484.5,2.0,,,,
/player/stoichkova/,Stoichkova M.,1427.6,1,,,1428.5,1.0,,,,
/player/duerr/,Duerr R.,1427.6,1,1435.4,1.0,,,,,,
/player/lagarde-ffcc5/,Lagarde E.,1427.6,7,1427.2,3.0,1437.8,4.0,,,,
/player/mckenzie-0272f/,Mckenzie E.,1427.6,5,1418.8,5.0,,,,,,
/player/lin-e9fdc/,Lin S.,1427.6,2,,,1448.0,1.0,,,,
/player/chramcova/,Chramcova V.,1427.6,1,,,,,,,,
/player/thurner-a7e4b/,Thurner D.,1427.6,22,1442.9,8.0,1469.1,8.0,1504.6,2.0,,
/player/qu-b764b/,Qu S.,1427.5,1,1428.3,1.0,,,,,,
/player/tahiri-alaoui/,Tahiri Alaoui M.,1427.5,4,1457.2,3.0,1427.7,1.0,,,,
/player/milliard/,Milliard N.,1427.5,1,,,,,,,,
/player/okalova/,Okalova M.,1427.5,26,1464.5,10.0,1445.3,16.0,,,,
/player/suhail/,Suhail U.,1427.4,2,1453.3,1.0,,,,,1434.3,1.0
/player/didoni/,Didoni V.,1427.4,1,,,1427.4,1.0,,,,
/player/garcia-domenech/,Garcia Domenech R.,1427.3,3,,,1412.9,3.0,,,,
/player/favero-9e3bc/,Favero L.,1427.3,3,,,,,,,,
/player/almeida-4e6bb/,Almeida D.,1427.3,1,,,1430.4,1.0,,,,
/player/zeafan/,Zeafan M.,1427.3,1,,,1428.2,1.0,,,,
/player/selvan-0e7a2/,Selvan S.,1427.3,1,,,1427.3,1.0,,,,
/player/valetov/,Valetov R.,1427.3,6,1494.8,4.0,1402.5,2.0,,,,
/player/kolesnikov-add1e/,Kolesnikov S.,1427.2,1,,,,,,,,
/player/ganz/,Ganz F.,1427.2,6,1373.4,2.0,1497.0,4.0,,,,
/player/yuneva/,Yuneva A.,1427.2,10,1396.2,5.0,1473.6,5.0,,,,
/player/boscarini/,Boscarini P.,1427.2,1,,,,,1446.6,1.0,,
/player/andreola/,Andreola I.,1427.2,3,1504.6,2.0,1416.5,1.0,,,,
/player/wauters-499dc/,Wauters C.,1427.2,3,,,1486.7,2.0,,,,
/player/bonaguro-la-roche/,Bonaguro La Roche B.,1427.1,1,,,,,,,,
/player/lovato-75f74/,Lovato E.,1427.1,8,,,,,,,,
/player/yildirim-6733f/,Yildirim M.,1427.1,1,1425.1,1.0,,,,,,
/player/martinez-solis/,Martinez Solis C.,1427.1,10,1479.8,4.0,1402.7,6.0,,,,
/player/atwood/,Atwood A.,1427.1,1,,,1423.0,1.0,,,,
/player/rossi-b8d4d/,Rossi D.,1427.0,3,1565.7,1.0,1373.2,2.0,,,,
/player/suprun-480e8/,Suprun M.,1427.0,7,,,1498.4,4.0,1504.6,2.0,,
/player/alletti/,Alletti S.,1427.0,1,,,1425.2,1.0,,,,
/player/xue-271af/,Xue X.,1427.0,3,1421.9,1.0,,,,,1493.2,2.0
/player/troiano/,Troiano C.,1427.0,7,,,1413.2,7.0,,,,
/player/spiering-c82e2/,Spiering M.,1426.9,1,1444.0,1.0,,,,,,
/player/longas-ortega/,Longas Ortega S.,1426.9,1,,,,,,,,
/player/jez-b91d0/,Jez W.,1426.9,1,,,1428.4,1.0,,,,
/player/skobelev-7b2fc/,Skobelev S.,1426.8,7,,,1599.2,2.0,,,,
/player/van-der-lecq-7cf22/,Van der Lecq M.,1426.8,1,,,1422.7,1.0,,,,
/player/pino-62357/,Pino S.,1426.8,1,1426.3,1.0,,,,,,
/player/james-f1ed8/,James A.,1426.8,1,,,1434.3,1.0,,,,
/player/garza-62db5/,Garza R.,1426.8,3,1422.1,1.0,1489.6,2.0,,,,
/player/lavric/,Lavric S.,1426.8,1,,,1426.1,1.0,,,,
/player/nodis/,Nodis L.,1426.7,4,,,1475.1,2.0,,,,
/player/valsamis/,Valsamis E.,1426.7,14,1439.9,5.0,1427.3,7.0,,,,
/player/margaria/,Margaria E.,1426.7,1,,,1422.1,1.0,,,,
/player/berrettini/,Berrettini J.,1426.6,1,,,1426.6,1.0,,,,
/player/stoianova-7751c/,Stoianova O.,1426.6,1,,,1426.6,1.0,,,,
/player/pissetti-vialle/,Pissetti Vialle H.,1426.5,1,,,1426.6,1.0,,,,
/player/valsecchi-a9cdd/,Valsecchi P.,1426.5,1,1435.4,1.0,,,,,,
/player/hansen-fd886/,Hansen M.,1426.5,1,,,1434.3,1.0,,,,
/player/okuyama-38d7f/,Okuyama K.,1426.5,1,1423.8,1.0,,,,,,
/player/mora-da-silva-34a23/,Mora Da Silva M.,1426.4,3,,,1438.1,3.0,,,,
/player/rincon-40e43/,Rincon K.,1426.4,1,,,1426.4,1.0,,,,
/player/espanca-ramos-maia/,Espanca Ramos Maia M.,1426.4,1,,,,,1420.6,1.0,,
/player/nores-sanchezharo/,Nores Sanchezharo M.,1426.4,1,,,1426.2,1.0,,,,
/player/corcoran/,Corcoran R.,1426.4,4,,,,,,,,
/player/kim-0d524/,Kim E.,1426.3,1,1426.6,1.0,,,,,,
/player/li-baa2b/,Li S.,1426.3,13,1624.6,4.0,1372.8,8.0,,,,
/player/geldyev/,Geldyev A.,1426.3,4,,,,,,,,
/player/cabio/,Cabio A.,1426.3,1,1425.1,1.0,,,,,,
/player/shriki/,Shriki J.,1426.3,1,,,1435.2,1.0,,,,
/player/ulianovschi/,Ulianovschi M.,1426.3,1,,,1427.2,1.0,,,,
/player/beckles-c34de/,Beckles D.,1426.2,1,,,1441.9,1.0,,,,
/player/wei-d3eb9/,Wei J.,1426.2,1,1434.3,1.0,,,,,,
/player/pihlaja/,Pihlaja E.,1426.2,1,,,1413.3,1.0,,,,
/player/filippi-ecf4c/,Filippi T.,1426.2,2,,,1461.5,1.0,,,,
/player/lisina/,Lisina V.,1426.1,1,1426.1,1.0,,,,,,
/player/moskova/,Moskova N.,1426.1,1,,,1423.0,1.0,,,,
/player/gustafsson-323bc/,Gustafsson F.,1426.1,4,1565.7,1.0,1408.0,2.0,,,,
/player/kuansongtham/,Kuansongtham B.,1426.1,1,,,1434.3,1.0,,,,
/player/choi-54207/,Choi D.,1426.1,1,1426.1,1.0,,,,,,
/player/bakowski-a90c2/,Bakowski L.,1426.1,1,,,1436.1,1.0,,,,
/player/puigdollers-iborra/,Puigdollers Iborra M.,1426.1,4,1565.7,1.0,1358.4,3.0,,,,
/player/dillon-96d5d/,Dillon K.,1426.1,1,,,1434.3,1.0,,,,
/player/hammond-3b571/,Hammond D.,1426.0,4,,,,,,,,
/player/castellanos-alem/,Castellanos Alem J.,1426.0,1,,,1433.9,1.0,,,,
/player/savannah/,Savannah T.,1426.0,1,,,,,,,,
/player/polat-3d80c/,Polat Z.,1426.0,1,1426.4,1.0,,,,,,
/player/bertran/,Bertran P.,1426.0,5,1520.2,2.0,1393.3,3.0,,,,
/player/woiten/,Woiten A.,1425.9,1,,,1439.7,1.0,,,,
/player/lassaga/,Lassaga E.,1425.9,1,,,1432.5,1.0,,,,
/player/sanchez-astor/,Sanchez Astor E.,1425.9,1,,,1443.1,1.0,,,,
/player/cucchi/,Cucchi N.,1425.9,7,1384.7,2.0,1469.2,5.0,,,,
/player/lungu-85644/,Lungu A.,1425.9,8,,,1428.4,8.0,,,,
/player/lozano-63a8b/,Lozano M.,1425.9,1,,,1414.7,1.0,,,,
/player/samuel-5244e/,Samuel R.,1425.9,1,,,,,,,,
/player/patel-maulik/,Patel Maulik M.,1425.8,1,,,1434.6,1.0,,,,
/player/kolaric-618e0/,Kolaric I.,1425.8,3,,,,,,,,
/player/hofbauer-38c0f/,Hofbauer L.,1425.8,3,,,1415.6,3.0,,,,
/player/gcm/,Gcm K.,1425.8,1,1425.9,1.0,,,,,,
/player/ugurcan/,Ugurcan K.,1425.8,1,,,,,1434.3,1.0,,
/player/rosell-cervera/,Rosell Cervera C.,1425.7,1,,,1428.0,1.0,,,,
/player/lai-6c8f9/,Lai C.,1425.7,9,1517.5,3.0,1375.5,2.0,,,,
/player/ricci-c6aeb/,Ricci C.,1425.7,6,,,,,,,,
/player/srisen/,Srisen T.,1425.7,1,,,1422.5,1.0,,,,
/player/cho-edfdb/,Cho S.,1425.7,12,1400.3,9.0,,,,,1548.6,3.0
/player/betuker-7794b/,Betuker R.,1425.7,1,,,1432.0,1.0,,,,
/player/kjellberg-3c0d1/,Kjellberg W.,1425.7,1,,,1424.3,1.0,,,,
/player/malaescu/,Malaescu D.,1425.6,1,,,1424.9,1.0,,,,
/player/mcdonald-bc586/,McDonald N.,1425.6,6,,,1448.4,1.0,,,,
/player/elkady/,Elkady J.,1425.6,25,1449.5,25.0,,,,,,
/player/semenic/,Semenic P.,1425.6,1,1434.3,1.0,,,,,,
/player/tzirtis/,Tzirtis J.,1425.6,7,,,1425.0,7.0,,,,
/player/claro-582ec/,Claro J.,1425.5,17,1270.3,5.0,1544.7,8.0,1495.4,2.0,,
/player/gimenez-ocampos/,Gimenez Ocampos R.,1425.5,1,1406.9,1.0,,,,,,
/player/fognini/,Fognini F.,1425.5,1,,,1424.8,1.0,,,,
/player/strykova/,Strykova J.,1425.5,3,,,1425.5,3.0,,,,
/player/ordonez-perez/,Ordonez Perez M.,1425.4,1,,,1432.5,1.0,,,,
/player/weissenboeck/,Weissenboeck J.,1425.4,1,,,1426.3,1.0,,,,
/player/riley-4b6c2/,Riley O.,1425.4,1,,,1434.3,1.0,,,,
/player/vanderborght/,Vanderborght M.,1425.4,1,1434.3,1.0,,,,,,
/player/hasegawa-71d9d/,Hasegawa E.,1425.4,1,1434.3,1.0,,,,,,
/player/viciu/,Viciu A.,1425.3,1,,,1427.8,1.0,,,,
/player/majczyna/,Majczyna B.,1425.3,1,1434.3,1.0,,,,,,
/player/tkalenko-978e9/,Tkalenko M.,1425.3,1,,,,,,,,
/player/briand-21193/,Briand C.,1425.2,8,1489.3,4.0,1371.8,4.0,,,,
/player/villacampa/,Villacampa I.,1425.2,3,1454.6,1.0,1465.3,2.0,,,,
/player/escobar-gonzalez/,Escobar Gonzalez M.,1425.2,3,,,1426.4,3.0,,,,
/player/pillani/,Pillani T.,1425.2,1,,,1435.2,1.0,,,,
/player/di-sauro/,Di Sauro L.,1425.1,3,,,1421.1,3.0,,,,
/player/ouyang-207e4/,Ouyang S.,1425.1,3,1425.1,3.0,,,,,,
/player/vithoontien/,Vithoontien L.,1425.1,25,1379.0,15.0,1474.5,10.0,,,,
/player/novoa-031cf/,Novoa A.,1425.1,3,,,,,,,,
/player/sommer-dc186/,Sommer H.,1425.1,1,,,1425.1,1.0,,,,
/player/kawano-cho/,Kawano Cho G.,1425.1,28,1415.2,18.0,1493.9,9.0,,,1446.6,1.0
/player/brennan-c4dee/,Brennan E.,1425.1,1,1422.1,1.0,,,,,,
/player/sella-ab2e7/,Sella A.,1425.1,1,1434.3,1.0,,,,,,
/player/stevic/,Stevic H.,1425.1,19,1402.7,2.0,1434.5,17.0,,,,
/player/asimova/,Asimova S.,1425.0,1,,,,,,,1434.3,1.0
/player/castilhos-perez/,Castilhos Perez V.,1425.0,1,,,1426.2,1.0,,,,
/player/spinelli-21cd9/,Spinelli G.,1425.0,1,,,1423.8,1.0,,,,
/player/hadab-0ffb5/,Hadab S.,1425.0,2,,,1424.9,2.0,,,,
/player/orlova/,Orlova N.,1425.0,6,1442.9,3.0,1453.1,3.0,,,,
/player/clement-8409d/,Clement I.,1424.9,3,,,,,,,,
/player/krynen/,Krynen L.,1424.9,1,,,,,,,,
/player/musat-aa805/,Musat B.,1424.9,1,,,,,,,,
/player/kielb/,Kielb D.,1424.9,1,,,1425.1,1.0,,,,
/player/nozdrachova/,Nozdrachova M.,1424.9,11,1430.2,11.0,,,,,,
/player/mpalanyi/,Mpalanyi P.,1424.9,1,1434.3,1.0,,,,,,
/player/latifovic-f0d9c/,Latifovic A.,1424.8,3,,,1576.3,1.0,,,,
/player/zaremba/,Zaremba M.,1424.8,19,1433.0,19.0,,,,,,
/player/husain-38633/,Husain K.,1424.8,1,1422.1,1.0,,,,,,
/player/kowalik/,Kowalik P.,1424.8,1,1434.3,1.0,,,,,,
/player/gradzki/,Gradzki P.,1424.8,1,1446.6,1.0,,,,,,
/player/ritzer/,Ritzer T.,1424.7,7,,,1419.3,6.0,,,,
/player/aiello-52e81/,Aiello C.,1424.7,1,1446.6,1.0,,,,,,
/player/wang-6bbae/,Wang V.,1424.6,3,,,,,,,,
/player/de-los-reyes/,De Los Reyes O.,1424.6,1,,,1424.6,1.0,,,,
/player/masuda-2b625/,Masuda J.,1424.6,1,1428.9,1.0,,,,,,
/player/kreutz/,Kreutz J.,1424.6,1,,,1446.4,1.0,,,,
/player/jinks/,Jinks A.,1424.5,3,1565.7,1.0,1384.7,2.0,,,,
/player/rappaport/,Rappaport S.,1424.5,2,,,1412.0,2.0,,,,
/player/sharma-8d7c9/,Sharma K.,1424.5,1,,,,,,,,
/player/avelar-52ed0/,Avelar L.,1424.4,1,,,1424.9,1.0,,,,
/player/lopez-b45cd/,Lopez E.,1424.4,29,1427.1,29.0,,,,,,
/player/faerber/,Faerber P.,1424.4,8,,,1492.1,4.0,,,,
/player/ferrer-488b0/,Ferrer R.,1424.4,1,,,,,,,,
/player/sharma-39a18/,Sharma D.,1424.3,4,1448.7,1.0,1437.0,3.0,,,,
/player/carbo-chova/,Carbo Chova L.,1424.3,1,,,1434.3,1.0,,,,
/player/ksianevich/,Ksianevich A.,1424.3,1,,,1433.1,1.0,,,,
/player/sodhi/,Sodhi S.,1424.3,1,,,1433.6,1.0,,,,
/player/khan-de549/,Khan M.,1424.3,1,,,1434.3,1.0,,,,
/player/sghaier-3c281/,Sghaier M.,1424.3,1,,,1434.3,1.0,,,,
/player/pell/,Pell E.,1424.3,1,,,,,,,,
/player/ben-jaafar/,Ben Jaafar M.,1424.3,1,,,1435.8,1.0,,,,
/player/dartron/,Dartron E.,1424.3,1,1434.3,1.0,,,,,,
/player/gasanov-6a3d1/,Gasanov R.,1424.2,20,1446.0,1.0,1416.1,4.0,,,,
/player/tassi-96a27/,Tassi F.,1424.2,1,,,1423.9,1.0,,,,
/player/vulcano/,Vulcano J.,1424.2,1,,,1427.4,1.0,,,,
/player/frommenwiler/,Frommenwiler A.,1424.2,2,,,1425.5,2.0,,,,
/player/lomacki/,Lomacki P.,1424.2,1,1434.3,1.0,,,,,,
/player/ellena-432ed/,Ellena D.,1424.2,1,,,1434.3,1.0,,,,
/player/sanna-8dfc8/,Sanna G.,1424.1,1,1434.3,1.0,,,,,,
/player/wlodarczyk-6915d/,Wlodarczyk J.,1424.1,3,,,1486.0,2.0,,,,
/player/smarcan/,Smarcan L.,1424.1,1,,,,,,,,
/player/saxer-ceba8/,Saxer N.,1424.1,6,1616.6,2.0,1346.9,3.0,,,,
/player/hermassi/,Hermassi R.,1424.1,15,1440.3,3.0,1451.6,11.0,,,,
/player/puaschitz/,Puaschitz P.,1424.1,1,,,1411.4,1.0,,,,
/player/heward/,Heward M.,1424.1,1,,,1423.6,1.0,,,,
/player/braun-ab4f1/,Braun M.,1424.0,1,,,1422.1,1.0,,,,
/player/boyce-c00a2/,Boyce A.,1423.9,6,,,,,,,,
/player/noy-10c5a/,Noy Y.,1423.9,1,,,,,,,,
/player/drzewiecki/,Drzewiecki K.,1423.9,2,,,1405.2,2.0,,,,
/player/barsukov-88d7b/,Barsukov D.,1423.9,4,1420.6,3.0,1466.1,1.0,,,,
/player/bouasid/,Bouasid M.,1423.9,1,,,,,1434.3,1.0,,
/player/steiner-7d2c8/,Steiner M.,1423.9,7,1384.7,2.0,1471.1,5.0,,,,
/player/surarityotin/,Surarityotin K.,1423.9,1,1434.3,1.0,,,,,,
/player/tang-21b4d/,Tang Y.,1423.8,1,,,1418.6,1.0,,,,
/player/voronkov/,Voronkov A.,1423.8,1,1423.6,1.0,,,,,,
/player/avetisyan-9c72f/,Avetisyan V.,1423.8,1,1434.3,1.0,,,,,,
/player/deac/,Deac P.,1423.8,1,1434.3,1.0,,,,,,
/player/pire/,Pire F.,1423.8,19,1497.2,2.0,1357.4,9.0,,,1557.9,3.0
/player/miller-brown/,Miller-Brown X.,1423.8,2,,,,,,,,
/player/knight-2dabf/,Knight M.,1423.8,1,,,,,1422.1,1.0,,
/player/ndungane/,Ndungane L.,1423.8,5,1432.0,5.0,,,,,,
/player/maser/,Maser L.,1423.8,1,,,1423.7,1.0,,,,
/player/meier-ae4bc/,Meier N.,1423.8,1,,,1420.0,1.0,,,,
/player/isakov-bc976/,Isakov H.,1423.7,1,1434.3,1.0,,,,,,
/player/kunz-6291f/,Kunz J.,1423.7,18,1396.9,5.0,1436.8,13.0,,,,
/player/raser/,Raser F.,1423.7,1,1420.3,1.0,,,,,,
/player/riegler/,Riegler B.,1423.7,1,,,,,,,,
/player/kaynak/,Kaynak M.,1423.6,14,1413.9,13.0,1436.1,1.0,,,,
/player/joly-b4d59/,Joly V.,1423.6,1,,,1434.3,1.0,,,,
/player/talama/,Talama O.,1423.6,1,,,1434.3,1.0,,,,
/player/soponpisut/,Soponpisut P.,1423.6,1,,,1423.4,1.0,,,,
/player/sysoeva-01b7f/,Sysoeva A.,1423.6,2,1467.8,1.0,1438.4,1.0,,,,
/player/martinovic-a9186/,Martinovic D.,1423.5,1,,,1430.2,1.0,,,,
/player/plamenova-fitcheva/,Plamenova Fitcheva S.,1423.5,1,,,1427.1,1.0,,,,
/player/kovkin-c1446/,Kovkin D.,1423.5,3,,,1418.3,3.0,,,,
/player/ponomariova/,Ponomariova A.,1423.5,2,1422.4,2.0,,,,,,
/player/ledama/,Ledama N.,1423.5,1,,,1420.6,1.0,,,,
/player/kartsev/,Kartsev A.,1423.5,7,1488.9,2.0,1470.4,5.0,,,,
/player/leroux-dd474/,Leroux R.,1423.5,1,1423.1,1.0,,,,,,
/player/schneider-b2ef2/,Schneider L.,1423.5,2,,,1417.0,2.0,,,,
/player/tashiro-9b6d4/,Tashiro Y.,1423.5,1,1423.3,1.0,,,,,,
/player/gervais-c57db/,Gervais L.,1423.4,1,,,1423.5,1.0,,,,
/player/covato-e4035/,Covato M.,1423.4,26,1315.2,5.0,1452.1,18.0,1457.3,1.0,,
/player/carvalho-bettoni/,Carvalho Bettoni G.,1423.4,1,,,1417.9,1.0,,,,
/player/wu-d10e8/,Wu H.,1423.3,1,,,1434.3,1.0,,,,
/player/todoric-0069e/,Todoric N.,1423.3,1,,,1422.1,1.0,,,,
/player/goncalves-franca/,Goncalves Franca L.,1423.3,6,1374.9,2.0,1507.0,4.0,,,,
/player/velotta/,Velotta A.,1423.3,1,1435.2,1.0,,,,,,
/player/gilmanov-ae68e/,Gilmanov T.,1423.2,4,,,1431.7,4.0,,,,
/player/djukic-96eaf/,Djukic S.,1423.2,1,,,1422.5,1.0,,,,
/player/zlotea/,Zlotea C.,1423.2,1,,,,,1434.3,1.0,,
/player/cavalcante-batista-da-silva/,Cavalcante Batista Da Silva F.,1423.2,1,,,1422.1,1.0,,,,
/player/koenig-decc7/,Koenig Z.,1423.2,3,,,,,,,,
/player/bresson-a114f/,Bresson M.,1423.1,4,1446.2,4.0,,,,,,
/player/lemstra/,Lemstra K.,1423.1,5,,,1428.4,5.0,,,,
/player/hilsen/,Hilsen B.,1423.1,14,,,,,,,,
/player/concu/,Concu A.,1423.1,1,,,1414.7,1.0,,,,
/player/gatto-f15b2/,Gatto L.,1423.1,1,,,1430.4,1.0,,,,
/player/smilansky/,Smilansky I.,1423.1,4,,,1415.6,4.0,,,,
/player/jankulovski-46015/,Jankulovski G.,1423.0,1,1422.1,1.0,,,,,,
/player/madatali/,Madatali A.,1423.0,1,1434.3,1.0,,,,,,
/player/rackova/,Rackova S.,1423.0,4,,,1424.1,4.0,,,,
/player/skachkova/,Skachkova K.,1423.0,1,,,1423.0,1.0,,,,
/player/zafirovska/,Zafirovska Z.,1423.0,2,,,1434.3,1.0,,,,
/player/charlier/,Charlier D.,1422.9,1,,,,,,,,
/player/marenk/,Marenk M.,1422.9,6,,,1419.1,6.0,,,,
/player/frantzis/,Frantzis C.,1422.9,1,,,1434.3,1.0,,,,
/player/schoppmeyer/,Schoppmeyer D.,1422.8,1,,,1424.3,1.0,,,,
/player/ohorodnyk/,Ohorodnyk D.,1422.8,1,,,1442.1,1.0,,,,
/player/thadpong/,Thadpong K.,1422.8,4,1434.3,1.0,1478.5,3.0,,,,
/player/serdarusic-5f7cc/,Serdarusic N.,1422.8,3,,,1414.3,3.0,,,,
/player/zhang-497d4/,Zhang L.,1422.7,1,1424.5,1.0,,,,,,
/player/oh-1850e/,Oh J.,1422.7,1,1424.8,1.0,,,,,,
/player/larivain/,Larivain J.,1422.7,1,,,1422.5,1.0,,,,
/player/siddiqui-3c58c/,Siddiqui A.,1422.6,25,1442.0,3.0,1447.0,19.0,,,,
/player/curtis-f02ad/,Curtis J.,1422.6,1,,,,,1435.2,1.0,,
/player/walker-08044/,Walker I.,1422.6,1,,,1421.8,1.0,,,,
/player/nikolaieva/,Nikolaieva A.,1422.6,2,,,1405.3,2.0,,,,
/player/chaidemenos/,Chaidemenos G.,1422.6,1,,,,,,,,
/player/sofia/,Sofia F.,1422.5,6,,,1431.4,6.0,,,,
/player/shinchi/,Shinchi E.,1422.5,1,1418.6,1.0,,,,,,
/player/saffar/,Saffar Y.,1422.5,11,1450.2,1.0,1452.0,10.0,,,,
/player/massotte-7f677/,Massotte L.,1422.4,4,,,,,,,,
/player/volpi/,Volpi G.,1422.4,6,,,1437.7,4.0,,,,
/player/vlckova-c8876/,Vlckova K.,1422.4,4,,,1458.6,4.0,,,,
/player/grabher/,Grabher A.,1422.4,1,,,1411.8,1.0,,,,
/player/budarescu/,Budarescu M.,1422.4,1,,,,,1434.3,1.0,,
/player/tang-d753e/,Tang Y.,1422.4,2,1425.7,2.0,,,,,,
/player/kilimnik/,Kilimnik I.,1422.4,1,,,1434.3,1.0,,,,
/player/furtado/,Furtado E.,1422.3,1,,,1426.2,1.0,,,,
/player/naik-0fc97/,Naik A.,1422.3,6,1375.2,3.0,1564.5,3.0,,,,
/player/guglieri/,Guglieri T.,1422.3,5,,,,,,,,
/player/wellington/,Wellington J.,1422.2,1,,,,,1434.3,1.0,,
/player/korzeniak/,Korzeniak A.,1422.2,1,,,1426.0,1.0,,,,
/player/medviedieva/,Medviedieva D.,1422.2,1,,,1423.1,1.0,,,,
/player/johnson-d96bb/,Johnson E.,1422.2,3,1417.8,3.0,,,,,,
/player/vojak/,Vojak L.,1422.2,1,,,1421.2,1.0,,,,
/player/pedrosa-e1af5/,Pedrosa L.,1422.2,1,1424.3,1.0,,,,,,
/player/millan-55673/,Millan F.,1422.2,1,,,1422.2,1.0,,,,
/player/nadal-vives/,Nadal Vives J.,1422.1,1,,,1434.3,1.0,,,,
/player/sprecher/,Sprecher M.,1422.1,1,,,1422.1,1.0,,,,
/player/kimelman-2cb98/,Kimelman Z.,1422.1,1,,,1422.1,1.0,,,,
/player/hernandez-rubio/,Hernandez Rubio R.,1422.1,1,1434.3,1.0,,,,,,
/player/park-1417d/,Park S.,1422.1,2,1421.8,2.0,,,,,,
/player/miya/,Miya Y.,1422.1,1,1422.1,1.0,,,,,,
/player/chiu-85f44/,Chiu B.,1422.1,1,,,,,,,,
/player/bulatovic-1a649/,Bulatovic C.,1422.1,1,,,1434.3,1.0,,,,
/player/ilahi/,Ilahi L.,1422.1,1,,,1422.1,1.0,,,,
/player/tyagi-0baeb/,Tyagi A.,1422.1,1,1422.1,1.0,,,,,,
/player/kuruzovic/,Kuruzovic D.,1422.1,1,,,1422.1,1.0,,,,
/player/frutos-562ed/,Frutos D.,1422.1,1,,,1434.3,1.0,,,,
/player/vojinovic-9459e/,Vojinovic D.,1422.1,1,,,1420.7,1.0,,,,
/player/giaccaglia/,Giaccaglia P.,1422.1,1,,,1422.1,1.0,,,,
/player/yoshida-9cebf/,Yoshida N.,1422.1,1,1422.1,1.0,,,,,,
/player/kaple/,Kaple H.,1422.1,1,,,1422.1,1.0,,,,
/player/kiss-efba0/,Kiss K.,1422.1,1,1422.1,1.0,,,,,,
/player/bouzgarrou/,Bouzgarrou M.,1422.1,1,,,1422.1,1.0,,,,
/player/chiba-2a946/,Chiba H.,1422.1,1,1422.1,1.0,,,,,,
/player/mcpeek/,McPeek C.,1422.1,1,1434.3,1.0,,,,,,
/player/kovacevic-e4751/,Kovacevic S.,1422.1,1,1422.1,1.0,,,,,,
/player/darade/,Darade A.,1422.1,1,,,1422.1,1.0,,,,
/player/fasoli/,Fasoli D.,1422.1,1,,,1422.1,1.0,,,,
/player/grassi-9ccf0/,Grassi A.,1422.1,1,,,1422.1,1.0,,,,
/player/bekkali-f13a0/,Bekkali O.,1422.1,1,1434.3,1.0,,,,,,
/player/gonzalez-nombela/,Gonzalez Nombela J.,1422.1,1,1422.1,1.0,,,,,,
/player/wu-4e36a/,Wu K.,1422.1,1,1434.3,1.0,,,,,,
/player/wills-3f4b9/,Wills R.,1422.1,1,,,1434.3,1.0,,,,
/player/teikari/,Teikari A.,1422.1,1,,,1422.1,1.0,,,,
/player/romero-estrada/,Romero Estrada R.,1422.1,1,1434.3,1.0,,,,,,
/player/soboleva/,Soboleva A.,1422.1,1,,,1422.1,1.0,,,,
/player/williams-6524d/,Williams C.,1422.1,1,,,,,,,,
/player/ernst-ee6a1/,Ernst N.,1422.1,1,,,1422.1,1.0,,,,
/player/rahil/,Rahil A.,1422.1,1,1434.3,1.0,,,,,,
/player/nys/,Nys H.,1422.1,1,,,1422.1,1.0,,,,
/player/moore-8370a/,Moore E.,1422.1,1,,,,,,,,
/player/tchamani/,Tchamani A.,1422.1,1,1434.3,1.0,,,,,,
/player/nicolau-8af85/,Nicolau S.,1422.1,1,,,,,,,,
/player/narmaganbet/,Narmaganbet E.,1422.1,1,1422.1,1.0,,,,,,
/player/gabba/,Gabba G.,1422.1,1,1434.3,1.0,,,,,,
/player/labbe-vidoni/,Labbe Vidoni G.,1422.1,1,,,1434.3,1.0,,,,
/player/couto-a20f9/,Couto M.,1422.1,1,,,,,1434.3,1.0,,
/player/pakkiri/,Pakkiri J.,1422.1,1,1422.1,1.0,,,,,,
/player/almeida-andres/,Almeida Andres P.,1422.1,1,,,1434.3,1.0,,,,
/player/duvnjak/,Duvnjak E.,1422.1,1,1422.1,1.0,,,,,,
/player/szoichet-pentray/,Szoichet Pentray M.,1422.1,1,,,1434.3,1.0,,,,
/player/shestopalova/,Shestopalova M.,1422.1,1,1422.1,1.0,,,,,,
/player/min-4a0de/,Min S.,1422.1,1,1422.1,1.0,,,,,,
/player/tahiri-1cc12/,Tahiri A.,1422.0,3,,,1483.4,2.0,1422.1,1.0,,
/player/oliveriusova/,Oliveriusova S.,1422.0,1,,,1429.2,1.0,,,,
/player/strazza/,Strazza M.,1422.0,1,,,1422.1,1.0,,,,
/player/huang-b475e/,Huang W.,1422.0,2,,,1448.7,1.0,,,,
/player/veleva-0a844/,Veleva V.,1422.0,31,1489.9,4.0,1416.7,27.0,,,,
/player/delaney-28a82/,Delaney M.,1421.9,1,1446.6,1.0,,,,,,
/player/kim-81909/,Kim M.,1421.9,1,,,1421.8,1.0,,,,
/player/wootton-2e92f/,Wootton D.,1421.9,1,1422.1,1.0,,,,,,
/player/myronov/,Myronov A.,1421.8,1,1434.3,1.0,,,,,,
/player/mendez-xi/,Mendez Xi S.,1421.8,1,,,1436.5,1.0,,,,
/player/soier/,Soier V.,1421.8,1,,,1422.2,1.0,,,,
/player/raath/,Raath M.,1421.8,11,1565.7,1.0,,,,,,
/player/svensson-70d41/,Svensson N.,1421.8,1,,,1421.7,1.0,,,,
/player/skelton/,Skelton M.,1421.8,1,1431.0,1.0,,,,,,
/player/pohl/,Pohl S.,1421.8,1,,,,,,,,
/player/damico-89fda/,Damico D.,1421.7,1,,,1421.4,1.0,,,,
/player/cogolo/,Cogolo A.,1421.7,1,,,1414.8,1.0,,,,
/player/pieragostini/,Pieragostini M.,1421.7,5,1454.2,4.0,1453.8,1.0,,,,
/player/hurducas/,Hurducas S.,1421.7,1,,,1416.6,1.0,,,,
/player/heine-4fc0f/,Heine E.,1421.7,1,,,1420.2,1.0,,,,
/player/wawrinka/,Wawrinka J.,1421.6,2,,,1421.6,2.0,,,,
/player/tseng-044b9/,Tseng T.,1421.6,14,1523.4,3.0,1454.1,7.0,,,,
/player/trifunovski/,Trifunovski A.,1421.6,5,1553.4,1.0,1379.2,4.0,,,,
/player/seitz-d0757/,Seitz J.,1421.6,9,,,1521.1,3.0,,,,
/player/sanogo/,Sanogo E.,1421.6,12,1467.0,7.0,1458.3,4.0,,,,
/player/maeland/,Maeland C.,1421.6,11,1537.9,7.0,,,,,,
/player/strauss-b01a1/,Strauss M.,1421.5,1,,,,,1434.3,1.0,,
/player/karatancheva-ea42f/,Karatancheva A.,1421.4,20,,,1401.6,15.0,,,,
/player/melki-06239/,Melki L.,1421.4,1,1431.5,1.0,,,,,,
/player/brandao-3a080/,Brandao N.,1421.4,1,,,1403.9,1.0,,,,
/player/ruffino/,Ruffino E.,1421.4,2,,,1415.1,2.0,,,,
/player/schroll/,Schroll P.,1421.4,4,,,1418.9,4.0,,,,
/player/gidachyan/,Gidachyan S.,1421.3,3,,,1436.9,3.0,,,,
/player/schenk-c2ea3/,Schenk A.,1421.3,1,,,1426.2,1.0,,,,
/player/geurten/,Geurten R.,1421.3,1,,,,,,,,
/player/schipor-61816/,Schipor R.,1421.3,1,,,1430.5,1.0,,,,
/player/scott-fdddb/,Scott A.,1421.2,14,1404.5,4.0,1500.6,4.0,,,,
/player/costa-araujo/,Costa Araujo T.,1421.2,1,1422.0,1.0,,,,,,
/player/hrda/,Hrda L.,1421.2,23,1344.6,10.0,1496.1,11.0,1503.4,2.0,,
/player/raynel/,Raynel A.,1421.2,23,1404.6,7.0,1379.9,16.0,,,,
/player/kodaka/,Kodaka M.,1421.1,1,1419.7,1.0,,,,,,
/player/moura-93136/,Moura B.,1421.1,1,1434.3,1.0,,,,,,
/player/vlajic-eeaf6/,Vlajic T.,1421.1,30,1494.3,21.0,1344.4,9.0,,,,
/player/simion-edbe7/,Simion A.,1421.0,1,,,1421.7,1.0,,,,
/player/simon-b7eae/,Simon I.,1421.0,1,,,1443.4,1.0,,,,
/player/stockwell/,Stockwell B.,1421.0,1,,,1449.3,1.0,,,,
/player/mebarki-26e2b/,Mebarki R.,1421.0,1,,,,,,,,
/player/goffin/,Goffin D.,1421.0,9,1479.7,1.0,1441.2,6.0,1441.7,1.0,1448.3,1.0
/player/srbulovic/,Srbulovic S.,1421.0,2,,,1421.0,2.0,,,,
/player/hsieh-0cc76/,Hsieh C.,1420.9,2,1430.8,1.0,1463.1,1.0,,,,
/player/malone-de4e9/,Malone C.,1420.9,1,,,1423.8,1.0,,,,
/player/piano/,Piano G.,1420.9,20,1500.4,2.0,1465.6,12.0,1446.5,3.0,,
/player/vasconcelos-da-costa/,Vasconcelos Da Costa T,1420.9,3,1429.7,3.0,,,,,,
/player/beuing/,Beuing L.,1420.9,1,,,1422.1,1.0,,,,
/player/van-den-dongen/,Van den Dongen L.,1420.8,1,,,1435.1,1.0,,,,
/player/jukic-4ae13/,Jukic S.,1420.8,2,,,1403.4,2.0,,,,
/player/panik/,Panik M.,1420.8,1,,,1438.4,1.0,,,,
/player/stoot/,Stoot D.,1420.7,22,1552.9,12.0,1328.4,6.0,,,,
/player/pimenta-44b2d/,Pimenta J.,1420.7,6,1434.3,1.0,1448.3,5.0,,,,
/player/holzinger-44c96/,Holzinger P.,1420.7,6,,,1422.7,6.0,,,,
/player/perez-839e1/,Perez J.,1420.7,3,1434.3,1.0,1470.9,2.0,,,,
/player/brown-86a3a/,Brown C.,1420.7,5,1453.5,1.0,,,,,1434.3,1.0
/player/rathi-863cf/,Rathi M.,1420.6,1,1420.6,1.0,,,,,,
/player/lewis-486ff/,Lewis O.,1420.6,2,,,,,,,,
/player/sommer-4c46e/,Sommer N.,1420.6,1,1402.2,1.0,,,,,,
/player/pasterk/,Pasterk L.,1420.6,1,,,1420.5,1.0,,,,
/player/novikov-d1176/,Novikov K.,1420.6,3,1509.0,2.0,1428.8,1.0,,,,
/player/erwin/,Erwin T.,1420.6,1,1413.3,1.0,,,,,,
/player/catalinoiu-gociman/,Catalinoiu Gociman I.,1420.5,1,,,1420.2,1.0,,,,
/player/hilderbrand/,Hilderbrand T.,1420.5,2,1449.4,1.0,1435.5,1.0,,,,
/player/muro-castellvi/,Muro Castellvi C.,1420.5,1,1434.3,1.0,,,,,,
/player/dahiya/,Dahiya J.,1420.5,1,,,1409.9,1.0,,,,
/player/roberta-bouth-pinheiro/,Roberta Bouth Pinheiro B.,1420.5,3,1471.3,2.0,1434.3,1.0,,,,
/player/milash/,Milash E.,1420.5,7,1518.5,5.0,1375.1,2.0,,,,
/player/del-sal/,Del Sal B.,1420.5,2,,,1408.8,2.0,,,,
/player/pons-lopez/,Pons Lopez M.,1420.5,3,,,1439.2,3.0,,,,
/player/wallaert/,Wallaert A.,1420.4,1,,,1434.3,1.0,,,,
/player/pozzi-758a0/,Pozzi M.,1420.4,5,1434.3,1.0,1427.0,4.0,,,,
/player/grewal-96191/,Grewal K.,1420.4,1,1417.7,1.0,,,,,,
/player/lee-118d4/,Lee P.,1420.4,2,1388.8,2.0,,,,,,
/player/tsay-92a40/,Tsay D.,1420.3,1,,,,,,,,
/player/linde-palacios/,Linde Palacios S.,1420.3,26,1487.8,3.0,1500.1,20.0,,,,
/player/edwards-46a92/,Edwards T.,1420.3,17,,,1542.9,7.0,,,,
/player/bouzoubaa/,Bouzoubaa I.,1420.3,7,1574.9,1.0,,,,,,
/player/morina/,Morina F.,1420.3,1,,,,,,,,
/player/donald-cff93/,Donald N.,1420.2,1,,,,,,,,
/player/morelli-7b54a/,Morelli E.,1420.2,1,,,1425.2,1.0,,,,
/player/sosa-f0ed6/,Sosa F.,1420.2,1,,,,,,,,
/player/ruoxi/,Ruoxi M.,1420.2,15,1368.2,10.0,1546.0,3.0,,,1504.6,2.0
/player/dummer-macedo/,Dummer Macedo T.,1420.2,9,1431.7,3.0,1485.1,4.0,,,,
/player/radulova-ae01a/,Radulova Y.,1420.2,6,,,1417.3,6.0,,,,
/player/zhang-5eaa2/,Zhang R.,1420.1,3,1473.5,2.0,1445.7,1.0,,,,
/player/melnikova/,Melnikova M.,1420.1,4,,,1415.9,4.0,,,,
/player/murek/,Murek M.,1420.1,3,1428.2,3.0,,,,,,
/player/salbiev-ddc8a/,Salbiev M.,1420.1,5,1386.1,2.0,1472.7,3.0,,,,
/player/hance-559dc/,Hance E.,1420.1,1,,,1413.3,1.0,,,,
/player/egitto/,Egitto E.,1420.0,1,,,1434.3,1.0,,,,
/player/sorbello-d0904/,Sorbello E.,1420.0,1,,,1419.8,1.0,,,,
/player/borgsten/,Borgsten N.,1420.0,1,,,,,,,,
/player/perret-0fe83/,Perret D.,1420.0,3,1434.3,1.0,1519.6,2.0,,,,
/player/exner-28ed0/,Exner P.,1420.0,1,,,1406.5,1.0,,,,
/player/frost-c8a7f/,Frost A.,1420.0,1,,,1435.2,1.0,,,,
/player/gerasimov/,Gerasimov E.,1419.9,4,,,1406.8,4.0,,,,
/player/makeichyk/,Makeichyk M.,1419.9,1,1415.6,1.0,,,,,,
/player/barrere-cbb76/,Barrere V.,1419.9,4,1422.1,1.0,1449.0,2.0,,,,
/player/sriporn/,Sriporn Y.,1419.9,1,1434.3,1.0,,,,,,
/player/grgic-a2d51/,Grgic B.,1419.9,1,,,1422.1,1.0,,,,
/player/maruyama-8bb12/,Maruyama K.,1419.9,1,1419.9,1.0,,,,,,
/player/criddle/,Criddle I.,1419.8,1,,,,,,,,
/player/barth-6bf0f/,Barth E.,1419.8,1,,,1445.5,1.0,,,,
/player/berka-17a9b/,Berka M.,1419.8,1,,,,,,,,
/player/covian/,Covian O.,1419.8,3,,,1405.7,3.0,,,,
/player/arcila-1eb73/,Arcila A.,1419.8,7,1515.3,2.0,1340.8,3.0,1508.6,2.0,,
/player/berezov/,Berezov A.,1419.8,1,1418.2,1.0,,,,,,
/player/chunduru/,Chunduru P.,1419.8,10,1433.5,1.0,1449.8,6.0,,,,
/player/ogando-monteiro-machado/,Ogando Monteiro Machado J.,1419.8,1,1438.7,1.0,,,,,,
/player/shumilov/,Shumilov E.,1419.8,8,,,,,,,,
/player/fannin-c5878/,Fannin L.,1419.8,5,1429.0,5.0,,,,,,
/player/eckart/,Eckart N.,1419.7,2,,,1412.0,2.0,,,,
/player/arora-7091a/,Arora R.,1419.7,6,1416.1,6.0,,,,,,
/player/talha/,Talha A.,1419.7,2,,,1406.8,2.0,,,,
/player/le-runigo/,Le Runigo T.,1419.7,2,,,1395.9,2.0,,,,
/player/caceres-eb3f0/,Caceres A.,1419.7,1,1417.5,1.0,,,,,,
/player/mendibe/,Mendibe K.,1419.7,1,,,,,,,,
/player/gonzalez-collado/,Gonzalez Collado E.,1419.6,1,,,,,,,,
/player/felisberto/,Felisberto L.,1419.6,1,,,1424.5,1.0,,,,
/player/hrazdil/,Hrazdil J.,1419.6,27,1294.8,5.0,1441.4,22.0,,,,
/player/ford-69e7d/,Ford K.,1419.6,1,,,,,1434.3,1.0,,
/player/chen-aa6e7/,Chen Y.,1419.5,7,1395.9,5.0,1506.8,2.0,,,,
/player/padilla-silva/,Padilla Silva G.,1419.5,1,,,1419.9,1.0,,,,
/player/barhacova/,Barhacova S.,1419.4,1,,,1419.3,1.0,,,,
/player/rasheed-khan/,Rasheed Khan A.,1419.4,1,,,1434.3,1.0,,,,
/player/camacho-15044/,Camacho I.,1419.4,5,,,,,,,,
/player/lefeuvre/,Lefeuvre T.,1419.4,1,,,1432.6,1.0,,,,
/player/dragicevic-5469c/,Dragicevic N.,1419.4,5,,,1422.0,5.0,,,,
/player/muntwyler/,Muntwyler S.,1419.4,6,1494.4,2.0,1556.2,1.0,1384.7,2.0,,
/player/ferolla/,Ferolla F.,1419.4,1,,,1434.3,1.0,,,,
/player/gutierrez-7b3c2/,Gutierrez C.,1419.4,1,,,1421.0,1.0,,,,
/player/andriantefihasina/,Andriantefihasina E.,1419.4,1,,,,,,,,
/player/mylnikova/,Mylnikova M.,1419.3,5,1442.1,5.0,,,,,,
/player/ip-3b947/,Ip N.,1419.3,5,1429.6,1.0,,,,,,
/player/mautner-2cc0e/,Mautner J.,1419.3,2,,,1418.9,2.0,,,,
/player/leitgeb/,Leitgeb A.,1419.3,1,,,1414.7,1.0,,,,
/player/roux-f9a00/,Roux E.,1419.3,8,1425.2,1.0,1615.3,2.0,1434.3,1.0,,
/player/krstelj/,Krstelj E.,1419.3,1,,,1432.3,1.0,,,,
/player/kim-f9a57/,Kim A.,1419.3,1,1419.9,1.0,,,,,,
/player/yoshida-4aa1b/,Yoshida R.,1419.3,2,1411.2,2.0,,,,,,
/player/zhang-2a9c4/,Zhang G.,1419.3,1,,,,,,,1422.1,1.0
/player/tazabekov/,Tazabekov D.,1419.2,11,1331.6,3.0,1616.0,5.0,1434.3,1.0,,
/player/roseler-caballero/,Roseler Caballero D.,1419.2,1,1424.6,1.0,,,,,,
/player/saulenko/,Saulenko T.,1419.2,1,,,1434.3,1.0,,,,
/player/brooks-20c34/,Brooks A.,1419.2,26,1467.7,16.0,1530.6,7.0,,,1458.4,3.0
/player/haverlag/,Haverlag I.,1419.2,1,,,1419.2,1.0,,,,
/player/leitner-13c8b/,Leitner S.,1419.1,1,,,1421.3,1.0,,,,
/player/pereira-xavier/,Pereira Xavier J.,1419.1,12,1525.6,5.0,1426.7,6.0,,,,
/player/castiglioni-0f315/,Castiglioni E.,1419.1,1,1434.3,1.0,,,,,,
/player/lin-9d80c/,Lin Y.,1419.0,3,1416.9,1.0,1493.2,2.0,,,,
/player/minetti-a625d/,Minetti M.,1419.0,1,,,1432.6,1.0,,,,
/player/lashkhi/,Lashkhi P.,1419.0,1,,,1420.3,1.0,,,,
/player/kelch/,Kelch M.,1418.9,2,,,1429.5,2.0,,,,
/player/clydesdale-eberle/,Clydesdale-Eberle Z.,1418.9,1,1419.6,1.0,,,,,,
/player/sedefoglu/,Sedefoglu A.,1418.9,1,,,1429.4,1.0,,,,
/player/shah-94ef0/,Shah P.,1418.9,1,,,1426.9,1.0,,,,
/player/krummen/,Krummen S.,1418.9,1,,,1419.0,1.0,,,,
/player/anghelus/,Anghelus M.,1418.9,1,,,1434.3,1.0,,,,
/player/gomez-7ac3a/,Gomez G.,1418.8,13,1432.2,1.0,1440.3,10.0,1434.3,1.0,,
/player/chantron/,Chantron C.,1418.8,6,,,,,,,,
/player/schincariol-barbosa/,Schincariol Barbosa G.,1418.8,9,1443.4,4.0,1415.9,5.0,,,,
/player/dodaj/,Dodaj C.,1418.8,27,1385.5,20.0,,,1434.3,1.0,,
/player/knani/,Knani O.,1418.8,10,1492.3,2.0,1404.0,7.0,1446.6,1.0,,
/player/zielinski-d4fdb/,Zielinski N.,1418.7,1,,,1444.4,1.0,,,,
/player/schmidt-97783/,Schmidt L.,1418.7,8,,,1394.0,8.0,,,,
/player/lynn-browne-e56de/,Lynn-Browne T.,1418.7,1,1432.5,1.0,,,,,,
/player/manzano-navarro/,Manzano Navarro E.,1418.7,4,1503.8,2.0,1371.6,2.0,,,,
/player/fiacan-5bf7f/,Fiacan M.,1418.6,1,,,1436.7,1.0,,,,
/player/reyes-gallego/,Reyes Gallego G.,1418.6,1,,,,,,,,
/player/iyer-chadalawada/,Iyer Chadalawada A.,1418.6,3,,,,,,,,
/player/bhopal/,Bhopal A.,1418.5,9,1410.7,9.0,,,,,,
/player/kimelman/,Kimelman L.,1418.5,1,,,,,,,,
/player/penasa/,Penasa L.,1418.5,1,1422.1,1.0,,,,,,
/player/kim-7063d/,Kim Y.,1418.5,13,1426.2,13.0,,,,,,
/player/skorobogatova/,Skorobogatova I.,1418.5,5,1414.6,5.0,,,,,,
/player/kotzen-f1db0/,Kotzen A.,1418.4,19,1434.3,1.0,1565.7,1.0,,,,
/player/ramos-garcia/,Ramos Garcia M.,1418.4,2,,,,,,,,
/player/outor/,Outor V.,1418.4,1,,,1427.2,1.0,,,,
/player/griffioen/,Griffioen T.,1418.4,1,,,,,,,,
/player/linhartova/,Linhartova N.,1418.3,4,,,,,,,,
/player/schreiner-17746/,Schreiner O.,1418.3,4,,,,,,,,
/player/fidler/,Fidler T.,1418.2,7,,,1467.5,4.0,,,,
/player/keck/,Keck J.,1418.2,9,,,1439.8,8.0,,,,
/player/jolly-0e382/,Jolly A.,1418.2,1,,,1425.4,1.0,,,,
/player/pel-dd57c/,Pel S.,1418.2,3,1384.7,2.0,1549.8,1.0,,,,
/player/khachapuridze/,Khachapuridze G.,1418.1,1,,,1424.6,1.0,,,,
/player/paladi/,Paladi S.,1418.1,1,1418.6,1.0,,,,,,
/player/pirtac/,Pirtac B.,1418.1,1,1428.8,1.0,,,,,,
/player/nakagawa-34837/,Nakagawa Y.,1418.1,5,,,,,,,,
/player/pazos-delaguila/,Pazos-Delaguila A.,1418.0,1,1424.0,1.0,,,,,,
/player/soetebier/,Soetebier J.,1418.0,3,,,1504.6,2.0,,,,
/player/jurina-745ad/,Jurina P.,1418.0,1,,,,,,,,
/player/alopaeus/,Alopaeus M.,1418.0,1,,,1414.4,1.0,,,,
/player/bui-ec5f1/,Bui M.,1418.0,2,,,,,,,,
/player/marin-6a48e/,Marin D.,1418.0,1,,,1424.6,1.0,,,,
/player/arias-e3c28/,Arias A.,1418.0,1,1417.6,1.0,,,,,,
/player/peer-5d68b/,Peer L.,1417.9,19,,,1407.9,19.0,,,,
/player/sahinoglu/,Sahinoglu A.,1417.9,8,1445.6,1.0,1491.8,4.0,1565.7,1.0,,
/player/sevilla-perez/,Sevilla Perez A.,1417.9,1,,,1419.9,1.0,,,,
/player/cona-ea9d1/,Cona M.,1417.8,1,,,1420.7,1.0,,,,
/player/vitez-4e046/,Vitez C.,1417.8,1,,,1433.2,1.0,,,,
/player/nishiwaki-f9407/,Nishiwaki M.,1417.8,7,1413.6,7.0,,,,,,
/player/vuckovic-2f1d6/,Vuckovic M.,1417.8,1,,,,,1434.3,1.0,,
/player/neradova/,Neradova K.,1417.7,5,,,1412.5,5.0,,,,
/player/roehm/,Roehm L.,1417.7,3,,,,,,,,
/player/ozdemir-25f58/,Ozdemir P.,1417.7,1,1416.8,1.0,,,,,,
/player/erlewein/,Erlewein T.,1417.7,13,1434.3,1.0,1504.2,7.0,,,,
/player/suvirdjonkova-8b8c8/,Suvirdjonkova V.,1417.7,5,1423.1,5.0,,,,,,
/player/lokotkova/,Lokotkova D.,1417.7,2,1437.1,2.0,,,,,,
/player/chindris/,Chindris A.,1417.6,1,,,1416.1,1.0,,,,
/player/kowalska-f1ea1/,Kowalska N.,1417.6,1,1434.3,1.0,,,,,,
/player/percipalle/,Percipalle S.,1417.6,1,,,,,1434.3,1.0,,
/player/partida-bba03/,Partida M.,1417.5,1,,,1413.9,1.0,,,,
/player/bennour-dit-sahli/,Bennour Dit Sahli A.,1417.5,23,1430.4,1.0,1289.0,5.0,1574.0,3.0,,
/player/varbanciu/,Varbanciu M.,1417.5,13,1568.3,3.0,1486.5,6.0,1434.3,1.0,,
/player/gersbeck/,Gersbeck L.,1417.5,4,,,1416.6,4.0,,,,
/player/markova-e8418/,Markova S.,1417.4,7,,,1422.1,7.0,,,,
/player/spinato-freire-de-jesus/,Spinato Freire De Jesus L.,1417.4,1,,,1417.3,1.0,,,,
/player/heckmann-784bc/,Heckmann M.,1417.4,1,,,1443.9,1.0,,,,
/player/markelov/,Markelov A.,1417.4,5,1498.1,2.0,1481.7,2.0,,,,
/player/muller-b7c49/,Muller M.,1417.4,1,,,,,,,,
/player/engelmann-be4c7/,Engelmann J.,1417.3,7,,,1420.5,7.0,,,,
/player/schembari/,Schembari A.,1417.3,1,1434.3,1.0,,,,,,
/player/matysiak/,Matysiak A.,1417.2,1,,,1422.1,1.0,,,,
/player/onofrei/,Onofrei M.,1417.2,4,,,,,,,,
/player/mitran/,Mitran C.,1417.1,6,,,1426.0,6.0,,,,
/player/lutringer/,Lutringer L.,1417.1,1,,,,,,,,
/player/taylor-8ea0d/,Taylor D.,1417.1,1,,,,,,,,
/player/donnelly-e92db/,Donnelly L.,1417.0,9,1372.4,2.0,,,,,,
/player/ekpenyong/,Ekpenyong D.,1417.0,10,,,,,,,,
/player/matthews-6050e/,Matthews S.,1417.0,1,1422.1,1.0,,,,,,
/player/winter-lopez/,Winter Lopez B.,1416.9,3,,,1406.6,3.0,,,,
/player/seciu/,Seciu M.,1416.8,2,,,1407.3,2.0,,,,
/player/ramskogler-a4664/,Ramskogler N.,1416.8,4,,,1416.9,4.0,,,,
/player/sverzut-corsini/,Sverzut Corsini L.,1416.8,13,1396.3,4.0,1476.4,7.0,,,,
/player/dupasquier-picci/,Dupasquier Picci T.,1416.8,4,,,1408.9,4.0,,,,
/player/alkio-9aef9/,Alkio E.,1416.7,1,,,1423.5,1.0,,,,
/player/tartaglione/,Tartaglione S.,1416.7,1,1446.6,1.0,,,,,,
/player/mendoza-garcia/,Mendoza Garcia K.,1416.7,1,1422.1,1.0,,,,,,
/player/hernandez-gutierrez/,Hernandez Gutierrez A.,1416.7,2,,,,,1434.3,1.0,,
/player/guerra-092b3/,Guerra B.,1416.6,18,1487.9,2.0,1397.8,9.0,1626.7,2.0,,
/player/henze/,Henze H.,1416.6,1,,,1416.9,1.0,,,,
/player/messi/,Messi S.,1416.6,1,,,1419.2,1.0,,,,
/player/simon-b36e3/,Simon P.,1416.6,1,,,1418.9,1.0,,,,
/player/salazar-7df04/,Salazar A.,1416.6,2,,,1412.0,2.0,,,,
/player/dubinin/,Dubinin A.,1416.6,22,1512.6,4.0,1401.1,15.0,,,,
/player/lencina/,Lencina S.,1416.6,1,1416.6,1.0,,,,,,
/player/obrien/,Obrien M.,1416.5,1,1422.1,1.0,,,,,,
/player/sohail/,Sohail H.,1416.5,1,1440.0,1.0,,,,,,
/player/sanchez-briend/,Sanchez Briend V.,1416.5,3,,,1418.1,3.0,,,,
/player/armijo-ballesteros/,Armijo Ballesteros R.,1416.4,1,,,1416.2,1.0,,,,
/player/quintela/,Quintela G.,1416.4,6,1448.7,3.0,,,1495.4,2.0,,
/player/de-matteo/,De Matteo F.,1416.4,3,1416.7,3.0,,,,,,
/player/sauer-jimenez-089e1/,Sauer Jimenez N.,1416.4,2,,,1407.9,2.0,,,,
/player/latrubesse/,Latrubesse V.,1416.4,3,,,1432.5,3.0,,,,
/player/nykyforuk/,Nykyforuk A.,1416.3,1,,,1426.9,1.0,,,,
/player/tanaka-96406/,Tanaka N.,1416.3,1,1416.3,1.0,,,,,,
/player/tapia-touma/,Tapia Touma M.,1416.3,2,1465.9,1.0,1443.6,1.0,,,,
/player/zahariev-0b22b/,Zahariev K.,1416.2,1,,,1426.2,1.0,,,,
/player/phillips-91a22/,Phillips J.,1416.2,8,,,,,,,,
/player/ternera-agredo/,Ternera Agredo M.,1416.2,2,1417.1,2.0,,,,,,
/player/marston/,Marston P.,1416.2,1,1434.3,1.0,,,,,,
/player/aiassa-dea77/,Aiassa M.,1416.2,2,,,1427.1,1.0,,,,
/player/matviyenko/,Matviyenko L.,1416.1,6,,,1417.8,6.0,,,,
/player/peterhans/,Peterhans Y.,1416.1,24,1500.7,8.0,1581.9,11.0,1434.3,1.0,,
/player/vasileva-32aa1/,Vasileva A.,1416.1,19,1467.8,15.0,1461.2,3.0,,,1434.3,1.0
/player/ferreira-banietti/,Ferreira Banietti M.,1416.0,1,,,1409.8,1.0,,,,
/player/putic/,Putic M.,1416.0,1,,,1411.4,1.0,,,,
/player/tatlilik/,Tatlilik B.,1416.0,1,1415.4,1.0,,,,,,
/player/markov-22727/,Markov M.,1416.0,7,1411.7,3.0,1470.3,3.0,1434.3,1.0,,
/player/dimitrijevic-61db9/,Dimitrijevic M.,1416.0,1,,,1405.7,1.0,,,,
/player/harrison-3fc12/,Harrison S.,1416.0,7,,,,,,,,
/player/langenaken/,Langenaken L.,1415.9,11,1446.9,5.0,1496.8,3.0,1434.3,1.0,,
/player/irwanto/,Irwanto J.,1415.9,14,1422.3,1.0,1428.6,1.0,,,,
/player/kinard-0ec49/,Kinard T.,1415.9,15,1410.3,15.0,,,,,,
/player/loukopoulos/,Loukopoulos K.,1415.8,11,1467.2,3.0,1491.9,6.0,,,,
/player/hastick/,Hastick X.,1415.8,1,,,1424.8,1.0,,,,
/player/morsy-bfa67/,Morsy O.,1415.8,8,1430.9,3.0,1463.1,5.0,,,,
/player/rennert/,Rennert J.,1415.8,5,,,1483.7,4.0,,,,
/player/tomegah-49d21/,Tomegah S.,1415.7,5,,,,,,,,
/player/ko-34d91/,Ko Y.,1415.7,2,1415.7,2.0,,,,,,
/player/crinebouch/,Crinebouch H.,1415.7,11,,,1440.2,9.0,,,1366.5,2.0
/player/gjukovikj/,Gjukovikj B.,1415.7,1,1434.3,1.0,,,,,,
/player/batagin/,Batagin G.,1415.7,4,,,1434.3,4.0,,,,
/player/xie-b4f56/,Xie X.,1415.7,21,1515.7,7.0,1448.1,11.0,,,,
/player/nguyen-6f714/,Nguyen M.,1415.7,12,1416.8,1.0,,,,,,
/player/sivonen/,Sivonen V.,1415.7,1,,,1406.9,1.0,,,,
/player/rogozinska-dzik/,Rogozinska Dzik S.,1415.7,1,1428.8,1.0,,,,,,
/player/rudolf-b0e6c/,Rudolf M.,1415.6,1,,,1420.3,1.0,,,,
/player/courte/,Courte H.,1415.6,2,,,1403.6,2.0,,,,
/player/larosa/,Larosa L.,1415.6,12,,,1434.3,1.0,,,,
/player/gaudreau-barnes/,Gaudreau Barnes J.,1415.6,1,,,1422.1,1.0,,,,
/player/matthysen/,Matthysen L.,1415.6,4,,,,,,,,
/player/yang-4f602/,Yang B.,1415.6,1,,,,,,,,
/player/sartori-7f796/,Sartori A.,1415.5,5,1468.9,4.0,1411.5,1.0,,,,
/player/tong-31178/,Tong D.,1415.5,1,,,1419.5,1.0,,,,
/player/hegedus-kyster/,Hegedus-Kyster B.,1415.5,4,1506.8,2.0,1434.3,1.0,1434.3,1.0,,
/player/talic/,Talic Z.,1415.5,19,1406.2,4.0,1372.3,14.0,,,,
/player/jeanne-grandinot/,Jeanne-Grandinot D.,1415.5,5,,,1434.3,1.0,,,,
/player/kis-balazs/,Kis Balazs R.,1415.5,17,1508.3,3.0,1393.9,2.0,,,,
/player/chinsupakul/,Chinsupakul A.,1415.5,1,,,1434.9,1.0,,,,
/player/ward-8c34c/,Ward J.,1415.5,1,,,1416.1,1.0,,,,
/player/max/,Max M.,1415.4,1,,,1422.0,1.0,,,,
/player/mai-16562/,Mai I.,1415.4,1,1405.1,1.0,,,,,,
/player/weir-426d8/,Weir P.,1415.4,2,,,1438.3,1.0,1434.3,1.0,,
/player/herrera-mena/,Herrera Mena M.,1415.4,1,1426.0,1.0,,,,,,
/player/correa-19bf2/,Correa A.,1415.4,5,,,1431.3,5.0,,,,
/player/kang-fc4d4/,Kang W.,1415.4,1,,,1418.3,1.0,,,,
/player/stablovic/,Stablovic I.,1415.4,1,,,1419.1,1.0,,,,
/player/fukunaga-fc50c/,Fukunaga K.,1415.4,1,1415.5,1.0,,,,,,
/player/tamulynas/,Tamulynas S.,1415.4,5,1469.3,4.0,1434.3,1.0,,,,
/player/cunha-5d557/,Cunha M.,1415.4,1,1429.2,1.0,,,,,,
/player/petrasevic/,Petrasevic S.,1415.3,1,,,1421.0,1.0,,,,
/player/kallambella-f6d48/,Kallambella A.,1415.3,2,1434.3,1.0,,,1457.3,1.0,,
/player/smarty-38fb9/,Smarty C.,1415.2,3,,,,,,,,
/player/manca-df8d8/,Manca E.,1415.2,1,,,1419.5,1.0,,,,
/player/abbadessa/,Abbadessa F.,1415.2,1,,,1429.0,1.0,,,,
/player/kaur-sidhu/,Kaur Sidhu R.,1415.2,1,1434.3,1.0,,,,,,
/player/bolintineanu/,Bolintineanu S.,1415.1,1,,,1413.6,1.0,,,,
/player/schruff-caba6/,Schruff E.,1415.1,1,,,1414.9,1.0,,,,
/player/holmes-000ff/,Holmes M.,1415.1,6,,,,,,,,
/player/iliev-e1e9b/,Iliev V.,1415.1,1,,,1435.5,1.0,,,,
/player/benner/,Benner L.,1415.1,2,,,1473.0,1.0,,,,
/player/rentoumi/,Rentoumi M.,1415.0,3,1434.3,1.0,1484.5,2.0,,,,
/player/arafa-419de/,Arafa L.,1415.0,1,1413.3,1.0,,,,,,
/player/ben-aba-26188/,Ben Aba J.,1414.9,1,1421.0,1.0,,,,,,
/player/sakulvongtana-af11b/,Sakulvongtana N.,1414.9,2,1420.4,1.0,1468.4,1.0,,,,
/player/stanisavljevic/,Stanisavljevic M.,1414.9,12,1437.1,1.0,1504.6,8.0,1553.4,1.0,,
/player/kaltenecker/,Kaltenecker W.,1414.9,2,1424.1,1.0,,,,,,
/player/galarraga/,Galarraga M.,1414.9,11,1437.6,3.0,1419.6,8.0,,,,
/player/lalami/,Lalami N.,1414.9,1,,,1420.3,1.0,,,,
/player/dziopak/,Dziopak J.,1414.9,4,,,,,,,,
/player/montesinos-07f26/,Montesinos S.,1414.8,25,1451.2,10.0,1484.9,15.0,,,,
/player/montalvo-galarza/,Montalvo Galarza R.,1414.8,1,,,1441.5,1.0,,,,
/player/urso/,Urso A.,1414.8,24,1466.7,19.0,1434.1,5.0,,,,
/player/tomova/,Tomova V.,1414.7,13,1434.3,1.0,1466.9,10.0,1392.4,2.0,,
/player/graski-a3cd5/,Graski J.,1414.7,11,1473.0,3.0,1452.7,7.0,,,,
/player/muthyala/,Muthyala R.,1414.7,1,,,1415.4,1.0,,,,
/player/veronesi-noel-ribeiro/,Veronesi Noel Ribeiro,1414.7,1,,,1417.3,1.0,,,,
/player/levine-04e2e/,Levine R.,1414.7,4,,,,,,,,
/player/pucinelli-de-almeida-9bbb0/,Pucinelli De Almeida R.,1414.6,1,,,1413.5,1.0,,,,
/player/wang-7e364/,Wang Y.,1414.6,8,1503.4,6.0,1434.3,1.0,,,1434.3,1.0
/player/hooper-6823d/,Hooper L.,1414.6,27,1445.7,7.0,1441.6,16.0,1457.3,1.0,,
/player/wang-c6dd1/,Wang V.,1414.6,1,1411.4,1.0,,,,,,
/player/milburn-ec80b/,Milburn D.,1414.5,6,,,,,,,,
/player/gijsen-30c22/,Gijsen N.,1414.5,3,,,,,,,,
/player/botta/,Botta A.,1414.5,11,1457.3,1.0,1366.5,9.0,,,,
/player/rengeard/,Rengeard M.,1414.5,4,1453.4,1.0,1423.8,1.0,,,1493.2,2.0
/player/massotte/,Massotte X.,1414.5,1,,,1415.0,1.0,,,,
/player/hradecka-f26f5/,Hradecka L.,1414.4,13,,,,,,,,
/player/strzelecka/,Strzelecka J.,1414.4,3,1494.5,2.0,1426.7,1.0,,,,
/player/alvarez-fu/,Alvarez Fu I.,1414.4,2,,,,,,,,
/player/begg-smith/,Begg-Smith C.,1414.3,5,1495.4,2.0,1429.8,3.0,,,,
/player/morales-89afc/,Morales M.,1414.3,4,1424.3,4.0,,,,,,
/player/kadera/,Kadera H.,1414.2,1,1416.2,1.0,,,,,,
/player/avanoglu/,Avanoglu O.,1414.2,3,1453.8,1.0,,,1565.7,1.0,,
/player/cernea-64dbf/,Cernea L.,1414.1,1,,,1414.6,1.0,,,,
/player/kim-6f9c1/,Kim H.,1414.1,3,,,1435.8,3.0,,,,
/player/felipe-arruda-viero/,Felipe Arruda Viero M.,1414.1,1,,,,,,,,
/player/konstantinova-78463/,Konstantinova Y.,1414.0,14,1419.7,5.0,1362.3,3.0,,,,
/player/estevanez-jimenez/,Estevanez Jimenez O.,1414.0,1,,,1421.1,1.0,,,,
/player/dzimovic/,Dzimovic S.,1414.0,22,,,1439.1,19.0,,,,
/player/eswar/,Eswar P.,1414.0,1,1423.8,1.0,,,,,,
/player/akkocaoglu/,Akkocaoglu K.,1414.0,1,,,1411.8,1.0,,,,
/player/tzeng/,Tzeng Y.,1414.0,2,1413.6,2.0,,,,,,
/player/barons/,Barons M.,1414.0,1,1413.1,1.0,,,,,,
/player/xia-8638f/,Xia Z.,1413.8,1,1418.2,1.0,,,,,,
/player/ganta/,Ganta S.,1413.8,5,1452.4,1.0,1447.6,1.0,1434.3,1.0,,
/player/betti-5759b/,Betti E.,1413.7,2,,,1406.4,2.0,,,,
/player/sazanova/,Sazanova A.,1413.7,1,,,1413.7,1.0,,,,
/player/osborne-857fa/,Osborne A.,1413.7,5,1412.9,5.0,,,,,,
/player/sumirat/,Sumirat M.,1413.7,1,1457.3,1.0,,,,,,
/player/ducruet/,Ducruet A.,1413.6,1,,,1410.1,1.0,,,,
/player/cossari/,Cossari V.,1413.6,2,,,1411.3,2.0,,,,
/player/mamede/,Mamede F.,1413.6,1,,,1413.8,1.0,,,,
/player/kotamaeki/,Kotamaeki M.,1413.6,1,,,1414.2,1.0,,,,
/player/ishida-f662a/,Ishida Y.,1413.6,1,1413.7,1.0,,,,,,
/player/maria-marques/,Maria Marques V.,1413.6,1,1425.7,1.0,,,,,,
/player/raith/,Raith J.,1413.5,2,,,1412.7,2.0,,,,
/player/rodriguez-5f6ab/,Rodriguez L.,1413.5,1,,,,,1434.3,1.0,,
/player/cibulskyte/,Cibulskyte M.,1413.5,3,1444.5,3.0,,,,,,
/player/cristea-7e80f/,Cristea T.,1413.5,1,,,1420.6,1.0,,,,
/player/giese-a0d0f/,Giese K.,1413.4,10,1491.6,4.0,1439.9,1.0,,,,
/player/kilapi/,Kilapi C.,1413.4,1,1434.3,1.0,,,,,,
/player/gurianova/,Gurianova E.,1413.4,18,1400.0,16.0,,,1493.2,2.0,,
/player/liu-453db/,Liu Z.,1413.4,1,1434.3,1.0,,,,,,
/player/calvo-galyamova/,Calvo Galyamova M.,1413.4,1,1431.5,1.0,,,,,,
/player/tusa/,Tusa R.,1413.3,4,,,1375.3,2.0,1504.6,2.0,,
/player/nakahara-7773d/,Nakahara S.,1413.3,1,1413.3,1.0,,,,,,
/player/lam-a31a8/,Lam L.,1413.3,1,1434.3,1.0,,,,,,
/player/chekhov-ca2d4/,Chekhov A.,1413.3,4,1432.8,1.0,1435.8,3.0,,,,
/player/jang-bb043/,Jang S.,1413.3,1,1422.1,1.0,,,,,,
/player/ismail-2c57c/,Ismail T.,1413.3,12,1429.8,12.0,,,,,,
/player/chin-c9173/,Chin J.,1413.3,1,,,1422.1,1.0,,,,
/player/ndona/,Ndona R.,1413.3,1,,,,,,,,
/player/park-3a95b/,Park R.,1413.3,11,1414.6,7.0,,,,,1492.1,4.0
/player/sachdeva-74672/,Sachdeva R.,1413.3,1,1422.1,1.0,,,,,,
/player/kowal-99e7b/,Kowal P.,1413.3,3,,,1485.3,2.0,,,,
/player/lawrence-2ed46/,Lawrence J.,1413.3,1,,,1422.1,1.0,,,,
/player/araujo-7f637/,Araujo R.,1413.3,1,,,1434.3,1.0,,,,
/player/simeonova-8ca8d/,Simeonova R.,1413.3,1,,,1422.1,1.0,,,,
/player/lee-d2381/,Lee E.,1413.3,9,1474.9,7.0,,,,,1381.2,2.0
/player/augello/,Augello M.,1413.3,1,1413.3,1.0,,,,,,
/player/ivanchenko-384ec/,Ivanchenko V.,1413.2,1,1440.0,1.0,,,,,,
/player/musetti-d58bb/,Musetti L.,1413.2,2,1468.2,1.0,1435.2,1.0,,,,
/player/petrovic-3d7e4/,Petrovic M.,1413.2,1,1434.3,1.0,,,,,,
/player/vasiliauskas/,Vasiliauskas M.,1413.2,22,1466.3,7.0,1417.4,15.0,,,,
/player/berrada-67d46/,Berrada H.,1413.2,3,1422.1,1.0,1499.2,2.0,,,,
/player/schrier/,Schrier T.,1413.1,1,1407.9,1.0,,,,,,
/player/mietusch/,Mietusch L.,1413.1,12,1446.3,1.0,1485.1,8.0,,,,
/player/feig/,Feig A.,1413.1,1,,,1432.4,1.0,,,,
/player/matic-7e56d/,Matic D.,1413.0,14,1467.0,3.0,1439.3,6.0,,,,
/player/massardo-brain/,Massardo Brain F.,1413.0,8,1497.8,2.0,1430.7,6.0,,,,
/player/uribe-alvarado/,Uribe Alvarado A.,1413.0,3,,,1413.4,3.0,,,,
/player/gruyon/,Gruyon C.,1412.9,1,,,1421.5,1.0,,,,
/player/valle-29ab8/,Valle C.,1412.9,7,1528.2,4.0,,,,,,
/player/postic/,Postic A.,1412.9,4,1434.3,1.0,1442.2,3.0,,,,
/player/milliam/,Milliam A.,1412.9,2,,,,,,,,
/player/tiron/,Tiron E.,1412.8,1,,,1418.3,1.0,,,,
/player/pinheiro-4a96f/,Pinheiro N.,1412.8,1,,,,,1434.3,1.0,,
/player/kosan/,Kosan K.,1412.7,11,1351.8,6.0,,,,,,
/player/petrov-3cd8c/,Petrov A.,1412.7,3,1430.9,1.0,1482.6,2.0,,,,
/player/eckersten/,Eckersten F.,1412.7,1,,,1413.3,1.0,,,,
/player/alhogbani-52dab/,Alhogbani Y.,1412.7,3,1411.4,3.0,,,,,,
/player/kim-da074/,Kim H.,1412.6,3,,,,,,,,
/player/wu-aac88/,Wu J.,1412.6,4,,,1461.5,1.0,1506.8,2.0,,
/player/ju-4ff56/,Ju Z.,1412.6,3,1434.3,1.0,,,1565.7,1.0,,
/player/villamil-arias/,Villamil Arias L.,1412.6,2,1465.4,1.0,1434.3,1.0,,,,
/player/hoffmann-610f4/,Hoffmann S.,1412.6,5,,,1409.9,1.0,1561.2,3.0,,
/player/de-vizia/,De Vizia L.,1412.6,1,,,1417.7,1.0,,,,
/player/hansman/,Hansman C.,1412.5,1,,,1410.7,1.0,,,,
/player/lutsenko/,Lutsenko V.,1412.5,8,1424.4,8.0,,,,,,
/player/de-loore/,De Loore J.,1412.5,1,,,1432.2,1.0,,,,
/player/sarmanov-4d821/,Sarmanov T.,1412.5,1,,,1437.2,1.0,,,,
/player/bhandari-b2768/,Bhandari A.,1412.4,12,,,1512.5,2.0,,,,
/player/quevedo-mederos/,Quevedo Mederos V.,1412.4,2,,,1456.1,1.0,,,,
/player/cazac-608da/,Cazac I.,1412.4,1,,,1411.8,1.0,,,,
/player/chimedza/,Chimedza S.,1412.4,12,1394.1,10.0,,,,,,
/player/hinterseer/,Hinterseer V.,1412.3,2,,,1413.1,2.0,,,,
/player/caucchioli/,Caucchioli T.,1412.3,1,1422.1,1.0,,,,,,
/player/e-halli-obeid/,E'halli Obeid M.,1412.3,9,,,1415.7,9.0,,,,
/player/abramava/,Abramava D.,1412.3,1,,,1422.1,1.0,,,,
/player/baldisserri/,Baldisserri E.,1412.3,4,1565.7,1.0,1358.9,3.0,,,,
/player/vieytes/,Vieytes M.,1412.3,1,,,1434.3,1.0,,,,
/player/dehmel-383e4/,Dehmel D.,1412.3,1,,,1413.0,1.0,,,,
/player/tramolay/,Tramolay L.,1412.2,2,1434.3,1.0,,,1434.3,1.0,,
/player/van-zeijl/,Van Zeijl J.,1412.2,1,,,1413.4,1.0,,,,
/player/boldut/,Boldut P.,1412.2,1,1422.1,1.0,,,,,,
/player/caripi/,Caripi V.,1412.1,14,1426.8,3.0,1433.2,9.0,,,,
/player/lapteva/,Lapteva V.,1412.1,3,1493.2,2.0,1412.9,1.0,,,,
/player/makarenko/,Makarenko V.,1412.1,18,1465.4,3.0,1359.1,13.0,,,,
/player/franco-48356/,Franco P.,1412.1,2,,,1414.7,2.0,,,,
/player/danilova-b3072/,Danilova A.,1412.1,5,1368.9,3.0,1531.1,2.0,,,,
/player/ignat-5269f/,Ignat D.,1412.0,1,,,1414.9,1.0,,,,
/player/jiananxi/,Jiananxi K.,1412.0,8,1357.6,3.0,,,,,1547.8,5.0
/player/ponchet-8cae2/,Ponchet M.,1412.0,15,1361.4,5.0,1479.1,9.0,1457.3,1.0,,
/player/rogulja/,Rogulja M.,1412.0,1,,,1434.6,1.0,,,,
/player/rodes/,Rodes A.,1412.0,1,1422.1,1.0,,,,,,
/player/hofmann-1af68/,Hofmann J.,1412.0,16,,,1404.7,16.0,,,,
/player/williams-3d2a9/,Williams S.,1412.0,1,,,,,1414.9,1.0,,
/player/maksimovic-843c4/,Maksimovic S.,1412.0,2,,,1408.1,2.0,,,,
/player/petrovic-c7b70/,Petrovic R.,1411.9,1,,,,,,,,
/player/quemat/,Quemat A.,1411.9,1,,,1414.4,1.0,,,,
/player/ulueren/,Ulueren S.,1411.9,2,1464.4,1.0,1438.6,1.0,,,,
/player/idita-cotarcea/,Idita Cotarcea M.,1411.9,1,,,1411.4,1.0,,,,
/player/vorwerk-97921/,Vorwerk R.,1411.9,1,,,1420.1,1.0,,,,
/player/jimenez-perez/,Jimenez Perez M.,1411.8,6,1513.5,4.0,1375.2,2.0,,,,
/player/vilicich-05fc0/,Vilicich B.,1411.8,4,,,1444.2,1.0,,,,
/player/svecova-15191/,Svecova K.,1411.8,1,,,1412.8,1.0,,,,
/player/rose-bd5c8/,Rose L.,1411.8,1,,,,,1434.3,1.0,,
/player/sfirnaciuc/,Sfirnaciuc T.,1411.8,1,,,1411.9,1.0,,,,
/player/shumate-cc87d/,Shumate S.,1411.8,13,1434.0,6.0,1481.5,6.0,,,1434.3,1.0
/player/penzkofer-24120/,Penzkofer A.,1411.8,1,,,1443.5,1.0,,,,
/player/salah-eddine/,Salah-Eddine G.,1411.8,5,1496.4,2.0,1444.1,1.0,,,,
/player/chen-12613/,Chen X.,1411.8,6,,,1448.8,4.0,1434.3,1.0,,
/player/delaunay-6c015/,Delaunay C.,1411.8,19,1324.2,7.0,,,,,1597.2,7.0
/player/rubino/,Rubino V.,1411.7,1,,,1413.9,1.0,,,,
/player/schollhorn-b43c6/,Schollhorn P.,1411.7,1,1434.3,1.0,,,,,,
/player/martin-a22df/,Martin B.,1411.7,4,,,1512.5,2.0,,,,
/player/bayo-3aba7/,Bayo J.,1411.7,2,1434.3,1.0,,,1434.3,1.0,,
/player/kartavenko/,Kartavenko H.,1411.7,10,1599.7,4.0,,,1384.7,2.0,,
/player/pessoa-e49c5/,Pessoa D.,1411.7,1,,,1403.8,1.0,,,,
/player/wiesenfeld/,Wiesenfeld E.,1411.7,2,,,1434.3,1.0,,,1454.1,1.0
/player/stula-2590f/,Stula L.,1411.7,3,,,,,,,,
/player/gonzalez-52b22/,González K.,1411.7,6,1465.9,3.0,1419.0,3.0,,,,
/player/tomkins-cca43/,Tomkins S.,1411.7,3,1412.1,3.0,,,,,,
/player/llinares-domingo/,Llinares Domingo L.,1411.6,28,1357.1,12.0,1489.2,16.0,,,,
/player/qin-1e01a/,Qin H.,1411.6,6,,,1401.7,5.0,,,,
/player/omer/,Omer E.,1411.6,13,1501.5,2.0,1435.5,9.0,,,,
/player/franzmann/,Franzmann J.,1411.6,1,,,,,1434.3,1.0,,
/player/moyo-442d8/,Moyo L.,1411.6,1,,,1411.6,1.0,,,,
/player/anderson-a52bf/,Anderson A.,1411.6,1,,,1415.8,1.0,,,,
/player/wirlend/,Wirlend D.,1411.5,5,,,1412.4,5.0,,,,
/player/mukwaturi/,Mukwaturi Z.,1411.5,1,,,1412.8,1.0,,,,
/player/makela/,Makela J.,1411.5,1,,,,,,,,
/player/orlando-pellicero/,Orlando Pellicero A.,1411.5,14,1397.2,6.0,1450.9,8.0,,,,
/player/jevtic-58b4c/,Jevtic F.,1411.5,3,,,1413.0,3.0,,,,
/player/guryleva/,Guryleva V.,1411.5,5,1406.7,5.0,,,,,,
/player/windler-306cb/,Windler M.,1411.4,1,,,1411.4,1.0,,,,
/player/ribas-santos/,Ribas Santos F.,1411.4,1,1421.1,1.0,,,,,,
/player/yanagi/,Yanagi K.,1411.4,1,,,,,,,,
/player/vidal-cf8a2/,Vidal V.,1411.4,2,,,1410.3,2.0,,,,
/player/tejada-32792/,Tejada A.,1411.4,6,1493.2,2.0,1430.9,3.0,,,1434.3,1.0
/player/eisch-d6fe0/,Eisch O.,1411.4,1,,,1411.4,1.0,,,,
/player/piatrouski/,Piatrouski D.,1411.4,3,1437.5,1.0,1474.1,2.0,,,,
/player/elbasnaly-43c9e/,Elbasnaly M.,1411.3,3,,,,,,,,
/player/jones-ea692/,Jones M.,1411.3,31,1333.3,8.0,,,,,,
/player/garay-eceolaza/,Garay Eceolaza M.,1411.3,2,,,1409.3,2.0,,,,
/player/kalyanpur/,Kalyanpur A.,1411.3,8,1376.3,7.0,1467.8,1.0,,,,
/player/huseinovikj/,Huseinovikj A.,1411.3,7,,,1437.2,4.0,,,,
/player/medziulianava/,Medziulianava S.,1411.2,1,1433.1,1.0,,,,,,
/player/gowda-83a8c/,Gowda L.,1411.2,10,1424.0,9.0,1434.3,1.0,,,,
/player/sasaki-e6ff0/,Sasaki S.,1411.1,2,,,1398.4,2.0,,,,
/player/mughalashvili/,Mughalashvili N.,1411.1,1,,,1420.2,1.0,,,,
/player/hussey-33f94/,Hussey B.,1411.0,1,,,,,,,,
/player/fukuoka/,Fukuoka Y.,1411.0,4,1434.3,1.0,1444.7,3.0,,,,
/player/neelam/,Neelam D.,1411.0,1,,,1421.9,1.0,,,,
/player/bories/,Bories M.,1411.0,1,,,1413.7,1.0,,,,
/player/barth-4c7f2/,Barth M.,1411.0,1,1408.8,1.0,,,,,,
/player/burgic-bucko/,Burgic Bucko E.,1411.0,11,1488.6,6.0,1447.4,1.0,,,,
/player/morega/,Morega D.,1411.0,23,1438.4,3.0,1459.9,7.0,1626.7,2.0,,
/player/knorr-d5814/,Knorr C.,1411.0,1,,,1410.1,1.0,,,,
/player/maneshina/,Maneshina P.,1410.8,1,,,1430.3,1.0,,,,
/player/tyagunov/,Tyagunov O.,1410.8,4,1451.6,3.0,1421.2,1.0,,,,
/player/prata/,Prata N.,1410.8,1,,,1434.3,1.0,,,,
/player/zagars/,Zagars A.,1410.8,14,1420.4,4.0,1423.0,6.0,,,,
/player/galietta-59165/,Galietta C.,1410.8,1,,,1412.8,1.0,,,,
/player/stepina/,Stepina A.,1410.7,1,,,1420.4,1.0,,,,
/player/uesugi-4b905/,Uesugi K.,1410.7,5,1377.6,3.0,1512.4,2.0,,,,
/player/dabrowski-dbd46/,Dabrowski A.,1410.7,1,,,1417.5,1.0,,,,
/player/bahl/,Bahl G.,1410.7,1,,,,,,,,
/player/cilek/,Cilek M.,1410.6,2,1410.8,2.0,,,,,,
/player/jovanovski-b5a9a/,Jovanovski N.,1410.6,2,,,1409.6,2.0,,,,
/player/abadzic/,Abadzic D.,1410.6,1,1406.5,1.0,,,,,,
/player/galimberti-fc86f/,Galimberti M.,1410.6,1,,,1416.0,1.0,,,,
/player/porcu-388a3/,Porcu N.,1410.5,4,,,1340.6,3.0,,,,
/player/landreth/,Landreth M.,1410.5,9,,,,,,,,
/player/eriksson-91944/,Eriksson A.,1410.5,1,1414.4,1.0,,,,,,
/player/altuntas/,Altuntas A.,1410.5,1,,,1428.7,1.0,,,,
/player/wyrsch/,Wyrsch T.,1410.5,1,,,1424.3,1.0,,,,
/player/moran-d5f05/,Moran S.,1410.5,2,1450.6,1.0,1441.8,1.0,,,,
/player/patil-6add6/,Patil S.,1410.4,14,1369.2,9.0,1581.7,5.0,,,,
/player/stauffer-3170f/,Stauffer S.,1410.4,1,,,1417.9,1.0,,,,
/player/burlacu/,Burlacu R.,1410.4,1,,,,,,,,
/player/vandevelde/,Vandevelde A.,1410.3,1,1434.3,1.0,,,,,,
/player/piskun-50b0c/,Piskun L.,1410.3,8,1413.6,8.0,,,,,,
/player/khuda/,Khuda A.,1410.3,16,1494.4,2.0,1433.7,11.0,,,,
/player/moning/,Moning K.,1410.3,4,,,1412.5,4.0,,,,
/player/forer-49d44/,Forer J.,1410.3,6,1489.6,2.0,1412.9,1.0,,,,
/player/martin-tiffon-a50d0/,Martin Tiffon A.,1410.2,1,,,1433.5,1.0,,,,
/player/cottle/,Cottle E.,1410.2,6,,,1434.3,1.0,1550.6,3.0,,
/player/li-e00f3/,Li Z.,1410.2,1,,,1416.1,1.0,,,,
/player/robinson-59737/,Robinson C.,1410.1,7,,,,,,,,
/player/dick-7abe0/,Dick S.,1410.1,1,1410.2,1.0,,,,,,
/player/vrieze/,Vrieze B.,1410.1,2,1435.4,1.0,,,1434.3,1.0,,
/player/king-e0f22/,King A.,1410.1,4,1457.6,1.0,1498.3,2.0,,,,
/player/hohmann-35c9d/,Hohmann S.,1410.1,1,,,1434.3,1.0,,,,
/player/iacoban/,Iacoban M.,1410.1,1,1434.3,1.0,,,,,,
/player/eisch/,Eisch S.,1410.1,1,,,1410.1,1.0,,,,
/player/popa-22013/,Popa R.,1410.0,6,,,,,,,,
/player/leon-ee045/,Leon I.,1410.0,7,1442.9,1.0,1430.8,3.0,,,,
/player/tudor-8fbc9/,Tudor D.,1410.0,2,,,1410.4,2.0,,,,
/player/kaztugan/,Kaztugan A.,1410.0,15,1412.9,15.0,,,,,,
/player/freire-da-silva/,Freire Da Silva A.,1410.0,25,1433.5,9.0,1404.6,16.0,,,,
/player/tanaka-0b002/,Tanaka R.,1410.0,4,1408.8,4.0,,,,,,
/player/gillerio-64b6b/,Gillerio V.,1410.0,2,,,1434.1,1.0,,,,
/player/komorowski/,Komorowski B.,1409.9,5,,,,,,,,
/player/doel/,Doel C.,1409.9,3,,,1475.5,2.0,,,,
/player/boros-f5e23/,Boros B.,1409.8,2,1440.7,1.0,1443.4,1.0,,,,
/player/guimaraes-7b51d/,Guimaraes F.,1409.8,7,1488.4,2.0,1419.8,1.0,1434.3,1.0,,
/player/rakim/,Rakim S.,1409.8,1,,,,,,,,
/player/candela-garcia/,Candela Garcia I.,1409.7,10,1425.7,3.0,1474.8,7.0,,,,
/player/mouffe/,Mouffe L.,1409.7,2,,,1401.4,2.0,,,,
/player/shah-1e0a4/,Shah M.,1409.7,12,1411.6,12.0,,,,,,
/player/suh-13553/,Suh N.,1409.6,2,,,,,1434.3,1.0,,
/player/chappell-3d20b/,Chappell C.,1409.6,1,1411.4,1.0,,,,,,
/player/croitoru/,Croitoru A.,1409.5,2,,,,,,,,
/player/christoforakis/,Christoforakis P.,1409.5,18,1567.8,6.0,1406.4,9.0,1434.3,1.0,,
/player/qureshi-c4ef0/,Qureshi A.,1409.4,13,1510.0,2.0,1344.3,8.0,,,,
/player/correa-7e110/,Correa S.,1409.4,4,,,,,,,,
/player/londol-f320c/,Londol T.,1409.4,2,1433.5,1.0,1447.3,1.0,,,,
/player/lagaev-c7180/,Lagaev N.,1409.4,5,1418.7,2.0,1479.2,3.0,,,,
/player/owramko/,Owramko M.,1409.3,1,1433.2,1.0,,,,,,
/player/rius/,Rius K.,1409.3,2,,,1400.8,2.0,,,,
/player/gajete-diaz/,Gajete Diaz M.,1409.3,4,1434.3,1.0,1446.5,3.0,,,,
/player/cecchetti-9f095/,Cecchetti E.,1409.3,1,,,,,1434.3,1.0,,
/player/nishikawa-1b7d3/,Nishikawa K.,1409.2,4,1446.5,3.0,,,1434.3,1.0,,
/player/moreira-45d78/,Moreira C.,1409.2,1,1409.3,1.0,,,,,,
/player/opelka/,Opelka R.,1409.1,2,,,1408.5,2.0,,,,
/player/ferrari-a5d7b/,Ferrari R.,1409.1,1,,,1407.9,1.0,,,,
/player/bianchi-12dc3/,Bianchi J.,1409.1,9,1551.2,1.0,1378.9,7.0,1434.3,1.0,,
/player/krawczyk-44058/,Krawczyk J.,1409.1,14,1387.3,2.0,1410.1,7.0,,,,
/player/re-c5b86/,Re T.,1409.0,1,,,1415.0,1.0,,,,
/player/dube-bb30e/,Dube L.,1409.0,5,1413.5,5.0,,,,,,
/player/augenti/,Augenti D.,1409.0,10,1434.3,1.0,1435.5,9.0,,,,
/player/tallakson-63aa6/,Tallakson B.,1409.0,22,,,1359.2,3.0,,,,
/player/guo-254f8/,Guo C.,1409.0,18,1451.5,6.0,1369.0,7.0,1434.3,1.0,,
/player/najzer/,Najzer K.,1408.9,23,1618.6,4.0,1442.7,16.0,,,,
/player/kang-cb9c3/,Kang J.,1408.9,1,,,1433.3,1.0,,,,
/player/portelli/,Portelli J.,1408.9,2,,,1389.8,2.0,,,,
/player/rachor/,Rachor S.,1408.9,2,,,1406.4,2.0,,,,
/player/scharner/,Scharner B.,1408.9,4,,,1359.6,2.0,,,,
/player/tevez/,Tevez G.,1408.9,2,,,,,,,,
/player/chatziavraam/,Chatziavraam N.,1408.9,11,1616.4,2.0,1385.2,6.0,,,,
/player/liang-9c637/,Liang H.,1408.9,1,1411.5,1.0,,,,,,
/player/rasenti/,Rasenti D.,1408.8,1,,,1434.3,1.0,,,,
/player/jelenic-2d96c/,Jelenic N.,1408.8,1,,,1434.3,1.0,,,,
/player/labuckas/,Labuckas M.,1408.7,1,,,,,,,,
/player/jordan-84280/,Jordan H.,1408.7,7,1459.0,3.0,1410.0,4.0,,,,
/player/wan-22442/,Wan E.,1408.7,17,1404.3,7.0,1434.3,1.0,,,1580.0,6.0
/player/kantam/,Kantam T.,1408.7,2,,,,,,,1418.3,2.0
/player/ferrando-farras/,Ferrando Farras M.,1408.6,1,,,1434.3,1.0,,,,
/player/zimmer-2bb38/,Zimmer F.,1408.6,3,1425.7,1.0,1415.3,2.0,,,,
/player/weller-98137/,Weller C.,1408.6,1,1430.9,1.0,,,,,,
/player/ferrier-9f2ed/,Ferrier C.,1408.6,2,,,,,,,,
/player/daouidian/,Daouidian H.,1408.6,1,,,1431.7,1.0,,,,
/player/xie-cf571/,Xie T.,1408.6,8,,,1404.2,6.0,,,,
/player/lagg/,Lagg V.,1408.5,1,,,1411.7,1.0,,,,
/player/trujillo-garnica/,Trujillo Garnica M.,1408.5,20,1306.6,11.0,1538.7,9.0,,,,
/player/maina/,Maina A.,1408.5,5,1422.1,1.0,1369.5,3.0,,,,
/player/mazzeschi/,Mazzeschi E.,1408.5,2,,,1374.5,2.0,,,,
/player/perez-toribio/,Perez Toribio M.,1408.4,1,,,1419.2,1.0,,,,
/player/burnett-b653e/,Burnett E.,1408.4,16,1511.6,2.0,1397.6,2.0,1565.7,1.0,,
/player/ramos-vasquez/,Ramos Vasquez J.,1408.4,2,,,1417.2,2.0,,,,
/player/ozdemir-02326/,Ozdemir E.,1408.4,1,,,,,1434.3,1.0,,
/player/mitoma/,Mitoma P.,1408.4,9,,,1470.4,4.0,,,,
/player/wagner-72a96/,Wagner E.,1408.4,2,,,1408.0,2.0,,,,
/player/mohammed-f34c8/,Mohammed Y.,1408.3,1,,,1414.0,1.0,,,,
/player/schotanus/,Schotanus M.,1408.3,3,,,,,,,,
/player/piaskowska/,Piaskowska P.,1408.3,4,1506.8,2.0,1406.5,2.0,,,,
/player/palm-88f87/,Palm N.,1408.3,11,1551.8,3.0,1384.4,8.0,,,,
/player/peer-a3c13/,Peer J.,1408.2,1,,,1407.2,1.0,,,,
/player/pacheco-benasayag/,Pacheco Benasayag S.,1408.2,2,1401.1,2.0,,,,,,
/player/beaupain/,Beaupain S.,1408.1,2,,,1402.6,2.0,,,,
/player/fine-b0abc/,Fine G.,1408.1,2,1412.8,2.0,,,,,,
/player/hwangpo/,Hwangpo H.,1408.1,1,,,1419.9,1.0,,,,
/player/abdelaziz-a87ce/,Abdelaziz A.,1408.1,1,,,1434.3,1.0,,,,
/player/speer-afce1/,Speer M.,1408.0,1,,,1419.7,1.0,,,,
/player/quang-hien-pham/,Quang Hien Pham H.,1408.0,8,1448.3,3.0,1550.6,3.0,,,,
/player/maslenkova/,Maslenkova M.,1408.0,26,1442.1,4.0,1366.1,10.0,,,,
/player/khokhar/,Khokhar M.,1408.0,2,1409.3,2.0,,,,,,
/player/gally/,Gally J.,1408.0,1,1434.3,1.0,,,,,,
/player/matsumura-5760e/,Matsumura K.,1408.0,15,1440.2,3.0,1499.6,5.0,1434.3,1.0,,
/player/douglas-d061d/,Douglas C.,1407.9,4,,,1413.7,4.0,,,,
/player/trombini/,Trombini M.,1407.9,14,1389.7,2.0,1491.9,9.0,1434.3,1.0,,
/player/ho-ec891/,Ho P.,1407.9,2,1407.8,2.0,,,,,,
/player/bergen-3c7b8/,Bergen Y.,1407.9,4,,,,,,,,
/player/macdonald-84443/,Macdonald S.,1407.9,2,,,,,,,,
/player/cozad-4daa1/,Cozad R.,1407.9,5,1363.2,2.0,1465.9,3.0,,,,
/player/gutjahr/,Gutjahr L.,1407.9,13,1528.3,5.0,1443.3,7.0,,,,
/player/farkasova/,Farkasova N.,1407.8,2,,,1398.7,2.0,,,,
/player/dayer/,Dayer A.,1407.8,4,,,1408.1,4.0,,,,
/player/milovanov/,Milovanov T.,1407.7,4,1446.6,1.0,1388.5,2.0,,,,
/player/goussar/,Goussar M.,1407.7,1,1433.1,1.0,,,,,,
/player/castro-be23f/,Castro V.,1407.7,1,,,,,,,,
/player/mihajloski/,Mihajloski J.,1407.7,1,,,1437.1,1.0,,,,
/player/leguizamon/,Leguizamon A.,1407.7,3,1373.3,2.0,,,,,,
/player/douyeb/,Douyeb Y.,1407.7,2,,,1402.7,2.0,,,,
/player/sequeira-1941c/,Sequeira M.,1407.7,9,1423.4,8.0,1449.3,1.0,,,,
/player/kaler/,Kaler H.,1407.7,3,,,1401.5,3.0,,,,
/player/waller-5b4b8/,Waller C.,1407.6,1,,,,,,,,
/player/ofner/,Ofner P.,1407.6,1,,,1419.2,1.0,,,,
/player/laurent-f4c7b/,Laurent Y.,1407.6,4,,,1399.0,4.0,,,,
/player/klein-6fa7a/,Klein L.,1407.6,1,,,1422.8,1.0,,,,
/player/tipewa/,Tipewa C.,1407.5,1,1434.3,1.0,,,,,,
/player/kubiak/,Kubiak C.,1407.5,1,,,1415.7,1.0,,,,
/player/terentyeva/,Terentyeva A.,1407.5,2,1407.5,2.0,,,,,,
/player/barthes-7cbae/,Barthes T.,1407.5,9,1493.2,2.0,1438.5,3.0,,,,
/player/panaitescu/,Panaitescu A.,1407.5,1,,,1418.0,1.0,,,,
/player/karakaya-a7a8e/,Karakaya Z.,1407.4,4,1422.1,1.0,1455.7,3.0,,,,
/player/khanna-c26ef/,Khanna M.,1407.4,4,1415.8,4.0,,,,,,
/player/wawrinka-ffdb9/,Wawrinka S.,1407.4,14,1437.7,3.0,1382.1,9.0,1434.3,1.0,,
/player/stabauer/,Stabauer T.,1407.4,10,1512.1,6.0,1312.1,4.0,,,,
/player/jalouneix/,Jalouneix G.,1407.3,2,,,1391.2,2.0,,,,
/player/virtanen-a33e5/,Virtanen V.,1407.3,1,,,1420.4,1.0,,,,
/player/bojicic-ono/,Bojicic Ono L.,1407.3,21,1362.6,5.0,1451.4,13.0,,,,
/player/andersson-eb88d/,Andersson O.,1407.3,1,,,,,,,,
/player/chu-1cba4/,Chu S.,1407.3,2,,,1406.8,2.0,,,,
/player/dernikovic/,Dernikovic R.,1407.3,5,,,1396.8,5.0,,,,
/player/breus/,Breus M.,1407.3,1,1449.9,1.0,,,,,,
/player/drozdz/,Drozdz O.,1407.2,13,1557.8,3.0,1345.3,6.0,,,,
/player/najvirt-kolaric/,Najvirt Kolaric M.,1407.2,1,,,1417.5,1.0,,,,
/player/gutierrez-garcia-9b498/,Gutierrez Garcia S.,1407.2,1,,,1422.7,1.0,,,,
/player/ludwig-107cb/,Ludwig K.,1407.2,2,,,1393.2,2.0,,,,
/player/nica/,Nica B.,1407.2,9,,,1381.9,9.0,,,,
/player/gry/,Gry N.,1407.1,1,,,,,,,,
/player/mastorakis/,Mastorakis H.,1407.1,1,,,1414.5,1.0,,,,
/player/dantuma/,Dantuma D.,1407.1,3,,,1412.6,3.0,,,,
/player/rodriguez-21567/,Rodriguez V.,1407.1,21,1396.8,7.0,1442.8,10.0,,,,
/player/lu-3c4d6/,Lu J.,1407.0,3,,,1426.3,3.0,,,,
/player/halahija/,Halahija N.,1407.0,3,1434.3,1.0,1436.4,1.0,,,,
/player/malik-3f5a3/,Malik P.,1407.0,1,,,1397.7,1.0,,,,
/player/zdravkovski/,Zdravkovski D.,1407.0,6,1441.9,1.0,1444.9,3.0,,,,
/player/maldonado-32b88/,Maldonado M.,1407.0,13,1452.8,3.0,1438.5,9.0,,,,
/player/krylova-07410/,Krylova S.,1406.9,1,,,1406.9,1.0,,,,
/player/sy-a-foek-826a6/,Sy-A-Foek B.,1406.9,1,,,,,,,,
/player/leccisi/,Leccisi G.,1406.9,18,1429.9,5.0,1492.2,9.0,1434.3,1.0,,
/player/drame-1d34d/,Drame P.,1406.9,18,,,1574.8,13.0,,,,
/player/wunderlich-a30dc/,Wunderlich T.,1406.8,13,1531.3,3.0,1466.6,6.0,,,,
/player/vix/,Vix M.,1406.8,14,1385.7,5.0,1418.3,4.0,1506.8,2.0,,
/player/hozumi/,Hozumi E.,1406.8,1,1434.3,1.0,,,,,,
/player/castro-844f9/,Castro F.,1406.7,2,1434.3,1.0,1423.5,1.0,,,,
/player/ozturk-e2587/,Ozturk I.,1406.7,1,1407.5,1.0,,,,,,
/player/arabarco/,Arabarco I.,1406.7,2,,,1407.6,2.0,,,,
/player/sisca/,Sisca L.,1406.6,1,,,1406.8,1.0,,,,
/player/carroll-9f180/,Carroll J.,1406.6,4,1413.3,1.0,,,,,,
/player/david-bc775/,David M.,1406.6,2,,,1412.1,2.0,,,,
/player/nicolosi/,Nicolosi A.,1406.6,1,,,1406.9,1.0,,,,
/player/alvarez-45d63/,Alvarez T.,1406.6,1,,,1406.9,1.0,,,,
/player/yang-a79db/,Yang Y.,1406.6,8,1413.7,8.0,,,,,,
/player/rodrigues-81b9d/,Rodrigues B.,1406.6,1,1437.6,1.0,,,,,,
/player/espegren/,Espegren F.,1406.6,1,,,,,,,,
/player/samaha-baef8/,Samaha G.,1406.6,2,1458.3,1.0,1437.9,1.0,,,,
/player/ruocco/,Ruocco A.,1406.5,1,1420.6,1.0,,,,,,
/player/van-meines/,Van Meines J.,1406.5,1,1422.1,1.0,,,,,,
/player/lukanov/,Lukanov S.,1406.4,1,,,1425.1,1.0,,,,
/player/bukary-1f3ed/,Bukary L.,1406.4,3,1411.5,3.0,,,,,,
/player/lee-544f1/,Lee D.,1406.4,7,1411.8,7.0,,,,,,
/player/barreto-a59fb/,Barreto J.,1406.4,2,,,,,1384.7,2.0,,
/player/olsson-8eead/,Olsson I.,1406.4,1,,,1406.3,1.0,,,,
/player/shipkova/,Shipkova S.,1406.4,2,1385.7,2.0,,,,,,
/player/norton-fea59/,Norton W.,1406.2,6,1434.3,1.0,1446.9,4.0,,,,
/player/choudhary-828c7/,Choudhary P.,1406.2,9,1462.6,1.0,1477.5,6.0,,,,
/player/bulut-3dd40/,Bulut E.,1406.2,8,1479.1,2.0,1310.2,5.0,,,,
/player/rabbat/,Rabbat K.,1406.1,7,,,1402.4,7.0,,,,
/player/hemery-418ba/,Hemery C.,1406.1,2,,,1477.0,1.0,,,,
/player/ouvidor/,Ouvidor B.,1406.1,6,,,,,,,,
/player/tauscher/,Tauscher S.,1406.1,2,1451.8,1.0,1422.1,1.0,,,,
/player/miton/,Miton M.,1406.0,7,,,1456.0,1.0,,,,
/player/lin-83a36/,Lin B.,1406.0,2,,,1437.1,1.0,,,,
/player/jauch-df6f2/,Jauch J.,1405.9,9,1496.0,2.0,1410.0,4.0,1434.3,1.0,,
/player/borg-ada13/,Borg C.,1405.9,6,1501.1,2.0,,,,,,
/player/lee-39aac/,Lee G.,1405.9,1,1403.6,1.0,,,,,,
/player/zavaczki/,Zavaczki M.,1405.9,4,1434.3,1.0,1434.3,1.0,1504.6,2.0,,
/player/shamian/,Shamian O.,1405.9,1,,,1419.5,1.0,,,,
/player/agafonov-d2c93/,Agafonov E.,1405.8,12,1419.4,5.0,1432.4,7.0,,,,
/player/vaja/,Vaja K.,1405.8,29,1421.7,3.0,1442.5,25.0,,,,
/player/nanobashvili/,Nanobashvili S.,1405.8,7,1565.7,1.0,1441.2,4.0,,,,
/player/conde-887c3/,Conde S.,1405.7,1,,,,,,,,
/player/zhou-5a92a/,Zhou M.,1405.7,7,1499.2,5.0,,,,,1372.6,2.0
/player/droguet-7522f/,Droguet G.,1405.7,1,,,,,,,,
/player/talajka/,Talajka T.,1405.7,2,,,,,,,,
/player/di-federico-1e48c/,Di Federico P.,1405.7,2,,,1434.3,1.0,,,,
/player/suzuki-6cded/,Suzuki E.,1405.6,6,,,,,,,,
/player/dobreva/,Dobreva M.,1405.6,9,1389.3,9.0,,,,,,
/player/lee-99ff8/,Lee S.,1405.6,2,1405.2,2.0,,,,,,
/player/poiana/,Poiana R.,1405.5,10,1417.8,1.0,1506.5,7.0,,,,
/player/kemp-88269/,Kemp H.,1405.4,5,,,,,,,,
/player/laubic/,Laubic M.,1405.4,7,1445.8,1.0,1413.0,6.0,,,,
/player/hacker/,Hacker J.,1405.4,12,1376.0,2.0,1514.1,7.0,1504.6,2.0,,
/player/larbi-mensah/,Larbi-Mensah A.,1405.4,1,,,1422.1,1.0,,,,
/player/farm/,Farm R.,1405.4,15,,,,,,,1424.3,1.0
/player/gadzalinski/,Gadzalinski A.,1405.4,1,,,,,,,,
/player/vasudev-m/,Vasudev M V.,1405.3,2,1405.4,2.0,,,,,,
/player/biberli/,Biberli U.,1405.3,4,1433.1,1.0,1495.3,2.0,1457.3,1.0,,
/player/bacher-cd70c/,Bacher C.,1405.2,1,,,1425.2,1.0,,,,
/player/krzesniak/,Krzesniak K.,1405.2,4,1434.3,1.0,1456.4,3.0,,,,
/player/harvey-3f577/,Harvey A.,1405.2,22,1391.3,16.0,1313.9,4.0,1615.3,2.0,,
/player/bowles-rokudo/,Bowles-Rokudo N.,1405.2,6,1434.3,1.0,1429.0,3.0,1566.5,1.0,,
/player/wainwright-2852f/,Wainwright M.,1405.1,19,1425.5,19.0,,,,,,
/player/szweda/,Szweda A.,1405.1,1,1434.3,1.0,,,,,,
/player/santhosh/,Santhosh R.,1405.1,5,,,1397.1,4.0,1434.3,1.0,,
/player/rossell/,Rossell D.,1405.0,1,,,1411.2,1.0,,,,
/player/petroski-rocha/,Petroski Rocha P.,1405.0,6,1474.9,2.0,1447.2,3.0,,,,
/player/muudgil/,Muudgil S.,1405.0,1,,,1421.6,1.0,,,,
/player/van-deventer/,Van Deventer D.,1404.9,2,,,1460.2,1.0,1434.3,1.0,,
/player/fuduric/,Fuduric M.,1404.9,13,,,,,,,,
/player/schoemacher/,Schoemacher B.,1404.9,13,1388.3,4.0,1549.2,1.0,1434.3,1.0,,
/player/nunez-vera/,Nunez Vera A.,1404.9,10,1397.2,2.0,1387.5,2.0,,,,
/player/kanerva-10e42/,Kanerva A.,1404.9,1,,,1417.2,1.0,,,,
/player/scuppa/,Scuppa A.,1404.9,7,,,1424.4,7.0,,,,
/player/suresh-6e24b/,Suresh A.,1404.8,2,1387.4,2.0,,,,,,
/player/rootman/,Rootman H.,1404.8,4,1506.8,2.0,1371.2,2.0,,,,
/player/huang-eb777/,Huang Y.,1404.7,2,,,1443.0,1.0,,,,
/player/mallory-c0e97/,Mallory R.,1404.7,7,1507.3,2.0,1407.2,4.0,,,,
/player/campion/,Campion B.,1404.7,2,,,1432.2,1.0,,,,
/player/bergen/,Bergen M.,1404.7,15,1456.1,8.0,1397.0,7.0,,,,
/player/gadecki/,Gadecki O.,1404.7,2,1402.1,2.0,,,,,,
/player/goltz-9bdd0/,Goltz N.,1404.6,1,,,1422.1,1.0,,,,
/player/keegan-e8bb1/,Keegan R.,1404.5,8,,,1495.5,4.0,,,,
/player/diianni-94724/,Diianni J.,1404.5,5,1377.8,5.0,,,,,,
/player/li-e3e57/,Li Q.,1404.5,2,,,1472.3,1.0,,,,
/player/kaplan-2f1c6/,Kaplan M.,1404.5,6,,,,,,,,
/player/vukovic-ff6d9/,Vukovic L.,1404.4,2,,,1406.3,2.0,,,,
/player/connaughton/,Connaughton L.,1404.3,28,1399.3,21.0,1387.7,6.0,,,,
/player/weber-bfa63/,Weber J.,1404.3,31,1397.0,2.0,1609.0,18.0,,,,
/player/fiorani/,Fiorani A.,1404.3,20,1492.0,7.0,1403.4,13.0,,,,
/player/lai-239f3/,Lai J.,1404.2,2,1434.3,1.0,1446.7,1.0,,,,
/player/dimitrova-0b746/,Dimitrova M.,1404.2,1,,,1414.6,1.0,,,,
/player/navarro-oliva/,Navarro Oliva M.,1404.1,15,1399.4,5.0,1459.3,10.0,,,,
/player/jayasena/,Jayasena D.,1404.1,1,1409.7,1.0,,,,,,
/player/cemanova/,Cemanova V.,1404.1,1,,,1420.3,1.0,,,,
/player/bui-121d2/,Bui S.,1404.1,6,1434.3,1.0,1416.5,5.0,,,,
/player/frosch/,Frosch L.,1404.0,6,,,,,,,,
/player/genovese-aeae0/,Genovese A.,1404.0,2,,,1404.0,2.0,,,,
/player/shusteva/,Shusteva S.,1404.0,2,1458.7,1.0,1441.4,1.0,,,,
/player/root-39d5d/,Root M.,1403.9,11,1476.2,3.0,1284.7,5.0,,,1551.8,3.0
/player/cizelj-zivkovic/,Cizelj-Zivkovic S.,1403.9,8,1615.1,2.0,1441.7,3.0,1434.3,1.0,,
/player/rodrigues-16f65/,Rodrigues L.,1403.9,10,1503.6,2.0,1469.1,6.0,,,,
/player/christoforidoy/,Christoforidoy M.,1403.9,4,,,,,,,,
/player/ortenblad-nogueira/,Ortenblad Nogueira H.,1403.8,22,1559.7,8.0,1368.2,11.0,,,,
/player/sell-1ce74/,Sell K.,1403.8,2,1395.7,2.0,,,,,,
/player/kellner-c5cab/,Kellner G.,1403.7,7,,,,,,,,
/player/roche-gonzalez/,Roche Gonzalez A.,1403.7,1,,,1422.1,1.0,,,,
/player/lam-90d58/,Lam C.,1403.7,2,1434.3,1.0,1450.6,1.0,,,,
/player/mtvarelishvili/,Mtvarelishvili T.,1403.7,12,1436.4,12.0,,,,,,
/player/necz/,Necz A.,1403.7,24,1585.0,4.0,1406.2,9.0,1434.3,1.0,,
/player/vincent-34217/,Vincent T.,1403.6,1,1434.3,1.0,,,,,,
/player/szubert-9ae5f/,Szubert J.,1403.6,1,,,1407.1,1.0,,,,
/player/collins-f20f1/,Collins H.,1403.6,7,1412.5,7.0,,,,,,
/player/walltin/,Walltin K.,1403.6,3,1414.7,1.0,1431.0,1.0,,,,
/player/sootla/,Sootla S.,1403.5,1,,,1409.3,1.0,,,,
/player/taheri-49dc5/,Taheri K.,1403.5,2,,,,,,,,
/player/navarro-4d722/,Navarro D.,1403.4,1,,,,,,,,
/player/kukushkin/,Kukushkin M.,1403.4,10,1507.9,7.0,1434.3,1.0,1387.9,2.0,,
/player/alexis-68234/,Alexis L.,1403.4,4,1412.7,4.0,,,,,,
/player/hamill-0c8fd/,Hamill Z.,1403.4,8,1510.5,2.0,1349.0,3.0,1565.7,1.0,,
/player/brunkow-2b3ba/,Brunkow L.,1403.4,8,,,,,,,,
/player/sutiashvili/,Sutiashvili L.,1403.4,2,,,1383.4,2.0,,,,
/player/janev/,Janev K.,1403.2,4,,,1423.7,1.0,,,,
/player/zeitune-46100/,Zeitune G.,1403.2,11,1487.5,3.0,1381.4,8.0,,,,
/player/marci/,Marci C.,1403.2,1,,,1406.8,1.0,,,,
/player/princip/,Princip M.,1403.1,1,1398.4,1.0,,,,,,
/player/kiryushenko/,Kiryushenko E.,1403.1,4,1415.5,4.0,,,,,,
/player/youn-409e7/,Youn L.,1403.1,5,,,,,,,,
/player/sanchez-pascuala/,Sanchez-Pascuala D.,1403.1,3,,,1415.5,3.0,,,,
/player/puzyrevich/,Puzyrevich N.,1403.0,4,,,1408.3,4.0,,,,
/player/preda-1e7ee/,Preda A.,1403.0,17,,,1385.6,17.0,,,,
/player/gulati-aa58a/,Gulati S.,1403.0,2,,,1403.2,2.0,,,,
/player/correia-462aa/,Correia C.,1403.0,1,1424.1,1.0,,,,,,
/player/mercier-d0858/,Mercier C.,1402.9,2,1402.7,2.0,,,,,,
/player/waller-cf66b/,Waller B.,1402.9,2,1370.7,2.0,,,,,,
/player/ahfer/,Ahfer Z.,1402.9,1,1419.0,1.0,,,,,,
/player/de-sousa-figueiredo/,De Sousa Figueiredo L.,1402.9,4,,,,,,,,
/player/urbanova-78723/,Urbanova L.,1402.8,8,,,1397.5,8.0,,,,
/player/shirzady/,Shirzady M.,1402.8,2,,,1404.9,2.0,,,,
/player/wang-9ad37/,Wang W.,1402.8,2,1424.0,1.0,,,,,1434.3,1.0
/player/toljan/,Toljan J.,1402.7,1,,,1401.3,1.0,,,,
/player/echaide-gonzalez/,Echaide Gonzalez N.,1402.7,8,1490.0,6.0,1350.7,2.0,,,,
/player/gonzalez-torres-816ac/,Gonzalez Torres C.,1402.6,1,1411.0,1.0,,,,,,
/player/alonso-cortes/,Alonso-Cortés J.,1402.6,2,,,1469.6,1.0,1422.1,1.0,,
/player/sibanda-ddad5/,Sibanda E.,1402.5,5,1427.0,1.0,1458.5,4.0,,,,
/player/jani-11680/,Jani T.,1402.5,2,1397.3,2.0,,,,,,
/player/fatihova/,Fatihova Y.,1402.5,2,1404.3,2.0,,,,,,
/player/ramos-sierra/,Ramos Sierra C.,1402.5,2,,,1416.8,2.0,,,,
/player/roothman/,Roothman C.,1402.5,2,1445.5,1.0,,,,,,
/player/kuszli/,Kuszli B.,1402.5,2,1434.3,1.0,1429.9,1.0,,,,
/player/tikhomirov/,Tikhomirov M.,1402.5,17,1359.6,3.0,1463.9,8.0,1457.3,1.0,,
/player/liu-f5ca0/,Liu J.,1402.4,14,1433.7,13.0,1434.3,1.0,,,,
/player/weckerle-434af/,Weckerle M.,1402.4,30,1405.8,4.0,1429.8,14.0,,,1481.1,9.0
/player/maurey/,Maurey C.,1402.4,2,1463.8,1.0,,,,,1434.3,1.0
/player/nava-elkin/,Nava Elkin A.,1402.4,20,1443.2,8.0,1395.7,12.0,,,,
/player/leti-messina-7ad19/,Leti Messina L.,1402.4,2,1434.3,1.0,1466.9,1.0,,,,
/player/mandelik/,Mandelik L.,1402.3,2,,,1386.6,2.0,,,,
/player/marron-baruqui/,Marron Baruqui M.,1402.3,2,1400.8,2.0,,,,,,
/player/lee-c2101/,Lee G.,1402.3,5,,,1451.9,4.0,,,,
/player/riccitelli-2eb27/,Riccitelli N.,1402.3,1,,,1408.9,1.0,,,,
/player/santander/,Santander V.,1402.3,2,,,1402.3,2.0,,,,
/player/motta-62fd0/,Motta A.,1402.2,2,,,1402.2,2.0,,,,
/player/berdullas-calvino/,Berdullas Calvino S.,1402.2,7,,,1419.6,1.0,,,,
/player/amiryavari/,Amiryavari S.,1402.2,5,,,,,,,,
/player/makhlouf-ee409/,Makhlouf M.,1402.2,8,1409.9,8.0,,,,,,
/player/cisovska/,Cisovska R.,1402.1,2,,,1451.1,1.0,,,,
/player/negritu/,Negritu C.,1402.1,10,,,1384.9,10.0,,,,
/player/dollar-9d63d/,Dollar G.,1402.0,3,1408.9,3.0,,,,,,
/player/strydom-828e0/,Strydom J.,1402.0,9,1364.8,3.0,1456.8,6.0,,,,
/player/gavriliu/,Gavriliu I.,1402.0,1,1434.3,1.0,,,,,,
/player/jordan-carreras/,Jordan Carreras R.,1402.0,1,,,,,,,,
/player/xu-dd0da/,Xu M.,1402.0,17,1487.9,11.0,,,1289.6,6.0,,
/player/genzo/,Genzo S.,1402.0,1,1413.5,1.0,,,,,,
/player/veselic/,Veselic L.,1401.9,1,,,1415.7,1.0,,,,
/player/bang-kjaersgaard/,Bang Kjaersgaard A.,1401.9,1,,,1405.2,1.0,,,,
/player/lindstedt-07d3e/,Lindstedt M.,1401.9,2,1432.5,1.0,,,,,,
/player/le-dur/,Le Dur A.,1401.9,1,,,,,,,,
/player/cruz-47dab/,Cruz A.,1401.7,4,1457.3,3.0,1404.1,1.0,,,,
/player/sood-4b8a6/,Sood C.,1401.7,5,1504.5,2.0,,,1447.2,3.0,,
/player/semler/,Semler W.,1401.6,1,1434.3,1.0,,,,,,
/player/zhou-42538/,Zhou Z.,1401.6,1,1412.5,1.0,,,,,,
/player/chang-5d261/,Chang L.,1401.6,4,,,1395.5,4.0,,,,
/player/cruz-vazquez/,Cruz Vazquez E.,1401.6,2,1385.4,2.0,,,,,,
/player/allegre-f7764/,Allegre O.,1401.5,11,1483.1,9.0,,,,,,
/player/malik-b57fb/,Malik R.,1401.4,1,1405.2,1.0,,,,,,
/player/utkina/,Utkina E.,1401.4,16,1394.3,16.0,,,,,,
/player/horvath-d8545/,Horvath N.,1401.4,5,,,1419.6,5.0,,,,
/player/colette/,Colette A.,1401.3,3,,,1457.3,2.0,,,,
/player/mingzhou/,Mingzhou Z.,1401.3,8,1500.4,2.0,1406.8,6.0,,,,
/player/kondzero/,Kondzero M.,1401.3,2,1363.7,2.0,,,,,,
/player/ozeki-d58b2/,Ozeki A.,1401.3,4,1401.3,4.0,,,,,,
/player/efremov/,Efremov A.,1401.2,1,,,1398.8,1.0,,,,
/player/felici/,Felici L.,1401.2,1,,,1413.4,1.0,,,,
/player/chen-8f8bf/,Chen Z.,1401.2,4,1426.2,3.0,1434.3,1.0,,,,
/player/castro-loedel-51b0a/,Castro Loedel S.,1401.1,2,1457.3,1.0,1442.1,1.0,,,,
/player/couto-07dfd/,Couto V.,1401.1,2,1444.4,1.0,,,1434.3,1.0,,
/player/anicic/,Anicic I.,1401.1,1,,,,,,,,
/player/kolas/,Kolas M.,1401.0,8,1381.0,2.0,1496.3,6.0,,,,
/player/vaz-pinto/,Vaz Pinto A.,1401.0,1,1401.3,1.0,,,,,,
/player/oved/,Oved L.,1400.9,13,,,,,,,,
/player/savic-f4e33/,Savic A.,1400.9,2,,,1394.1,2.0,,,,
/player/osafune-d6159/,Osafune K.,1400.8,16,1395.5,14.0,,,,,1504.6,2.0
/player/salvadori/,Salvadori M.,1400.7,15,1503.7,7.0,1366.5,8.0,,,,
/player/dragos/,Dragos H.,1400.7,7,1434.3,1.0,1442.3,6.0,,,,
/player/helguera-casado-f60d5/,Helguera Casado E.,1400.7,2,,,1412.4,2.0,,,,
/player/shibata-f8d16/,Shibata L.,1400.7,2,,,1401.1,2.0,,,,
/player/martinez-mora-esdras/,Martinez Mora Esdras W.,1400.7,20,1478.6,4.0,1371.0,5.0,,,,
/player/d-alba/,D'Alba E.,1400.6,1,,,1401.8,1.0,,,,
/player/corwin-ecba8/,Corwin O.,1400.6,17,1438.0,1.0,1376.9,2.0,,,,
/player/schulz-da0d3/,Schulz M.,1400.4,6,1482.6,2.0,1395.3,4.0,,,,
/player/rafiq/,Rafiq A.,1400.4,7,,,1399.1,7.0,,,,
/player/enev-76201/,Enev A.,1400.4,4,1504.6,2.0,1413.3,1.0,1434.3,1.0,,
/player/stella-12fc5/,Stella G.,1400.3,12,1454.6,3.0,1431.1,8.0,,,,
/player/you-1ff95/,You D.,1400.3,10,1504.6,2.0,1403.2,8.0,,,,
/player/compuesto/,Compuesto B.,1400.3,17,1398.1,13.0,,,,,,
/player/gaudenzi-9cce1/,Gaudenzi P.,1400.3,1,,,,,,,,
/player/llorens-ecd6f/,Llorens L.,1400.2,2,,,1434.3,1.0,1434.3,1.0,,
/player/bonardi-e1f22/,Bonardi B.,1400.1,28,1439.5,18.0,1379.1,10.0,,,,
/player/gabotto-loredo/,Gabotto Loredo K.,1400.1,7,,,1403.9,7.0,,,,
/player/goetting/,Goetting M.,1400.1,1,,,1410.8,1.0,,,,
/player/testori-tesfagabri-yosiof/,Testori Tesfagabri Yosiof F.,1400.1,2,,,1391.6,2.0,,,,
/player/busciola/,Busciola F.,1400.1,2,,,1406.4,2.0,,,,
/player/habiyambere-20539/,Habiyambere C.,1400.1,2,,,1385.0,2.0,,,,
/player/sapic-e0cfc/,Sapic N.,1400.0,22,1420.8,4.0,1552.5,13.0,1434.3,1.0,,
/player/ayadi-b5f52/,Ayadi Z.,1399.9,2,1405.8,2.0,,,,,,
/player/stromberg/,Stromberg M.,1399.9,1,,,,,,,,
/player/korrodi-ritto/,Korrodi Ritto T.,1399.9,4,1434.3,1.0,1482.9,2.0,,,,
/player/andriveau/,Andriveau T.,1399.9,8,1374.5,2.0,1430.8,6.0,,,,
/player/dunne-7c15f/,Dunne K.,1399.9,10,1420.8,8.0,,,1364.6,2.0,,
/player/de-niet/,De Niet M.,1399.9,2,,,1400.8,2.0,,,,
/player/hon/,Hon P.,1399.9,16,1483.5,11.0,1419.1,2.0,1343.8,3.0,,
/player/tubio-martin/,Tubio Martin C.,1399.9,1,,,,,,,,
/player/nikolaidou-c795a/,Nikolaidou S.,1399.8,2,,,1400.2,2.0,,,,
/player/kesharwani/,Kesharwani M.,1399.8,2,1409.9,2.0,,,,,,
/player/el-mouttaki/,El Mouttaki Z.,1399.8,4,,,1401.4,4.0,,,,
/player/goetz-368cf/,Goetz T.,1399.8,8,1434.3,1.0,,,,,,
/player/bouyacoub/,Bouyacoub A.,1399.7,5,1402.1,2.0,1504.9,2.0,1457.3,1.0,,
/player/schmoelzer/,Schmoelzer P.,1399.7,2,,,1392.3,2.0,,,,
/player/faraci/,Faraci M.,1399.7,3,,,,,,,,
/player/el-akili/,El Akili K.,1399.6,2,,,1394.3,2.0,,,,
/player/matuszewski-aef0b/,Matuszewski P.,1399.6,3,,,1368.9,3.0,,,,
/player/vargas-9d5c1/,Vargas M.,1399.5,1,1405.3,1.0,,,,,,
/player/ungerman-18a9f/,Ungerman O.,1399.5,4,1434.3,1.0,1434.7,1.0,1565.7,1.0,,
/player/huang-31ae0/,Huang R.,1399.5,4,,,,,,,,
/player/strelchuk/,Strelchuk I.,1399.4,1,,,1416.7,1.0,,,,
/player/hampel-7e857/,Hampel L.,1399.3,2,,,1378.6,2.0,,,,
/player/khrystyuk/,Khrystyuk T.,1399.3,2,,,1391.0,2.0,,,,
/player/sumann/,Sumann E.,1399.3,24,1605.3,2.0,1402.3,6.0,1434.3,1.0,,
/player/perumov/,Perumov D.,1399.3,1,,,1415.1,1.0,,,,
/player/nad-d59a0/,Nad E.,1399.2,1,1400.6,1.0,,,,,,
/player/martino-8b043/,Martino G.,1399.2,2,1434.3,1.0,1434.3,1.0,,,,
/player/blackbeard/,Blackbeard K.,1399.2,16,1272.1,8.0,1478.2,8.0,,,,
/player/dessolis/,Dessolis B.,1399.2,19,,,1404.8,19.0,,,,
/player/kayakent/,Kayakent S.,1399.1,1,1413.3,1.0,,,,,,
/player/de-miguel-montero/,De Miguel Montero A.,1399.1,15,1508.9,4.0,1450.1,9.0,,,,
/player/casella-15ae7/,Casella A.,1399.1,6,1398.9,3.0,1479.6,2.0,,,,
/player/kopp-6492e/,Kopp B.,1399.0,1,,,1416.7,1.0,,,,
/player/goyins/,Goyins G.,1399.0,6,,,,,,,,
/player/lonnemann/,Lonnemann M.,1399.0,1,,,1434.3,1.0,,,,
/player/ba-3290f/,Ba E.,1398.9,2,,,1395.3,2.0,,,,
/player/lim-0888d/,Lim P.,1398.9,6,1421.6,5.0,,,,,1434.3,1.0
/player/munoz-sainz/,Munoz Sainz D.,1398.8,3,1422.1,1.0,1467.9,2.0,,,,
/player/petelinsek-7a04b/,Petelinsek P.,1398.7,2,,,1397.0,2.0,,,,
/player/forrestier/,Forrestier L.,1398.7,10,1513.3,2.0,1453.1,7.0,1434.3,1.0,,
/player/kniese-jauregui/,Kniese Jauregui L.,1398.6,1,1434.3,1.0,,,,,,
/player/guo-31a17/,Guo Y.,1398.6,1,,,1432.0,1.0,,,,
/player/juhasz-2be33/,Juhasz B.,1398.6,2,1434.3,1.0,1440.8,1.0,,,,
/player/bulbarella/,Bulbarella M.,1398.6,17,1387.9,5.0,1463.6,10.0,,,1523.4,2.0
/player/guerresco/,Guerresco L.,1398.5,6,1382.5,4.0,1486.1,2.0,,,,
/player/rajput-99d7a/,Rajput S.,1398.5,1,,,1407.4,1.0,,,,
/player/abdelaziz-749e3/,Abdelaziz Y.,1398.5,3,,,1431.2,3.0,,,,
/player/saeed-50ac9/,Saeed A.,1398.5,2,1434.3,1.0,1442.8,1.0,,,,
/player/yang-c3301/,Yang Y.,1398.4,21,1446.1,5.0,1435.9,10.0,1561.2,3.0,,
/player/chatziavraam-e0cbc/,Chatziavraam E.,1398.4,2,,,1392.5,2.0,,,,
/player/pereira-lopes-5a182/,Pereira Lopes M.,1398.3,2,1374.7,2.0,,,,,,
/player/neuss/,Neuss H.,1398.3,6,1434.3,1.0,1446.1,3.0,,,,
/player/kang-1d85d/,Kang S.,1398.2,2,,,1373.9,2.0,,,,
/player/saiga/,Saiga W.,1398.2,11,1538.9,5.0,1420.4,6.0,,,,
/player/blazka-d039e/,Blazka D.,1398.1,24,1600.5,7.0,1318.8,10.0,1504.6,2.0,,
/player/kothapalli/,Kothapalli G.,1398.1,9,1384.4,2.0,1362.2,2.0,,,,
/player/nieboer/,Nieboer D.,1398.1,1,,,,,,,,
/player/moromete/,Moromete I.,1398.1,1,,,1404.3,1.0,,,,
/player/kumar-d4e5a/,Kumar P.,1398.0,2,1434.3,1.0,1434.3,1.0,,,,
/player/kittay/,Kittay B.,1398.0,3,1464.6,1.0,1417.9,2.0,,,,
/player/bretin/,Bretin T.,1397.9,16,1446.8,1.0,1395.4,4.0,1504.6,2.0,,
/player/de-bakker/,De Bakker T.,1397.9,2,,,1397.8,2.0,,,,
/player/vargiu/,Vargiu D.,1397.8,2,,,1442.1,1.0,,,,
/player/atturu-d3f83/,Atturu S.,1397.8,6,1400.3,6.0,,,,,,
/player/gay-1d3e5/,Gay F.,1397.8,19,1500.9,2.0,1308.6,4.0,1549.3,3.0,,
/player/carvalho-rocha-9b0a5/,Carvalho Rocha A.,1397.8,12,1551.2,3.0,1461.4,5.0,1404.0,2.0,,
/player/inoue-7ca80/,Inoue J.,1397.8,8,1551.0,3.0,1381.6,4.0,1434.3,1.0,,
/player/park-287f9/,Park M.,1397.8,2,1380.4,2.0,,,,,,
/player/quispe-kim/,Quispe-Kim D.,1397.7,2,1434.3,1.0,1440.5,1.0,,,,
/player/augunas-ffd9a/,Augunas J.,1397.7,4,1492.5,2.0,1427.7,1.0,1434.3,1.0,,
/player/zhang-d8bd3/,Zhang W.,1397.7,16,1521.7,2.0,1430.7,6.0,1384.7,2.0,,
/player/he-11748/,He Y.,1397.7,2,,,1428.9,1.0,,,,
/player/aebi/,Aebi Y.,1397.7,2,,,1397.7,2.0,,,,
/player/kuwabara/,Kuwabara M.,1397.7,1,1392.9,1.0,,,,,,
/player/basaria/,Basaria N.,1397.6,2,,,1391.5,2.0,,,,
/player/pinto-99f75/,Pinto M.,1397.6,2,1406.1,2.0,,,,,,
/player/moreno-de-alboran-a31d1/,Moreno De Alboran N.,1397.6,3,,,1427.6,2.0,1422.1,1.0,,
/player/yakimakho/,Yakimakho A.,1397.6,6,1495.3,2.0,1415.2,4.0,,,,
/player/gold/,Gold H.,1397.5,6,,,,,,,,
/player/zhang-9c162/,Zhang C.,1397.5,2,1403.9,2.0,,,,,,
/player/antal-4f35f/,Antal R.,1397.5,1,,,1397.0,1.0,,,,
/player/skof/,Skof G.,1397.5,2,,,1445.0,1.0,,,,
/player/rodrigues-longobardi/,Rodrigues Longobardi P.,1397.4,8,1527.4,2.0,1392.0,5.0,,,,
/player/mithran/,Mithran N.,1397.4,2,,,1381.1,2.0,,,,
/player/sparks-bc9f0/,Sparks B.,1397.4,2,,,,,,,,
/player/lee-29dab/,Lee E.,1397.4,13,,,,,,,,
/player/standaart-68aa8/,Standaart C.,1397.3,6,,,,,,,,
/player/xiao-e0c33/,Xiao L.,1397.3,14,1295.4,11.0,1577.6,3.0,,,,
/player/donnell-2e3ad/,Donnell A.,1397.3,8,1475.8,5.0,1429.0,3.0,,,,
/player/markina/,Markina M.,1397.3,5,1500.1,3.0,1375.6,2.0,,,,
/player/clark-4f34d/,Clark M.,1397.2,2,,,,,,,,
/player/stauffer-0296f/,Stauffer P.,1397.2,2,,,1370.0,2.0,,,,
/player/tosaka/,Tosaka A.,1397.2,4,1402.8,4.0,,,,,,
/player/osti/,Osti F.,1397.1,2,1421.4,1.0,1434.3,1.0,,,,
/player/alawadhi-58f52/,Alawadhi M.,1397.1,7,1414.4,3.0,1432.7,3.0,,,,
/player/nikolajeva/,Nikolajeva N.,1397.1,1,,,1407.5,1.0,,,,
/player/bosch-armas/,Bosch Armas S.,1397.1,1,,,1415.2,1.0,,,,
/player/zavala-da4c8/,Zavala A.,1397.0,4,,,,,,,,
/player/ito-b0122/,Ito K.,1397.0,18,1444.2,6.0,1450.8,6.0,,,,
/player/yalanuzyan/,Yalanuzyan D.,1396.9,4,1445.7,3.0,1434.3,1.0,,,,
/player/sharratt-blanksby/,Sharratt Blanksby L.,1396.9,3,,,,,,,,
/player/guenther-0fcfc/,Guenther G.,1396.7,4,,,,,,,,
/player/domanski-b6bb2/,Domanski M.,1396.7,1,,,1419.3,1.0,,,,
/player/sagheb-tehrani/,Sagheb tehrani K.,1396.6,6,1419.5,6.0,,,,,,
/player/sukjai/,Sukjai P.,1396.6,4,1434.3,1.0,1435.8,3.0,,,,
/player/daskalova/,Daskalova E.,1396.6,4,,,,,,,,
/player/xu-a0fb3/,Xu S.,1396.5,4,1413.4,3.0,,,,,1434.3,1.0
/player/rabih/,Rabih H.,1396.5,3,1397.0,2.0,,,,,,
/player/freitas-guimaraes/,Freitas Guimaraes L.,1396.5,1,,,1419.9,1.0,,,,
/player/caliman/,Caliman S.,1396.4,15,1351.0,6.0,1462.5,9.0,,,,
/player/lee-6d0b0/,Lee J.,1396.4,2,1415.8,1.0,1453.3,1.0,,,,
/player/held-f735c/,Held N.,1396.4,7,1386.9,2.0,1509.5,4.0,,,,
/player/lesauvage/,Lesauvage A.,1396.3,2,,,,,,,,
/player/shvets/,Shvets V.,1396.3,17,1403.7,2.0,1355.5,13.0,,,,
/player/desai-f7f3a/,Desai N.,1396.3,11,1389.1,11.0,,,,,,
/player/koaykul/,Koaykul K.,1396.3,4,1493.2,2.0,1394.7,2.0,,,,
/player/ivanov-fefa4/,Ivanov E.,1396.3,25,1487.1,6.0,,,1434.3,1.0,1567.0,6.0
/player/davies-88ca8/,Davies D.,1396.2,6,,,,,,,,
/player/hughes-ed99a/,Hughes N.,1396.2,2,,,,,,,,
/player/temprana/,Temprana F.,1396.1,2,1395.6,2.0,,,,,,
/player/beranger/,Beranger Y.,1396.1,4,,,1487.1,2.0,,,,
/player/ziouti/,Ziouti S.,1396.1,10,1469.6,5.0,,,,,,
/player/borrasca/,Borrasca C.,1396.0,2,1404.3,2.0,,,,,,
/player/buechi/,Buechi C.,1395.9,1,1434.3,1.0,,,,,,
/player/bendhia/,Bendhia S.,1395.9,4,1394.8,4.0,,,,,,
/player/kellovsky/,Kellovsky D.,1395.9,10,1392.2,3.0,1420.8,7.0,,,,
/player/negishi-37454/,Negishi Y.,1395.9,29,1417.1,28.0,,,,,1434.3,1.0
/player/bulger-24000/,Bulger H.,1395.8,4,,,1484.9,2.0,,,,
/player/martens-b6272/,Martens N.,1395.8,9,1449.4,3.0,1374.2,5.0,,,,
/player/malkhasyan-17c35/,Malkhasyan M.,1395.8,2,,,1394.6,2.0,,,,
/player/oji/,Oji N.,1395.8,3,,,1460.6,2.0,,,,
/player/bertagnolio/,Bertagnolio P.,1395.8,1,1413.3,1.0,,,,,,
/player/bruna-45ba3/,Bruna N.,1395.8,35,1371.5,6.0,1409.9,24.0,1434.3,1.0,,
/player/bianchi-50f9c/,Bianchi J.,1395.7,3,1432.7,1.0,1397.5,2.0,,,,
/player/kaneda-aa057/,Kaneda H.,1395.7,2,1438.8,1.0,1448.3,1.0,,,,
/player/navarro-sanchez/,Navarro Sanchez P.,1395.7,1,1434.3,1.0,,,,,,
/player/gogulamanda/,Gogulamanda T.,1395.7,2,1387.0,2.0,,,,,,
/player/mayo-981a0/,Mayo K.,1395.5,2,1393.7,2.0,,,,,,
/player/paganetti/,Paganetti V.,1395.5,3,,,1363.2,2.0,1434.3,1.0,,
/player/laethem/,Laethem L.,1395.5,3,1400.6,3.0,,,,,,
/player/rivera-e50d3/,Rivera S.,1395.5,2,,,,,,,,
/player/mulet-bouza/,Mulet Bouza C.,1395.5,2,1446.6,1.0,1438.2,1.0,,,,
/player/pehlivan/,Pehlivan Y.,1395.5,1,1406.6,1.0,,,,,,
/player/lopez-dominguez/,Lopez Dominguez J.,1395.4,8,1370.7,2.0,1393.6,5.0,,,,
/player/tinsley/,Tinsley M.,1395.4,1,1405.1,1.0,,,,,,
/player/vaz-pinto-73b79/,Vaz Pinto F.,1395.4,1,1412.4,1.0,,,,,,
/player/hammar-33e69/,Hammar M.,1395.4,2,,,1434.3,1.0,,,,
/player/obrul-88a2c/,Obrul L.,1395.4,12,1364.7,2.0,1512.2,4.0,,,,
/player/constantin-8298e/,Constantin A.,1395.4,2,,,1425.7,1.0,,,,
/player/sugnaux/,Sugnaux T.,1395.3,2,,,1395.3,2.0,,,,
/player/young-bcbd4/,Young D.,1395.3,2,,,,,,,,
/player/davasse-vidal/,Davasse Vidal G.,1395.3,6,,,1436.3,3.0,,,,
/player/kapcia/,Kapcia V.,1395.3,11,1496.9,8.0,1350.3,3.0,,,,
/player/weedon/,Weedon K.,1395.3,2,,,,,,,,
/player/boffelli/,Boffelli F.,1395.3,2,,,1410.5,2.0,,,,
/player/vozar/,Vozar S.,1395.3,2,,,1417.6,1.0,,,,
/player/kehl/,Kehl O.,1395.3,2,,,1395.3,2.0,,,,
/player/yamataka/,Yamataka M.,1395.2,2,1396.3,2.0,,,,,,
/player/fabbri-e057e/,Fabbri L.,1395.2,13,1489.7,11.0,,,,,1368.5,2.0
/player/stock/,Stock L.,1395.1,2,1453.3,1.0,1427.1,1.0,,,,
/player/monnard/,Monnard J.,1394.9,2,,,1394.9,2.0,,,,
/player/ziets-segura-1f19b/,Ziets Segura L.,1394.9,2,,,,,,,,
/player/tembe-8f357/,Tembe R.,1394.9,2,,,,,,,,
/player/eikeri-03445/,Eikeri U.,1394.8,2,1421.9,1.0,,,,,1434.3,1.0
/player/alvarez-biron/,Alvarez Biron B.,1394.8,6,,,1394.8,6.0,,,,
/player/mihelcic/,Mihelcic S.,1394.6,1,,,1402.5,1.0,,,,
/player/schambil/,Schambil V.,1394.6,1,,,,,,,,
/player/nayak-a8dca/,Nayak S.,1394.6,2,1392.6,2.0,,,,,,
/player/petersilie/,Petersilie J.,1394.6,1,,,1404.1,1.0,,,,
/player/kim-5fc7c/,Kim J.,1394.6,2,,,1394.1,2.0,,,,
/player/liu-01c67/,Liu L.,1394.5,7,1434.3,1.0,1455.0,5.0,,,,
/player/makauskas/,Makauskas P.,1394.5,2,,,1400.7,2.0,,,,
/player/savelov/,Savelov P.,1394.4,5,1485.7,2.0,1386.4,3.0,,,,
/player/dogdu/,Dogdu Z.,1394.4,1,,,1422.1,1.0,,,,
/player/ho-a5c07/,Ho A.,1394.4,11,1465.5,10.0,,,,,,
/player/ibrahim-14af0/,Ibrahim J.,1394.4,11,1418.5,10.0,,,1434.3,1.0,,
/player/ushizima/,Ushizima H.,1394.4,1,,,,,,,,
/player/borisov-deddf/,Borisov M.,1394.3,23,1625.4,4.0,1528.6,6.0,,,,
/player/mize/,Mize K.,1394.3,2,,,,,,,,
/player/lipp-56763/,Lipp M.,1394.2,7,,,1372.5,7.0,,,,
/player/bregvadze/,Bregvadze G.,1394.2,2,,,1405.6,2.0,,,,
/player/montebello/,Montebello E.,1394.2,11,1549.7,3.0,,,,,,
/player/channon/,Channon L.,1394.1,2,,,1426.2,1.0,,,,
/player/conway-126f6/,Conway J.,1394.1,5,1408.9,5.0,,,,,,
/player/de-oliveira-bf187/,De Oliveira A.,1394.0,1,1400.9,1.0,,,,,,
/player/dang-b05dd/,Dang Y.,1394.0,18,1375.7,11.0,1484.2,7.0,,,,
/player/bernardo-4742e/,Bernardo M.,1394.0,3,,,1434.5,2.0,1434.3,1.0,,
/player/fagotti/,Fagotti E.,1394.0,2,1435.9,1.0,1453.6,1.0,,,,
/player/li-6435e/,Li J.,1394.0,6,1420.8,5.0,,,,,1434.3,1.0
/player/bakr/,Bakr A.,1393.9,2,,,,,,,,
/player/portier/,Portier D.,1393.8,3,1446.6,1.0,1418.7,1.0,1434.3,1.0,,
/player/yang-e8b13/,Yang R.,1393.8,2,1390.2,2.0,,,,,,
/player/gicic/,Gicic R.,1393.7,2,1434.3,1.0,,,1434.3,1.0,,
/player/ivantsiv/,Ivantsiv M.,1393.6,12,1447.8,10.0,1363.2,2.0,,,,
/player/calugar-e27a1/,Calugar J.,1393.6,2,,,1390.5,2.0,,,,
/player/shitaia/,Shitaia M.,1393.5,4,1397.8,4.0,,,,,,
/player/sramkova-f5724/,Sramkova T.,1393.5,23,1458.5,6.0,1371.0,17.0,,,,
/player/chen-804f7/,Chen Y.,1393.5,2,1384.7,2.0,,,,,,
/player/de-bresser/,De Bresser F.,1393.4,2,,,1416.0,1.0,,,1476.7,1.0
/player/soto-neira/,Soto Neira A.,1393.4,30,1418.9,15.0,1440.3,15.0,,,,
/player/guinau/,Guinau S.,1393.4,13,1422.1,1.0,1443.0,10.0,,,,
/player/del-giudice-3231b/,Del Giudice A.,1393.3,1,1429.7,1.0,,,,,,
/player/casadevall-samon/,Casadevall Samon M.,1393.3,2,,,1436.6,1.0,,,,
/player/roggi/,Roggi T.,1393.3,2,,,1393.3,2.0,,,,
/player/doskovic/,Doskovic A.,1393.2,1,,,1402.4,1.0,,,,
/player/lock-243e2/,Lock C.,1393.0,9,1441.2,1.0,1389.2,3.0,,,,
/player/matias-23bf0/,Matias M.,1393.0,9,1404.7,8.0,,,,,,
/player/meijer-941f8/,Meijer D.,1392.9,2,1428.2,1.0,1442.5,1.0,,,,
/player/fusil/,Fusil L.,1392.9,10,1493.2,2.0,1366.0,8.0,,,,
/player/higuita-barraza/,Higuita Barraza M.,1392.9,10,,,1395.9,10.0,,,,
/player/koussenkova/,Koussenkova V.,1392.8,4,1381.7,4.0,,,,,,
/player/li-c40ce/,Li Y.,1392.8,2,1411.6,1.0,,,,,1458.3,1.0
/player/gerasimovaite/,Gerasimovaite M.,1392.7,3,1413.0,2.0,1448.6,1.0,,,,
/player/lopez-050a3/,Lopez D.,1392.7,8,1435.4,1.0,1423.2,6.0,,,,
/player/tsutsumi/,Tsutsumi K.,1392.7,4,1433.1,3.0,,,,,1434.3,1.0
/player/peskar-majoli/,Peskar Majoli N.,1392.7,2,,,1393.2,2.0,,,,
/player/chetouane/,Chetouane M.,1392.7,9,1464.9,3.0,1402.5,3.0,1446.5,3.0,,
/player/srimuk/,Srimuk P.,1392.6,4,1395.8,4.0,,,,,,
/player/fluri-f759d/,Fluri M.,1392.6,2,1403.9,2.0,,,,,,
/player/hung-9f1c7/,Hung K.,1392.6,10,,,1436.2,1.0,,,,
/player/masuda-3f8a9/,Masuda S.,1392.6,8,1434.3,1.0,1504.1,2.0,,,,
/player/cooks/,Cooks S.,1392.6,2,1434.5,1.0,1434.3,1.0,,,,
/player/poswiat-5b195/,Poswiat J.,1392.5,4,,,1450.5,3.0,,,,
/player/saye/,Saye D.,1392.4,5,,,,,,,,
/player/fucsovics/,Fucsovics M.,1392.4,11,1391.9,2.0,1352.6,4.0,1488.0,5.0,,
/player/shin-e1032/,Shin J.,1392.4,10,1392.7,10.0,,,,,,
/player/govedarica/,Govedarica A.,1392.4,6,1428.9,1.0,1440.4,5.0,,,,
/player/gamborino/,Gamborino M.,1392.4,2,1434.3,1.0,1443.2,1.0,,,,
/player/de-almeida-santos/,De Almeida Santos P.,1392.4,16,1369.2,2.0,1542.6,12.0,,,,
/player/fischer-943e6/,Fischer T.,1392.4,2,1434.3,1.0,1454.9,1.0,,,,
/player/yap-30d5f/,Yap M.,1392.3,2,,,1435.2,1.0,1435.2,1.0,,
/player/badea/,Badea L.,1392.3,2,,,1382.6,2.0,,,,
/player/xiang-c43b6/,Xiang C.,1392.3,1,1394.8,1.0,,,,,,
/player/martinez-88e89/,Martinez K.,1392.2,10,,,,,1664.1,3.0,,
/player/cabrera-perez/,Cabrera Perez F.,1392.2,2,1434.3,1.0,1439.4,1.0,,,,
/player/hegarty-91164/,Hegarty T.,1392.2,2,,,,,,,,
/player/raza-fec8d/,Raza S.,1392.1,1,1422.1,1.0,,,,,,
/player/saito-442d7/,Saito K.,1392.1,2,,,1381.8,2.0,,,,
/player/carroll-83775/,Carroll B.,1392.0,2,,,1395.4,2.0,,,,
/player/ilkel/,Ilkel C.,1392.0,4,1375.3,3.0,1446.6,1.0,,,,
/player/ciulli/,Ciulli R.,1392.0,7,1493.2,2.0,1374.8,2.0,1436.9,3.0,,
/player/yudha/,Yudha M.,1391.9,2,1446.6,1.0,1418.1,1.0,,,,
/player/maeda-38897/,Maeda T.,1391.9,3,,,,,,,,
/player/crump-0de82/,Crump A.,1391.9,3,1397.3,2.0,1443.6,1.0,,,,
/player/abduraufov/,Abduraufov S.,1391.8,5,,,1405.9,5.0,,,,
/player/herman-0ff3a/,Herman R.,1391.7,10,1356.0,5.0,1486.5,4.0,,,,
/player/mueller-2004a/,Müller D.,1391.7,4,,,1404.6,4.0,,,,
/player/southcombe-e2e5e/,Southcombe M.,1391.7,26,1515.5,8.0,1454.2,14.0,,,,
/player/bielen/,Bielen S.,1391.7,12,1434.3,1.0,1434.3,1.0,,,,
/player/milosevic-c80fe/,Milosevic D.,1391.7,2,,,1401.1,2.0,,,,
/player/capeti/,Capeti A.,1391.6,13,,,1398.1,13.0,,,,
/player/marcos-cattoni/,Marcos Cattoni J.,1391.6,2,,,1391.4,2.0,,,,
/player/shtengelov-0b8d1/,Shtengelov A.,1391.5,6,,,,,,,,
/player/cavasin/,Cavasin A.,1391.5,3,1415.2,2.0,1444.6,1.0,,,,
/player/boeykens/,Boeykens E.,1391.3,2,,,1385.2,2.0,,,,
/player/schneider-4f0df/,Schneider Y.,1391.3,21,1405.9,5.0,1564.7,8.0,1626.7,2.0,,
/player/bjelobrk/,Bjelobrk J.,1391.3,16,1561.1,6.0,1405.5,8.0,1434.3,1.0,,
/player/gyuro-8cb6c/,Gyuro E.,1391.3,3,,,,,,,,
/player/ennaciri/,Ennaciri M.,1391.2,3,,,1384.1,3.0,,,,
/player/nakao/,Nakao K.,1391.2,12,1389.7,12.0,,,,,,
/player/erazo-rodriguez-9e363/,Erazo Rodriguez C.,1391.2,4,1453.7,3.0,1423.4,1.0,,,,
/player/phillips-97a4a/,Phillips S.,1391.2,14,,,,,,,,
/player/grinberg-658df/,Grinberg L.,1391.2,7,,,1393.3,7.0,,,,
/player/jones-f1b9c/,Jones B.,1391.2,8,1322.7,4.0,,,1496.6,4.0,,
/player/asotic/,Asotic K.,1391.1,2,,,1398.6,2.0,,,,
/player/cazan-13506/,Cazan A.,1391.1,1,,,1397.9,1.0,,,,
/player/amarandei/,Amarandei D.,1391.0,27,1395.4,10.0,1491.3,11.0,1434.3,1.0,,
/player/dobric/,Dobric M.,1391.0,4,,,1407.1,4.0,,,,
/player/knez-fb2a1/,Knez S.,1391.0,4,,,1384.6,4.0,,,,
/player/ushakov-53542/,Ushakov A.,1391.0,21,1392.0,4.0,1401.5,13.0,1434.3,1.0,,
/player/yesmakanova/,Yesmakanova M.,1391.0,1,1393.8,1.0,,,,,,
/player/sclafani/,Sclafani A.,1390.9,2,,,1388.9,2.0,,,,
/player/ebert-santos/,Ebert Santos L.,1390.9,2,,,1434.3,1.0,,,,
/player/hoogeveen/,Hoogeveen E.,1390.9,2,,,1384.7,2.0,,,,
/player/velasquez-c504a/,Velasquez J.,1390.9,12,,,1493.2,2.0,,,,
/player/zakharkiv/,Zakharkiv S.,1390.8,6,1392.4,6.0,,,,,,
/player/bedir/,Bedir K.,1390.8,6,1434.3,1.0,1479.2,4.0,1422.1,1.0,,
/player/borkowski/,Borkowski M.,1390.7,12,1550.6,3.0,1388.9,5.0,,,,
/player/iserath-39d5e/,Iserath S.,1390.7,12,1375.5,2.0,1470.9,8.0,,,,
/player/lavine/,Lavine A.,1390.7,1,,,,,,,,
/player/ozaki-529a4/,Ozaki K.,1390.7,7,,,,,,,,
/player/lavrnja/,Lavrnja A.,1390.7,20,1327.4,3.0,1459.2,13.0,1565.7,1.0,,
/player/lee-3c919/,Lee W.,1390.6,10,,,1377.5,2.0,,,,
/player/belic-274f4/,Belic O.,1390.6,2,1434.3,1.0,1452.1,1.0,,,,
/player/kranjac/,Kranjac M.,1390.5,1,,,1393.9,1.0,,,,
/player/tsulygina/,Tsulygina M.,1390.5,4,,,,,,,,
/player/ouzilou-645fc/,Ouzilou H.,1390.5,3,,,1380.1,3.0,,,,
/player/ilie-39429/,Ilie D.,1390.5,9,1428.5,1.0,1423.2,8.0,,,,
/player/hamrouni-a3796/,Hamrouni N.,1390.4,5,1389.1,5.0,,,,,,
/player/hu-2783e/,Hu J.,1390.4,4,1431.8,1.0,1416.1,2.0,1446.6,1.0,,
/player/duda-264f0/,Duda A.,1390.4,3,,,1393.7,3.0,,,,
/player/zabkova/,Zabkova K.,1390.4,10,,,1433.7,6.0,,,,
/player/trausmuth/,Trausmuth E.,1390.4,4,,,1429.3,3.0,,,,
/player/stasny/,Stasny N.,1390.3,3,,,,,,,1434.3,1.0
/player/vilmaure/,Vilmaure G.,1390.3,2,,,1446.7,1.0,,,,
/player/casares-19660/,Casares B.,1390.3,2,1434.3,1.0,1442.7,1.0,,,,
/player/morris-4b788/,Morris A.,1390.3,5,1414.1,4.0,,,,,,
/player/lackova-e6483/,Lackova V.,1390.2,2,,,1391.6,2.0,,,,
/player/vergne/,Vergne I.,1390.2,2,,,1422.1,1.0,1434.3,1.0,,
/player/markovic-de85b/,Markovic A.,1390.2,3,,,1404.8,3.0,,,,
/player/kolowiecki/,Kolowiecki W.,1390.1,2,1434.3,1.0,1434.3,1.0,,,,
/player/montana-31308/,Montana F.,1390.1,8,,,1418.5,7.0,,,,
/player/prakash-a0514/,Prakash V.,1390.0,11,1489.9,2.0,1451.1,3.0,1434.3,1.0,,
/player/lassaga-c4de1/,Lassaga J.,1390.0,3,1434.3,1.0,1439.1,1.0,,,1434.3,1.0
/player/gladwish/,Gladwish J.,1390.0,1,,,,,,,,
/player/doleys/,Doleys F.,1389.9,7,1408.9,2.0,1379.6,4.0,,,,
/player/melo-9fee5/,Melo D.,1389.9,7,1492.6,4.0,1419.9,2.0,,,,
/player/bodnarchuk/,Bodnarchuk P.,1389.9,18,1529.3,6.0,1356.6,6.0,1373.3,2.0,,
/player/colore/,Colore M.,1389.8,2,1434.3,1.0,1434.3,1.0,,,,
/player/torrales-tebes-c4fe5/,Torrales Tebes M.,1389.7,2,1434.3,1.0,1433.1,1.0,,,,
/player/dagci/,Dagci S.,1389.6,2,1390.1,2.0,,,,,,
/player/mendez-17b01/,Mendez M.,1389.6,2,1453.3,1.0,,,,,,
/player/kelo/,Kelo P.,1389.6,5,1434.3,1.0,1438.8,3.0,1457.3,1.0,,
/player/wei-liu/,Wei Liu O.,1389.6,2,1434.2,1.0,,,,,,
/player/michta/,Michta N.,1389.6,2,,,,,,,,
/player/zahirovic/,Zahirovic R.,1389.6,3,,,1407.2,3.0,,,,
/player/kalfaoglu/,Kalfaoglu E.,1389.5,2,1434.3,1.0,1435.7,1.0,,,,
/player/lee-c013b/,Lee S.,1389.5,2,,,1389.2,2.0,,,,
/player/cavalle-reimers/,Cavalle-Reimers I.,1389.5,5,,,1375.1,5.0,,,,
/player/chauhan-6fd6b/,Chauhan H.,1389.5,20,1338.5,4.0,1437.7,15.0,,,,
/player/lebeau-07383/,Lebeau Y.,1389.4,4,1403.8,4.0,,,,,,
/player/ferrer-6ef95/,Ferrer C.,1389.4,13,1519.1,9.0,1339.7,4.0,,,,
/player/ostrzygalo/,Ostrzygalo M.,1389.3,5,1394.1,5.0,,,,,,
/player/caballer-catiru/,Caballer Catiru A.,1389.3,2,,,1396.0,2.0,,,,
/player/ferreira-de-souza/,Ferreira De Souza I.,1389.3,6,1434.3,1.0,1509.8,2.0,1385.5,2.0,,
/player/slamenikova-c03ab/,Slamenikova L.,1389.2,2,,,1386.4,2.0,,,,
/player/dong-4d7ed/,Dong Y.,1389.2,2,,,,,,,1392.8,2.0
/player/johri/,Johri I.,1389.2,2,,,1396.7,2.0,,,,
/player/an-1359d/,An L.,1389.2,33,1361.3,24.0,1609.8,6.0,,,1463.8,3.0
/player/razzi-rodriguez/,Razzi Rodriguez D.,1389.1,2,,,1388.3,2.0,,,,
/player/sprengers/,Sprengers F.,1389.1,4,,,1457.5,1.0,,,,
/player/ordonez-anduiza/,Ordonez Anduiza P.,1389.0,4,1426.2,3.0,1451.6,1.0,,,,
/player/nedic-211c2/,Nedic T.,1389.0,2,,,1365.8,2.0,,,,
/player/gamal/,Gamal G.,1388.9,6,,,,,,,,
/player/mathe/,Mathe G.,1388.9,2,1406.3,2.0,,,,,,
/player/gomez-941cd/,Gomez J.,1388.8,2,1477.9,1.0,1434.3,1.0,,,,
/player/nakamura-d53ac/,Nakamura K.,1388.8,5,1435.8,1.0,1445.8,4.0,,,,
/player/meduri/,Meduri A.,1388.8,2,,,1419.9,1.0,,,,
/player/bocchini/,Bocchini D.,1388.8,2,,,1439.9,1.0,,,,
/player/rizvi-31633/,Rizvi D.,1388.6,4,,,,,,,,
/player/subasic-5ab39/,Subasic L.,1388.6,2,,,1388.7,2.0,,,,
/player/pieper-09386/,Pieper H.,1388.6,2,,,1383.5,2.0,,,,
/player/tajima-6a5fa/,Tajima A.,1388.5,2,1388.4,2.0,,,,,,
/player/qi-7bfe4/,Qi H.,1388.5,3,1402.4,2.0,1434.3,1.0,,,,
/player/cairns/,Cairns I.,1388.4,2,1389.2,2.0,,,,,,
/player/cohen-c12b6/,Cohen Z.,1388.4,6,,,,,,,,
/player/angelico/,Angelico J.,1388.4,2,1434.3,1.0,1437.0,1.0,,,,
/player/stverakova/,Stverakova T.,1388.4,2,,,1368.1,2.0,,,,
/player/erler-71189/,Erler A.,1388.4,2,,,1388.1,2.0,,,,
/player/grigorieva/,Grigorieva D.,1388.4,2,,,1390.0,2.0,,,,
/player/giam/,Giam H.,1388.3,2,,,,,,,1388.2,2.0
/player/cadar/,Cadar E.,1388.3,14,1424.0,8.0,1406.7,6.0,,,,
/player/ursini/,Ursini G.,1388.2,4,1487.7,2.0,1364.4,2.0,,,,
/player/currie-fb01d/,Currie K.,1388.2,4,,,,,,,,
/player/cooling/,Cooling R.,1388.2,15,1465.7,10.0,,,,,,
/player/rodi/,Rodi C.,1388.2,20,,,,,,,,
/player/noel-93f70/,Noel K.,1388.2,3,,,1470.7,2.0,,,1434.3,1.0
/player/avcibasi/,Avcibasi T.,1388.1,15,1325.6,3.0,1418.2,9.0,,,,
/player/mikhailova/,Mikhailova M.,1388.0,21,1337.3,10.0,1474.1,11.0,,,,
/player/moon-571d4/,Moon W.,1388.0,9,,,,,,,,
/player/chang-d11ba/,Chang J.,1388.0,4,,,,,,,,
/player/pereiro-lopez/,Pereiro Lopez A.,1388.0,2,1435.2,1.0,1430.1,1.0,,,,
/player/hendricks/,Hendricks F.,1388.0,4,,,,,,,,
/player/jirouskova/,Jirouskova M.,1388.0,12,,,1434.3,1.0,,,,
/player/oliver-bbeee/,Oliver L.,1388.0,9,1424.3,1.0,1610.9,4.0,,,,
/player/shanmugam/,Shanmugam A.,1387.8,10,1351.6,5.0,1443.5,5.0,,,,
/player/bennani-98d7c/,Bennani F.,1387.7,2,1411.9,1.0,1433.0,1.0,,,,
/player/sriwong/,Sriwong P.,1387.7,4,1434.3,1.0,1434.2,3.0,,,,
/player/constantinou-4f6f3/,Constantinou S.,1387.7,13,1448.3,5.0,1382.8,8.0,,,,
/player/mcevoy/,McEvoy C.,1387.7,4,1397.5,2.0,1494.5,2.0,,,,
/player/delmas-schaerer/,Delmas Schaerer C.,1387.7,6,,,1492.2,3.0,,,,
/player/elnaqa/,Elnaqa S.,1387.6,4,,,1383.1,4.0,,,,
/player/koleva-185a3/,Koleva R.,1387.6,2,,,1375.8,2.0,,,,
/player/dougherty-c778e/,Dougherty P.,1387.5,6,,,,,,,,
/player/bracci/,Bracci V.,1387.5,4,,,1398.7,3.0,1434.3,1.0,,
/player/bastianelli/,Bastianelli M.,1387.5,4,,,1380.2,4.0,,,,
/player/szczerek/,Szczerek J.,1387.5,11,1477.4,7.0,1325.2,4.0,,,,
/player/fuchs-cacb7/,Fuchs J.,1387.5,2,1438.3,1.0,1427.8,1.0,,,,
/player/noudogbessi/,Noudogbessi S.,1387.5,3,,,,,,,,
/player/xu-cdf7c/,Xu M.,1387.4,4,1410.1,3.0,,,,,1434.3,1.0
/player/han-03fad/,Han C.,1387.4,18,1435.7,10.0,1401.9,4.0,,,1407.8,4.0
/player/markovic-3d12c/,Markovic M.,1387.4,2,,,1434.3,1.0,,,,
/player/ros-mesas/,Ros Mesas M.,1387.4,18,1455.7,5.0,1253.3,8.0,1565.7,1.0,,
/player/yam/,Yam C.,1387.3,4,1387.2,2.0,1492.4,2.0,,,,
/player/champigneulle/,Champigneulle E.,1387.3,9,1498.4,4.0,1522.1,2.0,,,,
/player/brandt-schultz-deb9e/,Brandt Schultz E.,1387.3,2,,,1389.1,2.0,,,,
/player/aubin/,Aubin A.,1387.3,4,1393.7,4.0,,,,,,
/player/pushkar/,Pushkar S.,1387.3,27,1421.1,15.0,1386.6,12.0,,,,
/player/edwards-79912/,Edwards S.,1387.2,4,,,,,,,,
/player/vanni-2a9c5/,Vanni H.,1387.2,2,,,1382.2,2.0,,,,
/player/cabassers-morros-97a35/,Cabassers Morros M.,1387.2,16,1473.9,6.0,1407.2,10.0,,,,
/player/trigosso/,Trigosso N.,1387.2,7,,,1490.9,4.0,,,,
/player/lim-fbb0c/,Lim L.,1387.2,2,,,,,,,1392.8,2.0
/player/chen-43458/,Chen K.,1387.1,2,1389.7,2.0,,,,,,
/player/de-ruiter-a91d2/,De Ruiter C.,1387.1,15,,,1435.1,1.0,,,,
/player/chou-171a4/,Chou D.,1387.1,4,,,,,,,,
/player/herberg/,Herberg A.,1387.1,10,1553.4,1.0,1354.3,9.0,,,,
/player/nobili/,Nobili R.,1387.0,4,1476.6,2.0,1416.2,1.0,,,,
/player/affelt/,Affelt N.,1386.8,11,1496.7,2.0,1368.6,9.0,,,,
/player/daniel-afa41/,Daniel M.,1386.8,7,,,,,,,,
/player/nsairi/,Nsairi S.,1386.8,10,1446.5,3.0,1481.4,6.0,,,,
/player/khalil-03114/,Khalil Y.,1386.8,2,,,1401.1,2.0,,,,
/player/katzerova/,Katzerova E.,1386.7,4,,,,,,,,
/player/narayan-sonkusare/,Narayan Sonkusare A.,1386.7,11,1353.2,8.0,1567.6,3.0,,,,
/player/kulbiej/,Kulbiej N.,1386.6,2,,,1386.4,2.0,,,,
/player/mokhtar-d18e2/,Mokhtar N.,1386.5,2,1398.3,2.0,,,,,,
/player/kovac-e6b41/,Kovac T.,1386.5,16,1488.3,3.0,1388.8,8.0,1434.3,1.0,,
/player/coreisa-d0a5e/,Coreisa E.,1386.5,18,1393.0,4.0,1438.5,8.0,1504.6,2.0,,
/player/zamani-e1cd8/,Zamani A.,1386.4,10,1441.9,1.0,1444.8,4.0,1434.3,1.0,,
/player/wenger-6f88b/,Wenger I.,1386.4,2,,,1386.4,2.0,,,,
/player/dhossou/,Dhossou C.,1386.4,4,1444.1,1.0,1476.9,2.0,,,,
/player/summers-9c523/,Summers J.,1386.3,2,1419.9,1.0,1450.4,1.0,,,,
/player/svetlov/,Svetlov A.,1386.3,2,,,1404.3,1.0,,,,
/player/cripps/,Cripps L.,1386.2,19,1454.6,3.0,1352.4,5.0,,,,
/player/ono-7a4c5/,Ono C.,1386.2,19,,,,,,,,
/player/cairncross/,Cairncross J.,1386.1,2,,,1355.4,2.0,,,,
/player/elham/,Elham A.,1386.1,6,1474.2,2.0,1504.6,2.0,,,1371.1,2.0
/player/tauber/,Tauber B.,1386.0,6,1422.2,1.0,1457.8,5.0,,,,
/player/faltinger/,Faltinger I.,1385.9,18,1434.3,1.0,1399.4,17.0,,,,
/player/segodo-463c5/,Segodo M.,1385.9,2,,,,,,,,
/player/ngo-ndje-ndjeng/,Ngo Ndje Ndjeng M.,1385.8,2,,,,,,,,
/player/sall-5ca23/,Sall A.,1385.8,2,,,,,,,,
/player/hing/,Hing J.,1385.8,2,,,1383.5,2.0,,,,
/player/kazanowski/,Kazanowski M.,1385.8,7,1405.2,1.0,1398.4,4.0,,,,
/player/sanchez-ballinas/,Sanchez Ballinas M.,1385.8,2,1434.3,1.0,1434.3,1.0,,,,
/player/maltby-99a49/,Maltby S.,1385.7,2,1399.6,2.0,,,,,,
/player/laviola/,Laviola P.,1385.7,11,1384.7,2.0,1522.3,7.0,1434.3,1.0,,
/player/barretto-7f923/,Barretto I.,1385.7,4,,,,,,,,
/player/radovanovic-25927/,Radovanovic A.,1385.7,2,,,1385.6,2.0,,,,
/player/kouame-be9d6/,Kouame A.,1385.6,4,1398.9,4.0,,,,,,
/player/elizarova/,Elizarova S.,1385.6,17,1461.0,8.0,1421.4,8.0,,,1434.3,1.0
/player/ouled-abbou/,Ouled Abbou I.,1385.6,4,1448.3,3.0,1413.1,1.0,,,,
/player/gonzalez-alonso/,Gonzalez Alonso J.,1385.6,2,1458.5,1.0,,,1434.3,1.0,,
/player/del-nido/,Del Nido P.,1385.6,5,1434.3,1.0,1426.8,3.0,1434.3,1.0,,
/player/smirnova-45f16/,Smirnova E.,1385.6,3,1387.9,3.0,,,,,,
/player/fasciani-cba32/,Fasciani L.,1385.5,2,,,1385.5,2.0,,,,
/player/tommasi-43f94/,Tommasi A.,1385.5,2,1427.4,1.0,1446.7,1.0,,,,
/player/batyutenko/,Batyutenko M.,1385.5,2,,,1385.5,2.0,,,,
/player/jimenez-533a2/,Jimenez A.,1385.5,2,1385.5,2.0,,,,,,
/player/kolluru/,Kolluru V.,1385.5,2,1385.5,2.0,,,,,,
/player/maldonado-12785/,Maldonado A.,1385.5,2,1385.5,2.0,,,,,,
/player/schmassmann-20f55/,Schmassmann L.,1385.5,3,,,1404.0,3.0,,,,
/player/valdetara/,Valdetara F.,1385.5,6,1412.5,2.0,1437.6,3.0,1434.3,1.0,,
/player/xu-2a785/,Xu G.,1385.5,24,1374.3,18.0,1493.2,2.0,,,1435.1,4.0
/player/parentini-vallega-montebruno/,Parentini Vallega Montebruno G.,1385.4,22,1358.0,3.0,1423.4,15.0,,,,
/player/tseng-7476f/,Tseng T.,1385.4,2,1384.7,2.0,,,,,,
/player/robles-b7749/,Robles J.,1385.4,2,1434.3,1.0,1434.3,1.0,,,,
/player/colasanto/,Colasanto F.,1385.3,3,,,1366.6,3.0,,,,
/player/nishimura-99f69/,Nishimura H.,1385.3,2,1385.6,2.0,,,,,,
/player/rus-938e6/,Rus I.,1385.3,1,,,1412.6,1.0,,,,
/player/asatiani-da3ad/,Asatiani D.,1385.3,4,,,1384.8,4.0,,,,
/player/rhoden-579c7/,Rhoden B.,1385.3,11,1407.1,5.0,1486.3,4.0,,,1384.7,2.0
/player/huebert/,Huebert P.,1385.2,3,,,1382.8,3.0,,,,
/player/lee-3ed0f/,Lee J.,1385.2,2,,,1385.8,2.0,,,,
/player/glanzer/,Glanzer D.,1385.2,6,,,1381.5,6.0,,,,
/player/henkel-3a5b4/,Henkel C.,1385.2,2,,,,,,,,
/player/hegetschweiler/,Hegetschweiler T.,1385.1,2,1434.3,1.0,1434.3,1.0,,,,
/player/ebster/,Ebster A.,1385.1,31,1455.9,3.0,1388.3,28.0,,,,
/player/omar-c1f8b/,Omar Z.,1385.0,16,1384.7,2.0,1447.9,12.0,1504.6,2.0,,
/player/frutos-alonso/,Frutos Alonso A.,1385.0,8,1455.4,1.0,1381.0,3.0,,,,
/player/silva-eb375/,Silva J.,1385.0,4,,,1377.5,4.0,,,,
/player/cassidy-1c509/,Cassidy C.,1385.0,2,,,1434.3,1.0,,,,
/player/radojicic-5e813/,Radojicic A.,1384.9,13,1479.0,4.0,1397.3,8.0,,,,
/player/pancrass/,Pancrass J.,1384.9,2,,,,,,,,
/player/finak/,Finak E.,1384.9,4,,,1384.9,4.0,,,,
/player/betz/,Betz A.,1384.9,2,,,1384.6,2.0,,,,
/player/tondelli/,Tondelli S.,1384.9,2,1456.0,1.0,1422.1,1.0,,,,
/player/safonova/,Safonova V.,1384.9,2,1381.5,2.0,,,,,,
/player/zampardo/,Zampardo M.,1384.8,4,1444.6,3.0,,,,,1434.3,1.0
/player/jacques-04223/,Jacques H.,1384.8,8,,,,,,,,
/player/bezzaz-42752/,Bezzaz M.,1384.8,2,1433.1,1.0,1434.3,1.0,,,,
/player/zhang-d9a8a/,Zhang J.,1384.8,7,1388.1,7.0,,,,,,
/player/kok-6169d/,Kok K.,1384.8,4,1434.3,1.0,1497.2,2.0,1434.3,1.0,,
/player/miletic-39b1a/,Miletic P.,1384.7,2,,,1384.7,2.0,,,,
/player/ebner-b09a2/,Ebner V.,1384.7,2,1434.3,1.0,1434.3,1.0,,,,
/player/coloma-c0191/,Coloma C.,1384.7,2,,,,,,,,
/player/nagy-ba318/,Nagy I.,1384.7,2,,,1384.7,2.0,,,,
/player/rasoulinia/,Rasoulinia A.,1384.7,2,1434.3,1.0,1434.3,1.0,,,,
/player/kallambella/,Kallambella A.,1384.7,2,1434.3,1.0,,,1434.3,1.0,,
/player/mwale/,Mwale O.,1384.7,2,,,,,,,,
/player/reyna-c9667/,Reyna R.,1384.7,2,1434.3,1.0,1434.3,1.0,,,,
/player/kumase/,Kumase M.,1384.7,2,,,,,,,,
/player/dasari/,Dasari S.,1384.7,2,1384.7,2.0,,,,,,
/player/payas/,Payas R.,1384.7,2,1434.3,1.0,1434.3,1.0,,,,
/player/tremolieres/,Tremolieres J.,1384.7,2,1384.7,2.0,,,,,,
/player/moon-0d459/,Moon J.,1384.7,2,,,1384.7,2.0,,,,
/player/allali/,Allali M.,1384.7,2,1384.7,2.0,,,,,,
/player/al-toobli/,Al Toobli F.,1384.7,2,,,1384.7,2.0,,,,
/player/singh-c37e4/,Singh G.,1384.7,2,,,,,,,,
/player/megalemos/,Megalemos K.,1384.7,2,1434.3,1.0,1434.3,1.0,,,,
/player/majewski-175ff/,Majewski S.,1384.7,2,1384.7,2.0,,,,,,
/player/matthews-4f6db/,Matthews E.,1384.7,2,,,1384.7,2.0,,,,
/player/chernopoloff/,Chernopoloff I.,1384.6,2,1434.3,1.0,1425.2,1.0,,,,
/player/wolf-9bc8f/,Wolf K.,1384.6,4,1429.9,2.0,,,,,,
/player/garcia-1db19/,Garcia M.,1384.6,5,1392.8,5.0,,,,,,
/player/volkov-90a7a/,Volkov A.,1384.5,4,1434.3,1.0,1449.2,3.0,,,,
/player/nissen/,Nissen J.,1384.5,5,,,,,,,,
/player/beriashvili/,Beriashvili R.,1384.3,5,,,1393.0,5.0,,,,
/player/rashed-b43a3/,Rashed O.,1384.3,2,,,1426.8,1.0,,,,
/player/nicolle/,Nicolle C.,1384.3,10,1484.7,4.0,1394.2,5.0,1434.3,1.0,,
/player/pavic-5647b/,Pavic F.,1384.3,15,1339.8,3.0,1451.9,8.0,1434.3,1.0,,
/player/cui-ca8f6/,Cui A.,1384.2,9,1363.0,5.0,1493.2,2.0,1504.6,2.0,,
/player/ilin/,Ilin A.,1384.2,2,,,1377.8,2.0,,,,
/player/mortasifu/,Mortasifu M.,1384.2,23,1382.8,5.0,1392.6,12.0,1384.7,2.0,,
/player/horwood/,Horwood J.,1384.1,23,1503.9,4.0,1398.5,5.0,1434.3,1.0,,
/player/knezkova/,Knezkova N.,1384.1,13,,,,,,,,
/player/scheinert/,Scheinert T.,1384.1,2,,,1380.7,2.0,,,,
/player/tomassetti/,Tomassetti R.,1384.1,2,,,1389.0,2.0,,,,
/player/silvestri-d5b63/,Silvestri G.,1384.0,14,1495.5,8.0,1385.8,2.0,,,,
/player/yigin-855c1/,Yigin D.,1384.0,6,1494.5,2.0,1368.9,3.0,1434.3,1.0,,
/player/guzman-garcia/,Guzman Garcia A.,1384.0,2,1383.8,2.0,,,,,,
/player/molenkamp/,Molenkamp M.,1383.9,8,1440.3,1.0,1461.1,5.0,1373.3,2.0,,
/player/cilliers/,Cilliers M.,1383.9,2,1384.0,2.0,,,,,,
/player/davison-29384/,Davison J.,1383.9,6,,,1419.8,3.0,,,,
/player/kouchnarev/,Kouchnarev C.,1383.8,3,1409.3,2.0,1447.1,1.0,,,,
/player/bizid/,Bizid O.,1383.7,2,,,1384.7,2.0,,,,
/player/lukic-342b6/,Lukic L.,1383.7,4,,,1380.3,2.0,1434.3,1.0,,
/player/dumitrescu-46d1c/,Dumitrescu A.,1383.6,11,1407.7,2.0,1504.6,6.0,1434.3,1.0,,
/player/cruz-cae15/,Cruz D.,1383.6,2,1381.9,2.0,,,,,,
/player/kayombo-6f875/,Kayombo G.,1383.5,9,1396.7,4.0,1423.4,3.0,,,,
/player/ahmad-f2e42/,Ahmad S.,1383.5,2,1434.3,1.0,1434.3,1.0,,,,
/player/sachdev-51557/,Sachdev R.,1383.5,13,1626.7,2.0,1366.3,3.0,,,,
/player/krige/,Krige D.,1383.4,2,1383.4,2.0,,,,,,
/player/baker-81b4b/,Baker K.,1383.4,2,1387.9,2.0,,,,,,
/player/di-giulio-691ee/,Di Giulio P.,1383.4,2,,,,,,,,
/player/kashyap-01e0e/,Kashyap T.,1383.3,11,1396.6,11.0,,,,,,
/player/georgakopoulou/,Georgakopoulou D.,1383.3,4,,,1382.7,4.0,,,,
/player/saleshando/,Saleshando S.,1383.3,3,,,1385.6,2.0,,,,
/player/valentim/,Valentim T.,1383.2,4,1479.7,2.0,1374.6,2.0,,,,
/player/stolarik-271a3/,Stolarik S.,1383.2,12,1422.1,1.0,1434.2,6.0,1626.7,2.0,,
/player/sands-1aa62/,Sands Z.,1383.2,11,1455.5,1.0,1403.8,9.0,1434.3,1.0,,
/player/jux/,Jux M.,1383.2,2,1420.6,1.0,1434.3,1.0,,,,
/player/ignatov/,Ignatov I.,1383.1,14,1401.9,2.0,1393.0,6.0,1495.4,2.0,,
/player/fernandez-sanchez/,Fernandez Sanchez A.,1383.1,8,1405.6,5.0,1460.9,3.0,,,,
/player/orlov-bdd85/,Orlov A.,1383.1,2,,,,,,,,
/player/dimitrova-e496b/,Dimitrova D.,1383.1,9,,,1432.8,5.0,,,,
/player/evans-9f0cc/,Evans H.,1383.1,4,1401.9,2.0,1475.8,2.0,,,,
/player/baroz/,Baroz A.,1383.0,4,,,1383.0,4.0,,,,
/player/rogin-48f39/,Rogin A.,1383.0,14,,,,,,,,
/player/reymond/,Reymond A.,1383.0,2,,,1428.6,1.0,,,1434.3,1.0
/player/kadhe/,Kadhe A.,1383.0,3,1373.3,2.0,1446.4,1.0,,,,
/player/tomeljak/,Tomeljak N.,1383.0,6,,,1383.5,6.0,,,,
/player/vancea/,Vancea G.,1382.9,11,1442.3,9.0,1387.0,2.0,,,,
/player/baburyan/,Baburyan T.,1382.9,2,,,1373.3,2.0,,,,
/player/bitiyeva/,Bitiyeva V.,1382.9,5,1402.6,5.0,,,,,,
/player/pinson/,Pinson L.,1382.9,5,1397.1,2.0,,,,,,
/player/pawelski/,Pawelski M.,1382.9,5,1434.3,1.0,1434.3,1.0,,,,
/player/singh-226ac/,Singh F.,1382.9,4,1488.5,2.0,1429.0,1.0,1422.1,1.0,,
/player/silova/,Šílová N.,1382.8,6,,,,,,,,
/player/dowdell-729dc/,Dowdell E.,1382.8,7,,,,,,,,
/player/wedenski/,Wedenski S.,1382.8,5,,,1465.5,3.0,,,,
/player/chauhan-044d2/,Chauhan C.,1382.7,5,1404.0,4.0,1437.8,1.0,,,,
/player/polin/,Polin E.,1382.7,2,,,1434.3,1.0,,,,
/player/quiros-monterrey/,Quiros Monterrey A.,1382.7,3,,,,,,,,
/player/khayndrava/,Khayndrava I.,1382.6,9,1393.9,9.0,,,,,,
/player/murinzi/,Murinzi G.,1382.6,2,,,1390.5,2.0,,,,
/player/sousa-salazar/,Sousa Salazar N.,1382.6,23,1486.2,15.0,1349.3,7.0,,,1434.3,1.0
/player/theler/,Theler J.,1382.5,4,,,1374.2,4.0,,,,
/player/tobias-644c3/,Tobias B.,1382.5,2,1434.8,1.0,1434.3,1.0,,,,
/player/vorgic/,Vorgic M.,1382.4,2,,,1372.0,2.0,,,,
/player/pont-77224/,Pont D.,1382.4,5,,,1380.4,5.0,,,,
/player/alam-9844b/,Alam S.,1382.3,2,1376.3,2.0,,,,,,
/player/vitale-3b8cf/,Vitale B.,1382.3,2,,,,,,,,
/player/martinovic-a2e74/,Martinovic M.,1382.3,4,1434.3,1.0,1387.5,2.0,,,,
/player/sirbiladze/,Sirbiladze N.,1382.2,2,,,1386.3,2.0,,,,
/player/singh-c7b22/,Singh M.,1382.2,4,1366.6,4.0,,,,,,
/player/g-d/,G D M.,1382.2,2,1439.5,1.0,1434.3,1.0,,,,
/player/kochkadaeva/,Kochkadaeva V.,1382.1,7,1415.6,7.0,,,,,,
/player/sehested/,Sehested M.,1382.1,2,,,1367.0,2.0,,,,
/player/moutet/,Moutet C.,1382.0,19,1429.7,4.0,1425.3,10.0,1367.0,5.0,,
/player/aerne/,Aerne L.,1381.9,9,1370.6,5.0,1482.5,2.0,1434.3,1.0,,
/player/ju-4a03a/,Ju H.,1381.9,4,1375.5,4.0,,,,,,
/player/o-neill-garcia/,O'Neill Garcia D.,1381.8,3,,,1439.7,1.0,,,,
/player/paathak/,Paathak P.,1381.8,2,1383.4,2.0,,,,,,
/player/de-regt/,De Regt T.,1381.8,2,,,1416.2,1.0,1434.3,1.0,,
/player/gautam-aeda7/,Gautam V.,1381.8,17,1393.8,4.0,1373.3,5.0,,,,
/player/blus/,Blus A.,1381.8,2,1435.0,1.0,1435.7,1.0,,,,
/player/preda-68cb8/,Preda M.,1381.7,2,,,1434.3,1.0,,,,
/player/franca-d8725/,Franca M.,1381.6,3,1360.2,3.0,,,,,,
/player/lima-061b6/,Lima K.,1381.6,2,1434.9,1.0,1434.3,1.0,,,,
/player/kanerva/,Kanerva I.,1381.6,2,,,1378.6,2.0,,,,
/player/anderson-66624/,Anderson B.,1381.6,11,,,,,,,,
/player/hu-4608a/,Hu X.,1381.5,2,1445.3,1.0,1417.0,1.0,,,,
/player/mcgary/,McGary J.,1381.5,19,1425.7,5.0,1411.1,14.0,,,,
/player/van-orderlain/,Van Orderlain D.,1381.3,18,1410.6,4.0,1532.8,9.0,,,,
/player/pinter-2e48e/,Pinter P.,1381.3,18,1504.6,2.0,1353.9,16.0,,,,
/player/kudlackova-bacd7/,Kudlackova Z.,1381.3,12,,,1437.8,6.0,,,,
/player/otsubo/,Otsubo H.,1381.3,2,1381.4,2.0,,,,,,
/player/carpano-060c7/,Carpano R.,1381.2,3,1434.3,1.0,1416.2,2.0,,,,
/player/choudhary-09af0/,Choudhary H.,1381.2,2,1384.4,2.0,,,,,,
/player/gowda-a0bcd/,Gowda V.,1381.2,2,1382.0,2.0,,,,,,
/player/efremova-e4701/,Efremova K.,1381.1,10,1466.3,4.0,1361.5,6.0,,,,
/player/salaiova/,Salaiova V.,1381.1,22,1423.7,9.0,1386.8,9.0,,,,
/player/meneo/,Meneo T.,1381.1,20,1349.7,5.0,1418.0,12.0,,,,
/player/lorival/,Lorival C.,1381.1,2,,,1385.4,2.0,,,,
/player/zghal/,Zghal Y.,1381.1,9,1387.5,9.0,,,,,,
/player/rastocic/,Rastocic L.,1381.1,2,,,1380.4,2.0,,,,
/player/he-wang/,He Wang Y.,1381.0,5,1494.1,2.0,1398.4,2.0,1434.3,1.0,,
/player/prino/,Prino L.,1380.9,4,,,1468.8,2.0,,,,
/player/celik-73411/,Celik C.,1380.9,2,1382.5,2.0,,,,,,
/player/vazio/,Vazio F.,1380.8,5,1389.1,2.0,1444.8,3.0,,,,
/player/masiero-5c595/,Masiero G.,1380.8,2,,,1375.9,2.0,,,,
/player/teglas-f623d/,Teglas I.,1380.6,17,1384.3,5.0,1444.4,8.0,1434.3,1.0,,
/player/mihailovic-f67d9/,Mihailovic A.,1380.6,13,1420.2,1.0,1498.7,6.0,1504.6,2.0,,
/player/ganagama/,Ganagama N.,1380.6,2,,,1434.3,1.0,,,,
/player/elia-6a49a/,Elia L.,1380.5,2,1417.9,1.0,1434.3,1.0,,,,
/player/niimi/,Niimi K.,1380.5,15,1385.3,14.0,,,1434.3,1.0,,
/player/luna-6334a/,Luna T.,1380.5,11,1445.1,3.0,1410.3,6.0,,,,
/player/turchi-7a9b4/,Turchi A.,1380.5,2,,,,,,,,
/player/hakopian/,Hakopian G.,1380.5,24,,,,,,,,
/player/fishback/,Fishback R.,1380.4,2,1434.3,1.0,1432.5,1.0,,,,
/player/pedretti/,Pedretti T.,1380.4,7,,,1367.9,7.0,,,,
/player/vonbank-99e08/,Vonbank C.,1380.4,2,,,1379.5,2.0,,,,
/player/wojnar-08432/,Wojnar B.,1380.4,5,,,,,,,,
/player/kuzmina/,Kuzmina A.,1380.4,2,1375.8,2.0,,,,,,
/player/heine-6c02b/,Heine C.,1380.3,2,,,1408.1,2.0,,,,
/player/trebukh/,Trebukh A.,1380.3,2,1379.5,2.0,,,,,,
/player/soeda-45048/,Soeda K.,1380.3,23,1396.1,23.0,,,,,,
/player/lares/,Lares E.,1380.3,2,1422.9,1.0,1434.3,1.0,,,,
/player/george-alexander-e6c4b/,George-Alexander J.,1380.3,4,,,,,,,,
/player/shabani-56804/,Shabani A.,1380.2,2,1434.3,1.0,1429.5,1.0,,,,
/player/ma-531eb/,Ma S.,1380.2,2,,,,,,,1373.3,2.0
/player/beveraggi-lespiau/,Beveraggi Lespiau P.,1380.2,4,1434.3,1.0,1448.6,3.0,,,,
/player/ranson/,Ranson T.,1380.1,2,1380.2,2.0,,,,,,
/player/just-43b3e/,Just T.,1380.1,10,1434.3,1.0,1441.7,8.0,1434.3,1.0,,
/player/ben-hassen-e5b47/,Ben Hassen M.,1380.0,2,,,1375.4,2.0,,,,
/player/hassairi/,Hassairi A.,1380.0,2,1434.3,1.0,1422.2,1.0,,,,
/player/azizov-5c889/,Azizov T.,1380.0,6,,,1461.8,3.0,,,,
/player/lustig-95c9b/,Lustig T.,1380.0,4,,,1436.3,3.0,1434.3,1.0,,
/player/muqorib/,Muqorib M.,1380.0,2,,,1376.9,2.0,,,,
/player/denguezli/,Denguezli M.,1379.9,4,,,1388.1,4.0,,,,
/player/achour-4df35/,Achour Z.,1379.9,2,,,,,,,,
/player/driscoll/,Driscoll T.,1379.9,2,,,,,,,,
/player/jessup-087f2/,Jessup G.,1379.8,2,,,,,,,,
/player/hrynkiewicz-7f607/,Hrynkiewicz J.,1379.8,7,1565.7,1.0,1370.2,3.0,,,,
/player/monko/,Monko V.,1379.7,4,1488.8,2.0,1364.9,2.0,,,,
/player/kim-9933a/,Kim W.,1379.7,3,,,1377.8,3.0,,,,
/player/sanz-muela/,Sanz Muela H.,1379.7,5,1387.2,2.0,1453.8,3.0,,,,
/player/alarcon-91154/,Alarcon M.,1379.7,2,,,1410.1,1.0,,,,
/player/versloot/,Versloot Y.,1379.6,16,1521.2,5.0,1280.1,8.0,1435.2,1.0,,
/player/paulovcak-ddc7a/,Paulovcak S.,1379.6,5,1446.6,1.0,1420.9,3.0,,,,
/player/parra-c6fe4/,Parra S.,1379.6,2,,,,,,,,
/player/munks/,Munks S.,1379.6,2,1394.6,2.0,,,,,,
/player/ficovich/,Ficovich J.,1379.5,26,1396.3,10.0,1413.6,11.0,1362.6,5.0,,
/player/baychev/,Baychev D.,1379.4,4,1434.9,1.0,1445.1,3.0,,,,
/player/elfving-d86e1/,Elfving R.,1379.4,8,1422.8,1.0,1370.1,5.0,1422.1,1.0,,
/player/yu-f332b/,Yu Y.,1379.4,4,1434.3,1.0,1478.5,2.0,1434.3,1.0,,
/player/frank-cd3b5/,Frank M.,1379.4,2,,,1405.5,1.0,,,,
/player/hasler/,Hasler C.,1379.3,2,,,,,,,,
/player/barbarino/,Barbarino L.,1379.2,6,1504.6,2.0,1375.5,4.0,,,,
/player/mcnicol-93754/,McNicol W.,1379.1,2,,,1440.8,1.0,,,,
/player/wong-5f28c/,Wong T.,1379.0,19,1506.3,4.0,1376.4,12.0,,,,
/player/chapurina/,Chapurina A.,1378.9,4,1381.3,2.0,1506.0,2.0,,,,
/player/scurtu-dd246/,Scurtu J.,1378.8,2,1373.5,2.0,,,,,,
/player/errey/,Errey C.,1378.8,2,,,1404.1,2.0,,,,
/player/guinard/,Guinard M.,1378.8,2,,,1377.2,2.0,,,,
/player/lukic-08c72/,Lukic T.,1378.8,15,,,1353.2,6.0,,,,
/player/park-75383/,Park G.,1378.8,2,1380.3,2.0,,,,,,
/player/avetisyan-29501/,Avetisyan M.,1378.7,2,1413.3,1.0,1434.3,1.0,,,,
/player/braswell-237e1/,Braswell J.,1378.7,2,,,,,,,,
/player/tedesco-e736f/,Tedesco B.,1378.7,11,1434.3,1.0,1367.1,7.0,1434.3,1.0,,
/player/ogunsakin/,Ogunsakin O.,1378.6,8,,,1370.4,8.0,,,,
/player/ionescu-42d2d/,Ionescu R.,1378.5,4,,,1379.3,4.0,,,,
/player/veltri/,Veltri B.,1378.5,5,1428.9,3.0,1418.9,2.0,,,,
/player/kirschner-ce37f/,Kirschner N.,1378.5,6,1434.3,1.0,1468.9,4.0,,,,
/player/vujacic-a1a26/,Vujacic L.,1378.5,4,,,,,,,,
/player/drukerova/,Drukerova L.,1378.4,4,,,1394.2,4.0,,,,
/player/amarilla/,Amarilla R.,1378.4,12,,,1403.6,1.0,,,,
/player/baltazar-c75a0/,Baltazar A.,1378.4,2,,,1364.0,2.0,,,,
/player/kanemaki/,Kanemaki C.,1378.4,5,1391.3,2.0,,,,,,
/player/wi/,Wi H.,1378.3,9,1383.8,9.0,,,,,,
/player/kappeler/,Kappeler L.,1378.3,2,,,1392.3,2.0,,,,
/player/glarner/,Glarner R.,1378.3,21,1508.1,2.0,1487.4,9.0,1504.6,2.0,,
/player/wang-64c64/,Wang K.,1378.3,9,1451.1,7.0,1413.2,1.0,,,1432.3,1.0
/player/puttergill/,Puttergill C.,1378.3,2,1367.0,2.0,,,,,,
/player/scholtz-9d193/,Scholtz D.,1378.2,2,1411.4,1.0,1436.4,1.0,,,,
/player/heinemann-c10a5/,Heinemann G.,1378.2,3,,,1370.1,3.0,,,,
/player/bergeron-3360b/,Bergeron A.,1378.2,7,,,1614.2,2.0,1422.1,1.0,,
/player/gonzalez-783fa/,Gonzalez C.,1378.2,2,,,1397.2,2.0,,,,
/player/ortega-peris-3906d/,Ortega Peris N.,1378.2,2,,,1384.7,2.0,,,,
/player/quinones-74783/,Quinones C.,1378.2,2,,,1378.2,2.0,,,,
/player/lotlikar/,Lotlikar R.,1378.1,2,,,,,,,,
/player/boniel/,Boniel N.,1378.1,7,1375.0,7.0,,,,,,
/player/sukjai-45fac/,Sukjai P.,1378.0,4,1542.9,1.0,1347.0,3.0,,,,
/player/overmyer/,Overmyer K.,1378.0,14,1322.8,3.0,1503.3,6.0,1434.3,1.0,,
/player/aasim/,Aasim M.,1377.9,6,1420.7,1.0,1499.1,4.0,,,,
/player/luo-dc2b2/,Luo Y.,1377.9,5,1456.6,3.0,1384.7,2.0,,,,
/player/podczaszy/,Podczaszy S.,1377.9,2,,,1434.3,1.0,1446.6,1.0,,
/player/grynkowski/,Grynkowski P.,1377.8,4,,,1363.9,4.0,,,,
/player/darmoul/,Darmoul A.,1377.8,6,1432.9,1.0,1420.6,4.0,1434.3,1.0,,
/player/morderger/,Morderger T.,1377.8,12,,,1369.3,12.0,,,,
/player/sigrist/,Sigrist I.,1377.8,10,1445.9,7.0,1325.2,3.0,,,,
/player/eres-e68b9/,Eres L.,1377.8,2,1434.3,1.0,1430.7,1.0,,,,
/player/diatlova-95f6e/,Diatlova D.,1377.7,5,1378.7,5.0,,,,,,
/player/blanchard-57d3a/,Blanchard Y.,1377.6,5,,,1377.6,5.0,,,,
/player/moilwa/,Moilwa B.,1377.6,2,,,1373.0,2.0,,,,
/player/pognon/,Pognon C.,1377.6,5,1384.7,2.0,1459.0,3.0,,,,
/player/jang-51f20/,Jang E.,1377.6,2,1358.7,2.0,,,,,,
/player/o-nuallain/,O Nuallain S.,1377.5,3,1443.4,1.0,1397.7,2.0,,,,
/player/laura-pedrotti/,Laura Pedrotti d.,1377.5,2,1434.3,1.0,1417.2,1.0,,,,
/player/tahiri-8d710/,Tahiri M.,1377.4,31,1401.5,26.0,1305.8,5.0,,,,
/player/baiant/,Baiant R.,1377.4,23,,,,,,,,
/player/imbo-nloga-a03f4/,Imbo Nloga S.,1377.4,13,,,1387.8,13.0,,,,
/player/deidda/,Deidda A.,1377.4,4,,,1368.0,4.0,,,,
/player/kulpinac/,Kulpinac D.,1377.3,2,,,1378.5,2.0,,,,
/player/tsetsou/,Tsetsou E.,1377.3,9,1469.2,1.0,1443.4,3.0,,,,
/player/tkachenko-8230c/,Tkachenko A.,1377.1,6,,,1522.3,2.0,,,,
/player/frechet/,Frechet A.,1377.1,5,,,,,,,,
/player/sharma-f566d/,Sharma A.,1377.0,3,1434.3,1.0,1463.2,1.0,,,,
/player/cacace-gismondi/,Cacace Gismondi L.,1377.0,2,,,1376.8,2.0,,,,
/player/eyvazova/,Eyvazova L.,1377.0,3,,,,,,,,
/player/bailey-58d5b/,Bailey A.,1377.0,3,1434.3,1.0,1402.9,2.0,,,,
/player/simeonov-c79a2/,Simeonov D.,1376.9,3,1446.6,1.0,1427.0,2.0,,,,
/player/myzaeva/,Myzaeva S.,1376.9,2,,,,,,,,
/player/jindacek/,Jindacek J.,1376.9,13,1471.8,1.0,1591.9,5.0,,,,
/player/frias-lara/,Frias Lara B.,1376.9,2,,,1373.9,2.0,,,,
/player/michalski-262e5/,Michalski P.,1376.9,2,,,,,,,,
/player/shinde-be848/,Shinde J.,1376.9,5,1481.7,2.0,1391.4,2.0,,,,
/player/zafra/,Zafra A.,1376.8,7,1446.5,3.0,1399.3,4.0,,,,
/player/liu-e017d/,Liu T.,1376.8,4,1484.5,2.0,1370.4,2.0,,,,
/player/hoang-1426a/,Hoang T.,1376.8,2,1363.4,2.0,,,,,,
/player/ryan-pias/,Ryan Pias M.,1376.8,2,1373.5,2.0,,,,,,
/player/djokic-5abf6/,Djokic A.,1376.7,2,,,1382.5,2.0,,,,
/player/almada-d1077/,Almada M.,1376.7,2,1446.6,1.0,1434.3,1.0,,,,
/player/alexin/,Alexin L.,1376.7,5,,,,,,,,
/player/sziklai-8413b/,Sziklai Z.,1376.7,2,,,1377.4,2.0,,,,
/player/martinez-a3b13/,Martinez L.,1376.6,2,,,1376.4,2.0,,,,
/player/stamborg/,Stamborg M.,1376.6,2,,,1377.8,2.0,,,,
/player/alekseeva-22946/,Alekseeva V.,1376.6,2,1375.9,2.0,,,,,,
/player/kukasian/,Kukasian A.,1376.6,7,1439.3,1.0,1376.7,6.0,,,,
/player/kolesarova/,Kolesarova J.,1376.5,4,,,1402.4,4.0,,,,
/player/schlepphorst/,Schlepphorst A.,1376.5,17,1371.7,5.0,1483.6,6.0,,,,
/player/ramsey-3723d/,Ramsey C.,1376.5,2,,,,,,,,
/player/moore-5a342/,Moore E.,1376.5,4,,,,,,,,
/player/gomes-ferreira-c23c1/,Gomes Ferreira G.,1376.4,5,1412.4,4.0,1452.2,1.0,,,,
/player/bervid/,Bervid V.,1376.4,3,1454.4,1.0,1413.6,2.0,,,,
/player/vargas-ce715/,Vargas V.,1376.3,11,1404.5,5.0,1475.8,6.0,,,,
/player/mladenovic-932e9/,Mladenovic N.,1376.3,23,,,1381.2,23.0,,,,
/player/ostheimer-616ba/,Ostheimer B.,1376.2,5,1565.7,1.0,1380.5,2.0,,,,
/player/moon-8c62d/,Moon J.,1376.2,18,1376.4,12.0,,,1434.3,1.0,1437.7,5.0
/player/bakhtiyorov/,Bakhtiyorov N.,1376.2,3,1448.8,1.0,1433.3,2.0,,,,
/player/nagornaia/,Nagornaia S.,1376.2,10,1441.3,6.0,,,,,,
/player/liu-1e022/,Liu Y.,1376.2,6,1453.3,1.0,,,,,,
/player/ben-aba/,Ben Aba S.,1376.2,2,1384.7,2.0,,,,,,
/player/sanchez-bahamon/,Sanchez Bahamon I.,1376.1,2,1376.1,2.0,,,,,,
/player/strauch-11d4d/,Strauch V.,1376.1,3,1434.3,1.0,1422.2,1.0,1434.3,1.0,,
/player/hernandez-e0aa6/,Hernandez A.,1376.1,3,,,1432.6,1.0,1384.7,2.0,,
/player/pearson-156c0/,Pearson B.,1376.0,5,,,,,,,,
/player/bergelin/,Bergelin M.,1376.0,2,1430.9,1.0,1419.9,1.0,,,,
/player/kotzen/,Kotzen A.,1376.0,3,1385.8,2.0,,,,,,
/player/koller/,Koller A.,1375.9,11,,,1372.2,11.0,,,,
/player/martinez-sanz/,Martinez Sanz A.,1375.9,9,1370.2,3.0,1406.9,4.0,1446.6,1.0,,
/player/christensen-94941/,Christensen P.,1375.9,2,,,,,,,,
/player/kawanaka/,Kawanaka H.,1375.8,15,,,,,,,,
/player/vila-salles/,Vila Salles C.,1375.8,24,1266.3,6.0,1457.0,18.0,,,,
/player/boilevin-4e05b/,Boilevin L.,1375.7,2,,,1451.8,1.0,,,,
/player/rating/,Rating N.,1375.7,3,,,1410.5,2.0,1434.3,1.0,,
/player/martinovic-8a0e8/,Martinovic M.,1375.7,9,1405.6,2.0,1504.5,2.0,1404.0,2.0,,
/player/prado-contreras/,Prado Contreras D.,1375.7,2,1434.3,1.0,1421.5,1.0,,,,
/player/marcelloni/,Marcelloni B.,1375.6,2,1434.3,1.0,1422.1,1.0,,,,
/player/stoppel/,Stoppel J.,1375.6,5,1378.8,5.0,,,,,,
/player/bertonazzi/,Bertonazzi V.,1375.6,2,,,1370.5,2.0,,,,
/player/lenz-6a4bc/,Lenz N.,1375.6,2,,,1379.7,2.0,,,,
/player/soro/,Soro C.,1375.5,2,,,1376.4,2.0,,,,
/player/neacsu-36982/,Neacsu M.,1375.4,3,,,1406.3,2.0,1434.3,1.0,,
/player/mallya/,Mallya E.,1375.4,2,,,,,,,,
/player/krstajic-bef1d/,Krstajic V.,1375.3,10,1504.0,2.0,1465.5,5.0,1457.3,1.0,,
/player/pillonel/,Pillonel C.,1375.3,5,,,1367.8,5.0,,,,
/player/genidy/,Genidy A.,1375.2,7,1454.2,1.0,1399.9,6.0,,,,
/player/jutresa/,Jutresa H.,1375.2,5,,,1392.2,2.0,1446.5,3.0,,
/player/edmonston/,Edmonston A.,1375.2,7,,,,,,,,
/player/scripcariu/,Scripcariu I.,1375.2,5,,,1398.5,5.0,,,,
/player/freigassner/,Freigassner V.,1375.1,4,1431.1,3.0,1415.3,1.0,,,,
/player/rawat-405f2/,Rawat J.,1375.1,2,1375.4,2.0,,,,,,
/player/hadzialijagic/,Hadzialijagic D.,1375.1,8,,,1385.3,6.0,,,,
/player/uveges/,Uveges L.,1375.1,2,,,1374.6,2.0,,,,
/player/stolarczyk/,Stolarczyk K.,1375.0,2,1384.7,2.0,,,,,,
/player/kuehne-ad314/,Kuehne C.,1375.0,2,,,,,,,,
/player/zhou-8f93c/,Zhou Z.,1375.0,2,,,1455.7,1.0,1422.1,1.0,,
/player/nobel/,Nobel E.,1375.0,10,1496.4,4.0,1439.0,1.0,,,,
/player/svalina-355e3/,Svalina A.,1374.8,2,,,1376.9,2.0,,,,
/player/abbrat/,Abbrat A.,1374.8,3,,,,,,,,
/player/loccisano-495ba/,Loccisano D.,1374.8,2,,,1434.3,1.0,,,,
/player/abrorov/,Abrorov I.,1374.7,7,1434.3,1.0,1450.1,3.0,1404.0,2.0,,
/player/coltorti-lopez/,Coltorti Lopez A.,1374.7,2,1434.3,1.0,1424.3,1.0,,,,
/player/galley/,Galley L.,1374.7,6,,,,,,,,
/player/giglio/,Giglio M.,1374.7,2,,,,,,,,
/player/lee-c32b6/,Lee S.,1374.6,2,,,1385.9,2.0,,,,
/player/schruff-7512d/,Schruff L.,1374.6,23,1536.8,4.0,1260.5,19.0,,,,
/player/martinez-quintana/,Martinez Quintana A.,1374.6,2,1373.9,2.0,,,,,,
/player/marsiletti/,Marsiletti A.,1374.5,2,,,1422.1,1.0,,,1434.3,1.0
/player/wang-37b72/,Wang B.,1374.5,2,,,1384.7,2.0,,,,
/player/greyvensteyn/,Greyvensteyn J.,1374.4,2,1366.8,2.0,,,,,,
/player/santos-5d2c3/,Santos A.,1374.3,11,1333.7,4.0,1469.9,7.0,,,,
/player/ciavarella/,Ciavarella N.,1374.3,29,1388.0,5.0,1338.4,23.0,1434.3,1.0,,
/player/koyama-3871b/,Koyama H.,1374.2,24,1400.1,23.0,,,,,1434.3,1.0
/player/abendroth-4737d/,Abendroth J.,1374.2,8,,,1376.3,8.0,,,,
/player/greene-5c225/,Greene J.,1374.1,2,,,1374.1,2.0,,,,
/player/centurion-delvalle/,Centurion Delvalle J.,1374.1,7,1565.7,1.0,1332.0,6.0,,,,
/player/hall-68ead/,Hall D.,1374.1,2,,,,,,,,
/player/alzuhair/,Alzuhair D.,1374.0,4,1375.3,4.0,,,,,,
/player/adeleye/,Adeleye D.,1373.9,4,1425.3,3.0,,,1434.3,1.0,,
/player/bojko/,Bojko F.,1373.9,11,1496.1,2.0,1408.8,7.0,,,,
/player/ishii-0b57b/,Ishii K.,1373.9,2,1384.4,2.0,,,,,,
/player/krifa/,Krifa N.,1373.9,4,1380.8,4.0,,,,,,
/player/muller-38474/,Muller M.,1373.9,2,1435.6,1.0,1431.5,1.0,,,,
/player/samara-b4d8f/,Samara S.,1373.9,2,,,1434.3,1.0,,,,
/player/monnayoo-0f5ca/,Monnayoo K.,1373.7,2,1383.2,2.0,,,,,,
/player/kregar/,Kregar G.,1373.5,2,,,,,,,,
/player/dhaouadi/,Dhaouadi M.,1373.5,2,1434.3,1.0,1432.3,1.0,,,,
/player/gustaman/,Gustaman D.,1373.5,2,,,1368.3,2.0,,,,
/player/godinet/,Godinet L.,1373.5,2,1358.7,2.0,,,,,,
/player/pritchard-c9ec1/,Pritchard P.,1373.4,2,,,,,,,,
/player/laporta-osante/,Laporta Osante D.,1373.4,4,1434.3,1.0,1422.1,3.0,,,,
/player/hazratwala/,Hazratwala R.,1373.4,2,,,,,,,,
/player/beldiman/,Beldiman S.,1373.4,8,,,1459.1,1.0,,,,
/player/singh-1f990/,Singh V.,1373.3,2,1373.3,2.0,,,,,,
/player/azeem/,Azeem S.,1373.3,2,1434.3,1.0,1434.3,1.0,,,,
/player/mathiot/,Mathiot J.,1373.3,2,,,,,,,,
/player/dobek/,Dobek M.,1373.3,2,1373.3,2.0,,,,,,
/player/colyer/,Colyer R.,1373.3,2,,,,,,,,
/player/bosin/,Bosin P.,1373.3,2,,,,,,,,
/player/de-cherade-horswell/,De Cherade Horswell B.,1373.3,2,,,1373.3,2.0,,,,
/player/denisenko-49e1f/,Denisenko J.,1373.3,2,1373.3,2.0,,,,,,
/player/weber-55177/,Weber N.,1373.3,2,,,1373.3,2.0,,,,
/player/wirt/,Wirt E.,1373.3,2,1373.3,2.0,,,,,,
/player/horst-87480/,Horst P.,1373.3,2,,,1373.3,2.0,,,,
/player/manea/,Manea R.,1373.3,2,,,1384.7,2.0,,,,
/player/vantini/,Vantini M.,1373.3,2,1422.1,1.0,1434.3,1.0,,,,
/player/abdellatif-abdo/,Abdellatif Abdo A.,1373.2,8,1363.7,2.0,1455.7,5.0,,,,
/player/bazdar/,Bazdar D.,1373.2,6,1474.9,1.0,1388.3,5.0,,,,
/player/wright-5dfc0/,Wright D.,1373.2,2,1434.3,1.0,,,,,,
/player/charvatova-4d3b4/,Charvatova N.,1373.2,9,,,1384.6,4.0,,,,
/player/regoeng/,Regoeng K.,1373.1,2,,,1384.7,2.0,,,,
/player/jovic-2d363/,Jovic T.,1373.1,2,1373.6,2.0,,,,,,
/player/ben-abdelhafidh/,Ben Abdelhafidh K.,1373.1,2,1373.5,2.0,,,,,,
/player/britton-218c5/,Britton D.,1373.0,4,1396.8,2.0,,,1384.7,2.0,,
/player/matheus-henrique/,Matheus Henrique M.,1373.0,2,,,1399.7,2.0,,,,
/player/mironov/,Mironov A.,1372.9,2,,,1434.3,1.0,1434.3,1.0,,
/player/chapepa-d98fb/,Chapepa K.,1372.9,9,1383.1,6.0,,,,,,
/player/tugulescu/,Tugulescu V.,1372.9,2,,,1390.3,2.0,,,,
/player/axinie-b6c51/,Axinie E.,1372.8,7,1490.5,2.0,1362.7,5.0,,,,
/player/tsiang-4b5d9/,Tsiang T.,1372.8,2,,,1367.6,2.0,,,,
/player/sigauque-0aa14/,Sigauque E.,1372.8,2,,,,,,,,
/player/boeckli/,Boeckli R.,1372.8,5,1434.3,1.0,1439.7,1.0,1504.6,2.0,,
/player/kosinski-0a13d/,Kosinski F.,1372.7,20,1419.6,4.0,1404.0,10.0,,,,
/player/erenda-43ebb/,Erenda L.,1372.7,2,,,1372.3,2.0,,,,
/player/elshafei-2a645/,Elshafei Y.,1372.6,6,1490.8,2.0,1389.7,2.0,1384.7,2.0,,
/player/sopolinski-ad25c/,Sopolinski T.,1372.6,2,1372.6,2.0,,,,,,
/player/jiang-20d2e/,Jiang Y.,1372.6,4,1378.9,4.0,,,,,,
/player/gannouni/,Gannouni M.,1372.4,2,1421.7,1.0,1447.7,1.0,,,,
/player/greer-31a7a/,Greer K.,1372.2,5,1457.7,1.0,,,,,,
/player/kato-91a89/,Kato R.,1372.2,7,1384.7,2.0,1429.4,5.0,,,,
/player/kaler-55103/,Kaler N.,1372.2,4,1450.0,1.0,1395.4,3.0,,,,
/player/jimenez-perez-09bc0/,Jimenez Perez P.,1372.0,2,1426.6,1.0,1434.3,1.0,,,,
/player/maccallum/,Maccallum J.,1371.9,2,,,,,,,,
/player/mancini-8825d/,Mancini A.,1371.9,16,1378.5,16.0,,,,,,
/player/kogan-4506b/,Kogan C.,1371.8,2,,,1418.3,1.0,,,,
/player/piotrowska/,Piotrowska I.,1371.8,2,,,1364.7,2.0,,,,
/player/fan-0d756/,Fan W.,1371.8,5,1499.4,2.0,1325.2,3.0,,,,
/player/forrest-cefd6/,Forrest J.,1371.6,2,1438.5,1.0,1417.2,1.0,,,,
/player/estrada-gonzalez/,Estrada Gonzalez S.,1371.6,2,,,1385.7,2.0,,,,
/player/cairols-aparicio/,Cairols Aparicio C.,1371.6,6,1414.6,3.0,1428.3,3.0,,,,
/player/angelo/,Angelo I.,1371.6,2,1438.0,1.0,1419.3,1.0,,,,
/player/pawirodirjo/,Pawirodirjo N.,1371.5,2,1434.3,1.0,1430.7,1.0,,,,
/player/dell-edera/,Dell'edera F.,1371.5,26,1390.9,20.0,1433.3,1.0,,,,
/player/aldea-wesselly-d9698/,Aldea Wesselly A.,1371.5,2,,,1371.5,2.0,,,,
/player/du-toit-78059/,Du Toit D.,1371.4,2,1384.3,2.0,,,,,,
/player/zhou-21abc/,Zhou X.,1371.4,5,,,1359.8,4.0,,,,
/player/jayaraman-120aa/,Jayaraman S.,1371.3,2,1434.3,1.0,1419.6,1.0,,,,
/player/lingam/,Lingam P.,1371.3,4,,,,,,,,
/player/pudney/,Pudney T.,1371.3,5,,,,,,,,
/player/kalluri-c0c89/,Kalluri L.,1371.3,2,1385.6,2.0,,,,,,
/player/pfanner/,Pfanner G.,1371.3,3,,,1377.7,3.0,,,,
/player/wedel/,Wedel C.,1371.3,11,1461.3,3.0,1404.2,7.0,,,,
/player/guerrero-calvo/,Guerrero Calvo C.,1371.3,2,,,1366.6,2.0,,,,
/player/soloveychik/,Soloveychik J.,1371.2,8,,,,,,,,
/player/shymanska/,Shymanska S.,1371.2,2,,,1364.3,2.0,,,,
/player/egbring/,Egbring M.,1371.2,8,1380.9,2.0,1455.4,1.0,,,,
/player/liotto-de-carvalho/,Liotto de Carvalho B.,1371.0,5,,,1378.9,5.0,,,,
/player/emslie-robson/,Emslie-Robson F.,1371.0,3,1422.1,1.0,1401.0,2.0,,,,
/player/rodricks/,Rodricks P.,1371.0,12,1437.2,5.0,1387.4,7.0,,,,
/player/jin-e2d4e/,Jin M.,1371.0,7,1379.4,7.0,,,,,,
/player/yang-b9e4b/,Yang V.,1371.0,7,,,,,,,,
/player/rassil/,Rassil R.,1370.9,2,1380.8,2.0,,,,,,
/player/branc/,Branc M.,1370.9,2,1434.3,1.0,1434.3,1.0,,,,
/player/barrett-2bc9e/,Barrett H.,1370.9,2,,,1388.7,2.0,,,,
/player/litvinova/,Litvinova D.,1370.9,7,,,1383.1,7.0,,,,
/player/sanna-103e7/,Sanna A.,1370.8,5,1456.4,3.0,1446.5,1.0,,,,
/player/dessi-65d7a/,Dessi N.,1370.8,3,,,1408.5,2.0,,,,
/player/ceuca-2db4b/,Ceuca L.,1370.8,13,1505.8,4.0,1353.7,8.0,,,,
/player/bernstein-ea713/,Bernstein G.,1370.8,3,,,1366.4,3.0,,,,
/player/haage/,Haage A.,1370.8,2,,,1368.1,2.0,,,,
/player/paula/,Paula M.,1370.8,2,1434.3,1.0,1433.3,1.0,,,,
/player/da-silva-albiero/,Da Silva Albiero G.,1370.8,5,,,1379.3,2.0,1495.4,2.0,,
/player/ambarzumjan/,Ambarzumjan E.,1370.7,18,1391.9,8.0,1337.2,10.0,,,,
/player/zajc-gajsek/,Zajc Gajsek L.,1370.7,2,,,1378.1,2.0,,,,
/player/khrustaleva-ca75f/,Khrustaleva E.,1370.7,3,1388.9,3.0,,,,,,
/player/becirovic-novak-9ff21/,Becirovic Novak M.,1370.7,2,,,1440.8,1.0,,,,
/player/kulyagin/,Kulyagin M.,1370.7,14,,,1443.4,13.0,,,,
/player/cowley-53626/,Cowley R.,1370.6,5,,,,,,,,
/player/teodoro-cordeiro-peixoto-de-souza/,Teodoro Cordeiro Peixo,1370.6,9,1434.1,5.0,1399.8,4.0,,,,
/player/liu-27a02/,Liu M.,1370.6,32,1374.7,16.0,1380.7,11.0,,,,
/player/kaiser-0808e/,Kaiser F.,1370.6,4,,,1405.8,4.0,,,,
/player/ciocanu-3fdcc/,Ciocanu A.,1370.5,8,,,1398.5,7.0,,,,
/player/zuberbuehler/,Zuberbuehler R.,1370.5,9,1445.4,1.0,1404.3,6.0,1455.4,1.0,,
/player/srutwa/,Srutwa M.,1370.5,15,,,1370.9,15.0,,,,
/player/faber-a1ffe/,Faber M.,1370.3,2,,,1407.0,1.0,,,,
/player/macias-elizalde/,Macias Elizalde D.,1370.3,7,1582.3,3.0,1329.5,3.0,,,,
/player/honiball/,Honiball R.,1370.2,2,,,,,,,,
/player/antici/,Antici A.,1370.1,19,,,1366.6,19.0,,,,
/player/vavrova/,Vavrova Y.,1370.1,11,1383.0,9.0,1493.2,2.0,,,,
/player/agbaba/,Agbaba L.,1370.1,3,,,1368.5,3.0,,,,
/player/kashaeva/,Kashaeva K.,1370.1,10,,,1366.2,10.0,,,,
/player/capitanio/,Capitanio U.,1370.0,2,,,1336.0,2.0,,,,
/player/kojima-a44c5/,Kojima R.,1370.0,10,1434.3,1.0,1519.3,6.0,1434.3,1.0,,
/player/cojocaru-20bc5/,Cojocaru R.,1370.0,2,,,1370.6,2.0,,,,
/player/nashiku/,Nashiku T.,1370.0,2,,,,,,,,
/player/lora-b6d7a/,Lora S.,1370.0,14,1434.3,1.0,1611.4,2.0,1434.3,1.0,,
/player/orswall/,Orswall J.,1370.0,2,,,1368.6,2.0,,,,
/player/sunthonpagasit/,Sunthonpagasit P.,1369.9,2,,,1363.5,2.0,,,,
/player/vivas-b7edd/,Vivas S.,1369.6,6,,,1376.5,6.0,,,,
/player/ernst-a7a60/,Ernst L.,1369.6,7,1373.4,2.0,1488.7,4.0,,,,
/player/gantor/,Gantor A.,1369.4,3,,,,,,,,
/player/gloeckner-7b566/,Gloeckner P.,1369.4,14,1408.9,8.0,1376.8,6.0,,,,
/player/talleri/,Talleri C.,1369.3,2,1430.3,1.0,1424.0,1.0,,,,
/player/piccinini/,Piccinini A.,1369.3,2,,,1362.6,2.0,,,,
/player/minor-e342b/,Minor K.,1369.3,4,,,1408.1,3.0,,,,
/player/ivanisevic-8bdf7/,Ivanisevic E.,1369.3,5,1507.4,2.0,1374.3,3.0,,,,
/player/derosa-deb66/,Derosa T.,1369.3,3,1422.2,2.0,1455.9,1.0,,,,
/player/ayala-63a5f/,Ayala S.,1369.3,2,1434.3,1.0,,,,,,
/player/melnic/,Melnic V.,1369.2,22,1310.5,7.0,1382.1,12.0,1482.6,2.0,,
/player/kozak-3cafb/,Kozak V.,1369.2,7,1367.0,3.0,1382.5,2.0,,,1626.7,2.0
/player/couto-310b4/,Couto L.,1369.1,2,1417.7,1.0,1422.3,1.0,,,,
/player/marini-901d0/,Marini F.,1369.0,5,1421.7,1.0,1399.1,4.0,,,,
/player/barbieri-2b173/,Barbieri A.,1369.0,10,1436.3,1.0,1422.2,6.0,1384.7,2.0,,
/player/arena-8496f/,Arena L.,1369.0,2,,,1366.3,2.0,,,,
/player/li-77689/,Li Y.,1368.9,7,1374.9,7.0,,,,,,
/player/arce-gonzalez/,Arce Gonzalez M.,1368.9,12,,,1386.2,12.0,,,,
/player/lai-cb776/,Lai S.,1368.9,5,1363.1,5.0,,,,,,
/player/dadino/,Dadino F.,1368.9,2,,,1376.2,2.0,,,,
/player/abraham-nilsen/,Abraham-Nilsen E.,1368.9,7,1384.3,7.0,,,,,,
/player/jinga/,Jinga A.,1368.8,9,,,1431.5,8.0,1434.3,1.0,,
/player/mortensen-24e9d/,Mortensen S.,1368.8,5,1440.6,3.0,1393.1,2.0,,,,
/player/hartel/,Hartel S.,1368.7,5,,,1380.6,5.0,,,,
/player/iervolino-3a2a2/,Iervolino C.,1368.7,2,,,1366.9,2.0,,,,
/player/bachmann-94481/,Bachmann T.,1368.7,3,,,1349.1,3.0,,,,
/player/giesen/,Giesen J.,1368.7,17,,,1347.1,3.0,,,,
/player/asylkozhaev/,Asylkozhaev A.,1368.7,2,1422.1,1.0,1452.3,1.0,,,,
/player/carrascosa-a59b9/,Carrascosa P.,1368.5,3,,,1430.8,1.0,,,,
/player/jacome-jaramillo/,Jacome Jaramillo A.,1368.5,3,,,1363.8,3.0,,,,
/player/mosi/,Mosi G.,1368.5,2,,,1365.8,2.0,,,,
/player/stoter/,Stoter F.,1368.3,3,,,1396.5,2.0,1434.3,1.0,,
/player/birnbaumer/,Birnbaumer H.,1368.2,2,1434.3,1.0,1411.6,1.0,,,,
/player/augustyn/,Augustyn T.,1368.1,2,,,,,1434.3,1.0,,
/player/manita/,Manita I.,1368.0,2,,,1421.0,1.0,,,,
/player/ruihan/,Ruihan D.,1367.9,2,1433.4,1.0,,,,,1434.3,1.0
/player/furutani/,Furutani H.,1367.9,6,1377.2,3.0,,,,,,
/player/becerra-morin/,Becerra Morin S.,1367.9,2,1371.1,2.0,,,,,,
/player/cakarun/,Cakarun N.,1367.9,2,,,1369.3,2.0,,,,
/player/moerk/,Moerk M.,1367.9,3,,,,,,,,
/player/roux-3e9da/,Roux R.,1367.7,2,,,1423.7,1.0,,,,
/player/kotarski/,Kotarski A.,1367.7,8,,,,,,,,
/player/korkunov/,Korkunov M.,1367.7,5,,,,,,,,
/player/zayed/,Zayed M.,1367.7,3,,,,,,,,
/player/ekindi/,Ekindi S.,1367.7,5,1376.0,2.0,1481.8,2.0,,,,
/player/jorquera-d1f16/,Jorquera K.,1367.6,2,,,1434.9,1.0,1434.3,1.0,,
/player/vustsina/,Vustsina A.,1367.5,7,1434.3,1.0,,,,,,
/player/rozhkova-6f3f1/,Rozhkova E.,1367.4,9,1387.1,3.0,1422.1,4.0,1493.2,2.0,,
/player/khodarkevich/,Khodarkevich V.,1367.4,2,1434.3,1.0,1431.0,1.0,,,,
/player/duerig/,Duerig M.,1367.4,4,1412.9,1.0,1450.7,3.0,,,,
/player/lalami-laaroussi/,Lalami Laaroussi Y.,1367.4,16,1428.4,7.0,1343.9,7.0,,,,
/player/bocci/,Bocci F.,1367.3,13,1495.2,2.0,1414.7,10.0,1434.3,1.0,,
/player/lenis/,Lenis A.,1367.3,2,,,1382.5,2.0,,,,
/player/vojtischek/,Vojtischek D.,1367.3,2,,,1356.7,2.0,,,,
/player/marc-7825f/,Marc L.,1367.3,3,1439.0,1.0,1453.5,1.0,,,,
/player/schiechtl/,Schiechtl T.,1367.1,6,,,1366.5,6.0,,,,
/player/franke-b43d7/,Franke C.,1367.1,6,,,1378.8,6.0,,,,
/player/caspanello/,Caspanello M.,1367.0,2,,,1369.5,2.0,,,,
/player/wiley-1c209/,Wiley D.,1367.0,3,,,,,,,,
/player/koller-fa92a/,Koller J.,1367.0,3,,,1370.8,3.0,,,,
/player/nikolic-cae9a/,Nikolic L.,1367.0,2,,,1369.1,2.0,,,,
/player/farha/,Farha A.,1366.9,2,1366.6,2.0,,,,,,
/player/mateos-3c8b9/,Mateos R.,1366.9,2,1434.3,1.0,1434.3,1.0,,,,
/player/tremolieres-083db/,Tremolieres S.,1366.9,2,1366.3,2.0,,,,,,
/player/marquez-14a4a/,Marquez S.,1366.8,2,,,1369.8,2.0,,,,
/player/scramin-do-lago/,Scramin do Lago J.,1366.7,23,1421.4,5.0,1278.6,15.0,,,,
/player/pastoric/,Pastoric D.,1366.7,17,1401.6,2.0,1393.3,15.0,,,,
/player/brayotta/,Brayotta M.,1366.7,2,,,1374.3,2.0,,,,
/player/hiremath/,Hiremath I.,1366.6,2,1424.3,1.0,1434.3,1.0,,,,
/player/jeong-fb79d/,Jeong H.,1366.5,2,1369.4,2.0,,,,,,
/player/monge/,Monge V.,1366.5,2,,,1384.8,2.0,,,,
/player/merchant-3f7cf/,Merchant A.,1366.5,3,1355.3,3.0,,,,,,
/player/albiac-badia/,Albiac Badia S.,1366.4,7,1393.1,4.0,1441.3,3.0,,,,
/player/mititelu/,Mititelu G.,1366.4,13,1416.0,12.0,,,,,1434.3,1.0
/player/aronson/,Aronson S.,1366.4,15,,,,,,,,
/player/goldberg-1ab94/,Goldberg S.,1366.4,8,,,,,,,,
/player/majoli-maggioli/,Majoli Maggioli T.,1366.4,10,1565.7,1.0,1382.4,7.0,,,,
/player/delaloye/,Delaloye I.,1366.4,18,1372.1,4.0,1419.1,14.0,,,,
/player/nedelcovici/,Nedelcovici N.,1366.4,2,,,1383.9,2.0,,,,
/player/sekido/,Sekido M.,1366.3,2,1355.1,2.0,,,,,,
/player/paral/,Paral R.,1366.3,5,,,1421.7,3.0,1434.3,1.0,,
/player/richards-c95c6/,Richards L.,1366.3,22,1549.0,6.0,1307.9,14.0,,,,
/player/norin-3f58f/,Norin F.,1366.3,8,,,1367.6,8.0,,,,
/player/delaloye-880ab/,Delaloye M.,1366.2,3,1434.3,1.0,,,1384.7,2.0,,
/player/kos-fe52d/,Kos D.,1366.2,13,1425.8,5.0,1375.8,5.0,1434.3,1.0,,
/player/lerumo/,Lerumo K.,1366.1,2,1373.3,2.0,,,,,,
/player/koenig-1a5a1/,Koenig G.,1366.1,4,1364.2,4.0,,,,,,
/player/bukharieva/,Bukharieva A.,1366.0,2,1365.9,2.0,,,,,,
/player/kirsten-39f04/,Kirsten N.,1365.9,2,,,1378.0,2.0,,,,
/player/ganea/,Ganea M.,1365.9,3,,,1404.7,2.0,1434.3,1.0,,
/player/narikuzhy/,Narikuzhy A.,1365.9,2,1374.5,2.0,,,,,,
/player/guadagno/,Guadagno V.,1365.8,5,1434.3,1.0,1380.7,2.0,1504.6,2.0,,
/player/mccollum/,McCollum F.,1365.7,7,,,,,,,,
/player/deo/,Deo V.,1365.7,5,,,1437.7,1.0,,,,
/player/manfredonia-5e396/,Manfredonia C.,1365.6,3,1397.7,2.0,1434.3,1.0,,,,
/player/maria-silva-ferreira/,Maria Silva Ferreira L.,1365.5,2,1384.4,2.0,,,,,,
/player/gimenez-07869/,Gimenez T.,1365.5,7,1494.4,2.0,1351.5,5.0,,,,
/player/spasov/,Spasov D.,1365.5,14,1426.0,4.0,1354.5,7.0,1626.7,2.0,,
/player/hobbs/,Hobbs R.,1365.4,2,,,1375.6,2.0,,,,
/player/teso-f4258/,Teso N.,1365.4,10,1446.4,5.0,,,,,1504.6,2.0
/player/cohen-perovani/,Cohen Perovani S.,1365.4,7,1411.5,5.0,1386.2,2.0,,,,
/player/chen-369d6/,Chen Y.,1365.4,4,1507.9,2.0,1383.3,2.0,,,,
/player/teixeira-9c96b/,Teixeira J.,1365.4,2,,,1434.3,1.0,1457.3,1.0,,
/player/novak-77d05/,Novak D.,1365.4,10,,,1349.4,10.0,,,,
/player/smith-fd3f7/,Smith K.,1365.3,4,1482.3,2.0,,,,,,
/player/ciobica/,Ciobica S.,1365.3,2,,,1358.7,2.0,,,,
/player/sabina/,Sabina J.,1365.3,2,,,1430.0,1.0,,,,
/player/cassani/,Cassani S.,1365.3,17,1406.5,4.0,1390.3,13.0,,,,
/player/dure-nunez-d5b83/,Dure Nunez L.,1365.3,5,1434.3,1.0,1411.9,4.0,,,,
/player/siewertz/,Siewertz E.,1365.2,2,,,1384.7,2.0,,,,
/player/poechl/,Poechl P.,1365.2,5,,,1420.4,4.0,,,,
/player/ferguson-8803f/,Ferguson R.,1365.2,13,1383.1,13.0,,,,,,
/player/kennedy-efe46/,Kennedy T.,1365.2,6,,,,,,,,
/player/camilleri-bonici/,Camilleri Bonici C.,1365.2,2,,,1434.3,1.0,,,,
/player/stojancic/,Stojancic I.,1365.2,3,,,1353.7,3.0,,,,
/player/de-visser/,De Visser T.,1365.1,15,1422.1,1.0,1419.9,1.0,1565.7,1.0,,
/player/munteanu-c18e3/,Munteanu T.,1365.1,6,,,1382.0,6.0,,,,
/player/vermeer-fd573/,Vermeer P.,1365.1,4,,,1369.9,4.0,,,,
/player/barabanova/,Barabanova P.,1365.1,2,1359.1,2.0,,,,,,
/player/konecny-ea6ee/,Konecny V.,1365.0,2,,,1434.3,1.0,,,,
/player/gligorov/,Gligorov M.,1365.0,2,1445.1,1.0,1434.3,1.0,,,,
/player/friis-c10f4/,Friis A.,1364.9,2,,,1373.3,2.0,,,,
/player/pecovnik/,Pecovnik J.,1364.9,3,,,1372.8,3.0,,,,
/player/elgorch/,Elgorch T.,1364.9,2,1422.1,1.0,1448.2,1.0,,,,
/player/brutaru/,Brutaru A.,1364.9,3,,,1374.6,2.0,1434.3,1.0,,
/player/sibanda-00ff1/,Sibanda M.,1364.9,2,,,1389.3,2.0,,,,
/player/schmitz-315d9/,Schmitz A.,1364.8,3,,,1364.7,3.0,,,,
/player/hsu-8e0aa/,Hsu C.,1364.8,5,,,1407.3,4.0,,,,
/player/marietti/,Marietti A.,1364.8,5,1365.0,5.0,,,,,,
/player/mantri/,Mantri A.,1364.8,5,1348.8,3.0,1493.2,2.0,,,,
/player/usmonjonov/,Usmonjonov A.,1364.7,18,,,1437.2,12.0,1507.6,2.0,,
/player/merlos-cardoso/,Merlos Cardoso S.,1364.7,2,1384.7,2.0,,,,,,
/player/pareja-nieto/,Pareja Nieto J.,1364.7,2,,,1366.5,2.0,,,,
/player/sloan/,Sloan J.,1364.7,3,,,,,,,,
/player/mazzucchelli-2e21e/,Mazzucchelli L.,1364.7,4,,,1376.7,4.0,,,,
/player/lammas/,Lammas A.,1364.6,2,1364.4,2.0,,,,,,
/player/coventry-searle/,Coventry-Searle F.,1364.6,2,,,1369.8,2.0,,,,
/player/de-oliveira-pinto/,De Oliveira Pinto L.,1364.5,2,1370.9,2.0,,,,,,
/player/blanco-7aefa/,Blanco C.,1364.5,2,1444.5,1.0,1440.2,1.0,,,,
/player/ion-36cdd/,Ion N.,1364.5,28,1426.6,6.0,1593.0,5.0,1384.7,2.0,,
/player/omercajic/,Omercajic A.,1364.5,7,1362.1,7.0,,,,,,
/player/bogo/,Bogo E.,1364.4,10,1564.6,1.0,1394.3,6.0,1434.3,1.0,,
/player/stella-ferrazzoli/,Stella Ferrazzoli C.,1364.4,3,,,1363.7,3.0,,,,
/player/lee-d641b/,Lee D.,1364.4,7,1483.5,2.0,1442.0,3.0,,,,
/player/milasauskas/,Milasauskas K.,1364.3,9,1400.2,2.0,1408.8,6.0,1434.3,1.0,,
/player/morishita-ff31f/,Morishita Y.,1364.2,2,,,,,,,,
/player/lopez-ocampos-ac39d/,Lopez Ocampos V.,1364.2,3,,,1395.5,2.0,,,,
/player/van-leeuwen-4aada/,Van Leeuwen P.,1364.2,9,1435.2,1.0,1513.4,5.0,1422.1,1.0,,
/player/bulat-74041/,Bulat T.,1364.2,2,,,1363.0,2.0,,,,
/player/izumisawa/,Izumisawa K.,1364.1,3,,,,,,,,
/player/skegro/,Skegro M.,1364.1,7,1429.0,1.0,,,,,,
/player/vongdala/,Vongdala A.,1364.1,3,,,,,,,,
/player/vyas-77276/,Vyas P.,1364.1,4,1382.9,4.0,,,,,,
/player/yoshida-4df3f/,Yoshida R.,1364.1,3,,,1364.2,3.0,,,,
/player/espolova-cbe35/,Espolova N.,1364.0,5,1395.8,2.0,1439.3,3.0,,,,
/player/vaidya-b4019/,Vaidya S.,1363.9,2,,,1373.3,2.0,,,,
/player/chakanyuka/,Chakanyuka C.,1363.8,7,1445.2,3.0,,,,,,
/player/rechenmann-235da/,Rechenmann M.,1363.8,5,,,1365.8,5.0,,,,
/player/torre-moral/,Torre Moral M.,1363.7,2,1415.4,1.0,1431.2,1.0,,,,
/player/augustin/,Augustin Z.,1363.7,8,,,,,,,,
/player/rabbouche/,Rabbouche H.,1363.7,2,1434.3,1.0,,,1434.3,1.0,,
/player/clarke-6ae8e/,Clarke S.,1363.7,8,1381.7,7.0,1453.2,1.0,,,,
/player/lopez-escribano/,Lopez Escribano A.,1363.6,7,1401.5,4.0,1411.4,3.0,,,,
/player/li-8d127/,Li C.,1363.6,2,,,1461.0,1.0,,,,
/player/benesova-d9f02/,Benesova N.,1363.6,5,1363.6,5.0,,,,,,
/player/kendall-woseley/,Kendall Woseley M.,1363.6,6,,,1395.3,2.0,,,,
/player/sfilio-2df2e/,Sfilio T.,1363.6,11,,,1374.1,9.0,,,1493.2,2.0
/player/guillet/,Guillet A.,1363.6,6,1431.9,1.0,1464.2,4.0,,,,
/player/davis-12533/,Davis G.,1363.5,6,,,,,,,,
/player/matsumura/,Matsumura H.,1363.5,7,1366.5,7.0,,,,,,
/player/mueller-de8b3/,Mueller E.,1363.5,2,,,1434.3,1.0,,,,
/player/candelas-ruiz/,Candelas Ruiz R.,1363.5,3,1434.3,1.0,1384.7,2.0,,,,
/player/bulatovic-e9f4c/,Bulatovic S.,1363.4,2,,,1361.1,2.0,,,,
/player/hnidets-b3891/,Hnidets A.,1363.4,2,,,,,,,,
/player/schofield-b0042/,Schofield T.,1363.4,3,,,1353.5,3.0,,,,
/player/pierre/,Pierre H.,1363.4,10,1380.6,2.0,1404.2,5.0,1504.6,2.0,,
/player/beduhn/,Beduhn C.,1363.4,5,,,,,,,,
/player/yilmaz-2ca87/,Yilmaz E.,1363.4,6,1430.9,1.0,1381.2,5.0,,,,
/player/broqi/,Broqi A.,1363.4,2,,,,,,,,
/player/lederer-8a2ba/,Lederer L.,1363.3,2,,,1373.5,2.0,,,,
/player/filipescu/,Filipescu K.,1363.3,2,,,1364.0,2.0,,,,
/player/gonzalez-cbfba/,Gonzalez A.,1363.3,3,,,,,,,,
/player/znuderl/,Znuderl A.,1363.3,3,,,1361.6,3.0,,,,
/player/khatib-c291e/,Khatib F.,1363.3,2,1422.1,1.0,1446.8,1.0,,,,
/player/streicher/,Streicher C.,1363.3,2,,,1425.7,1.0,,,,
/player/alvarado-1d74d/,Alvarado S.,1363.2,2,,,1371.6,2.0,,,,
/player/weber-45bf1/,Weber P.,1363.2,2,,,1363.2,2.0,,,,
/player/gombitova/,Gombitova I.,1363.2,2,1366.4,2.0,,,,,,
/player/giovannini/,Giovannini U.,1363.0,2,1422.1,1.0,1434.3,1.0,,,,
/player/hawkins-6f56b/,Hawkins H.,1363.0,5,,,,,,,,
/player/clements-700ca/,Clements J.,1362.9,7,1370.5,7.0,,,,,,
/player/farouk-46994/,Farouk A.,1362.8,5,1419.3,1.0,1462.7,3.0,,,,
/player/qingtong/,Qingtong Y.,1362.8,2,1411.6,1.0,1434.3,1.0,,,,
/player/de-felipe-garcia-7d87f/,De Felipe Garcia G.,1362.8,2,1434.3,1.0,1427.4,1.0,,,,
/player/ballester-sanchez/,Ballester Sanchez C.,1362.8,2,,,1368.5,2.0,,,,
/player/abdusamadov/,Abdusamadov D.,1362.6,5,1445.8,1.0,1434.3,1.0,1504.6,2.0,,
/player/libergs/,Libergs A.,1362.6,2,1436.1,1.0,1434.3,1.0,,,,
/player/benton-3c83a/,Benton C.,1362.5,8,,,,,,,,
/player/perez-mora-f81d3/,Perez Mora B.,1362.4,13,1421.8,1.0,1408.2,11.0,,,,
/player/stickdorn/,Stickdorn V.,1362.4,6,,,1322.4,4.0,,,,
/player/ross-59147/,Ross J.,1362.3,7,1461.4,1.0,1360.0,4.0,,,,
/player/melikov-48004/,Melikov N.,1362.2,2,,,1416.0,1.0,,,,
/player/mihic/,Mihic M.,1362.2,7,1426.2,3.0,1415.1,3.0,1434.3,1.0,,
/player/lobanov-c88cf/,Lobanov A.,1362.0,2,1422.1,1.0,1410.6,1.0,,,,
/player/ayton-5ef96/,Ayton M.,1362.0,2,,,1350.9,2.0,,,,
/player/kustanayeva/,Kustanayeva M.,1361.9,4,1361.8,4.0,,,,,,
/player/pop-e7591/,Pop D.,1361.9,15,,,1538.5,5.0,,,,
/player/gutierrez-perez-78a67/,Gutierrez Perez F.,1361.9,2,1361.7,2.0,,,,,,
/player/gonzalez-huerga/,Gonzalez Huerga E.,1361.8,2,,,,,1384.7,2.0,,
/player/silva-8ab25/,Silva J.,1361.8,5,1424.2,1.0,,,1384.7,2.0,,
/player/jung-e2b8b/,Jung R.,1361.7,8,1434.3,1.0,1385.1,5.0,1504.6,2.0,,
/player/yang-bdedc/,Yang Y.,1361.6,20,1397.5,2.0,1514.5,12.0,1504.6,2.0,,
/player/kakhniuk/,Kakhniuk D.,1361.6,3,1434.3,1.0,,,,,,
/player/nayak/,Nayak R.,1361.6,10,1346.8,10.0,,,,,,
/player/albieri-844e1/,Albieri G.,1361.5,9,1481.5,2.0,1369.6,5.0,,,,
/player/davari-dolatabadi/,Davari Dolatabadi A.,1361.5,7,1354.9,7.0,,,,,,
/player/castells-solernou/,Castells Solernou R.,1361.5,2,,,1412.5,1.0,,,,
/player/barrera-80c05/,Barrera G.,1361.4,6,,,,,,,,
/player/zviahintsev/,Zviahintsev K.,1361.3,3,,,1411.9,2.0,,,,
/player/scheerle/,Scheerle S.,1361.3,2,,,1362.9,2.0,,,,
/player/liu-cd237/,Liu H.,1361.3,4,,,1343.2,4.0,,,,
/player/pitts-clark/,Pitts-Clark A.,1361.2,2,1418.1,1.0,1422.1,1.0,,,,
/player/skhiladze/,Skhiladze N.,1361.1,3,1405.9,2.0,1424.3,1.0,,,,
/player/lindorff/,Lindorff L.,1361.1,2,,,1369.6,2.0,,,,
/player/jeng/,Jeng J.,1361.0,11,1349.8,9.0,1506.8,2.0,,,,
/player/hoimian/,Hoimian F.,1360.9,8,1434.3,1.0,1442.0,1.0,1434.3,1.0,,
/player/kovalcik/,Kovalcik J.,1360.8,4,,,,,,,,
/player/loosen/,Loosen T.,1360.8,21,1432.6,8.0,1415.3,8.0,,,,
/player/silveira-4e7df/,Silveira M.,1360.8,3,,,1353.7,3.0,,,,
/player/uchida-79a92/,Uchida M.,1360.7,9,,,,,,,,
/player/bayo-a5ba7/,Bayo P.,1360.6,3,,,1368.9,2.0,1434.3,1.0,,
/player/njoze/,Njoze M.,1360.5,5,1360.5,5.0,,,,,,
/player/severance/,Severance S.,1360.5,2,,,,,,,,
/player/shin-cf3c5/,Shin H.,1360.5,2,1361.5,2.0,,,,,,
/player/bredenkamp-c2e01/,Bredenkamp R.,1360.5,2,1375.9,2.0,,,,,,
/player/garcia-5a478/,Garcia M.,1360.4,9,,,,,,,,
/player/pang-f2662/,Pang K.,1360.4,2,1364.7,2.0,,,,,,
/player/manzi-ecd08/,Manzi C.,1360.4,7,,,,,,,,
/player/pan-fc02b/,Pan J.,1360.3,10,1376.7,9.0,,,,,1446.6,1.0
/player/rey-67484/,Rey B.,1360.2,2,1434.3,1.0,1434.3,1.0,,,,
/player/cao-a9489/,Cao Y.,1360.1,16,1342.3,10.0,1514.7,2.0,,,1500.6,4.0
/player/lombisano/,Lombisano J.,1360.1,16,1523.1,5.0,1347.8,10.0,,,,
/player/bisht-43953/,Bisht A.,1360.1,3,1352.0,3.0,,,,,,
/player/jerkovic/,Jerkovic M.,1360.1,2,1434.3,1.0,,,1435.2,1.0,,
/player/marin-0363b/,Marin N.,1360.0,6,1434.3,1.0,1374.4,5.0,,,,
/player/shim-d097e/,Shim J.,1360.0,2,1360.2,2.0,,,,,,
/player/thalheimer/,Thalheimer C.,1360.0,3,1395.5,2.0,1434.3,1.0,,,,
/player/rivadeneira-3cbe2/,Rivadeneira M.,1359.9,2,1373.3,2.0,,,,,,
/player/sandenbergh/,Sandenbergh M.,1359.8,4,1376.2,4.0,,,,,,
/player/kolic-f33c1/,Kolic A.,1359.6,2,,,1362.5,2.0,,,,
/player/kakpo/,Kakpo K.,1359.6,4,1437.2,1.0,1439.5,1.0,,,,
/player/puscas-c0d28/,Puscas O.,1359.5,5,1434.3,1.0,1427.0,3.0,,,,
/player/chen-87b9e/,Chen Y.,1359.5,7,1477.5,1.0,1476.3,2.0,1434.3,1.0,,
/player/duda-1f4be/,Duda A.,1359.4,8,,,,,,,,
/player/kambara-ee422/,Kambara S.,1359.4,6,,,,,,,,
/player/maijorov/,Maijorov D.,1359.4,3,1433.1,1.0,1446.1,1.0,,,,
/player/puri-fd099/,Puri M.,1359.4,7,1435.3,1.0,1397.5,5.0,,,,
/player/dermenjyan/,Dermenjyan J.,1359.3,3,1430.2,1.0,1399.0,2.0,,,,
/player/giles-e8158/,Giles T.,1359.2,5,1359.2,5.0,,,,,,
/player/becker-fabricanti/,Becker Fabricanti J.,1359.2,3,1449.8,1.0,1447.4,1.0,,,,
/player/yao-baf5f/,Yao W.,1359.2,3,,,1357.3,3.0,,,,
/player/jusuf-ddd3f/,Jusuf J.,1359.2,2,,,1410.1,1.0,1434.3,1.0,,
/player/erler-54269/,Erler S.,1359.1,8,1399.2,2.0,1451.2,5.0,,,1443.9,1.0
/player/song-26598/,Song Y.,1359.1,9,,,1401.5,7.0,,,,
/player/froehlich-095d7/,Froehlich J.,1359.1,2,,,1404.1,1.0,,,,
/player/irakoze/,Irakoze Y.,1359.0,2,,,1373.3,2.0,,,,
/player/ludwig-f95e3/,Ludwig M.,1359.0,15,,,,,,,,
/player/maier-a373c/,Maier P.,1358.9,2,,,1384.7,2.0,,,,
/player/grau-77917/,Grau L.,1358.9,2,,,1362.9,2.0,,,,
/player/chetewy-ungar/,Chetewy Ungar B.,1358.9,3,,,1360.2,3.0,,,,
/player/hernandez-a6ca8/,Hernandez J.,1358.9,23,1488.4,2.0,1575.2,8.0,1664.1,3.0,,
/player/lucaciu/,Lucaciu F.,1358.9,9,1314.0,4.0,1453.9,3.0,,,,
/player/guillen-meza/,Guillen Meza A.,1358.8,21,1401.0,2.0,1375.3,18.0,,,,
/player/lo-pumo-bfe2c/,Lo Pumo R.,1358.8,2,,,1373.8,2.0,,,,
/player/annayev/,Annayev B.,1358.8,3,1457.3,1.0,1400.3,2.0,,,,
/player/giordano-05739/,Giordano M.,1358.7,27,1447.5,18.0,1298.3,6.0,,,,
/player/harajda/,Harajda E.,1358.6,7,,,1398.0,7.0,,,,
/player/van-donselaar-87ec8/,Van Donselaar B.,1358.6,2,,,1357.4,2.0,,,,
/player/bittner-782e7/,Bittner T.,1358.6,4,1447.9,1.0,1361.5,3.0,,,,
/player/mazzei/,Mazzei J.,1358.5,2,,,1352.1,2.0,,,,
/player/rendon-65ab5/,Rendon A.,1358.5,8,1514.7,2.0,1409.4,4.0,1384.7,2.0,,
/player/sharma-ab2a7/,Sharma A.,1358.5,12,1374.4,5.0,1500.4,5.0,,,,
/player/papazian-54504/,Papazian T.,1358.5,11,,,,,,,,
/player/bakulina/,Bakulina M.,1358.4,2,1386.3,2.0,,,,,,
/player/savic-38645/,Savic S.,1358.3,2,,,1358.0,2.0,,,,
/player/frantzen-544b3/,Frantzen C.,1358.3,3,,,1354.2,3.0,,,,
/player/myhre/,Myhre T.,1358.3,5,1422.3,3.0,1398.0,2.0,,,,
/player/mitalas/,Mitalas G.,1358.3,7,1434.3,1.0,1445.6,4.0,,,,
/player/shekhawat-60dc8/,Shekhawat S.,1358.2,15,1396.9,14.0,,,1434.3,1.0,,
/player/vayser/,Vayser K.,1358.2,2,1384.8,2.0,,,,,,
/player/borin/,Borin M.,1358.2,2,1437.6,1.0,,,,,,
/player/isakova-87902/,Isakova P.,1358.2,19,1356.7,19.0,,,,,,
/player/erastova/,Erastova M.,1358.2,2,,,1358.5,2.0,,,,
/player/kawada-fda32/,Kawada K.,1358.1,23,1400.6,2.0,1457.1,5.0,,,,
/player/shelton-991ac/,Shelton M.,1358.0,5,,,,,,,,
/player/muto-e8dc9/,Muto M.,1357.8,2,1357.9,2.0,,,,,,
/player/webster-17fc6/,Webster S.,1357.8,5,,,,,,,,
/player/gadgil/,Gadgil P.,1357.7,4,,,1366.4,4.0,,,,
/player/solheim/,Solheim F.,1357.6,9,1444.4,1.0,1455.1,3.0,,,,
/player/saltz/,Saltz C.,1357.5,8,,,,,,,,
/player/calin/,Calin A.,1357.5,8,1464.6,5.0,1341.1,2.0,,,,
/player/piron/,Piron E.,1357.5,6,,,,,,,,
/player/nekovic/,Nekovic A.,1357.5,9,,,1360.3,9.0,,,,
/player/ching-laam/,Ching Laam L.,1357.4,9,1372.9,6.0,,,,,1447.2,3.0
/player/bahra/,Bahra N.,1357.4,2,1435.2,1.0,1443.1,1.0,,,,
/player/arci/,Arci P.,1357.4,2,1434.3,1.0,1434.3,1.0,,,,
/player/peiris/,Peiris Y.,1357.4,3,,,,,,,,
/player/patier/,Patier R.,1357.4,16,1409.6,10.0,1419.5,6.0,,,,
/player/popadic-607a0/,Popadic A.,1357.2,3,1394.5,2.0,,,1434.3,1.0,,
/player/chmielewska/,Chmielewska W.,1357.2,2,1400.2,1.0,1451.0,1.0,,,,
/player/troger/,Troger M.,1357.2,5,,,1362.0,5.0,,,,
/player/lin-aa939/,Lin J.,1357.2,6,1434.3,1.0,1404.6,4.0,1434.3,1.0,,
/player/zhou-6de5f/,Zhou Y.,1357.2,2,1361.3,2.0,,,,,,
/player/leitner-2c3e0/,Leitner T.,1357.1,7,,,1350.9,7.0,,,,
/player/kosseifi/,Kosseifi G.,1357.0,6,,,,,,,,
/player/pereyra-76326/,Pereyra F.,1356.9,4,,,,,1434.3,1.0,,
/player/cinkova-05737/,Cinkova N.,1356.9,8,,,,,,,,
/player/volkova/,Volkova D.,1356.8,11,1417.2,4.0,1375.1,7.0,,,,
/player/gawlik-042f9/,Gawlik J.,1356.8,2,1434.3,1.0,1409.1,1.0,,,,
/player/pullela/,Pullela S.,1356.8,2,1423.8,1.0,1412.0,1.0,,,,
/player/partal/,Partal M.,1356.7,27,1516.4,5.0,1366.9,16.0,1626.7,2.0,,
/player/freeman-8ff9e/,Freeman P.,1356.7,6,1360.1,6.0,,,,,,
/player/calabrese-1e2e2/,Calabrese A.,1356.7,3,,,1348.9,3.0,,,,
/player/fuller-82a95/,Fuller L.,1356.7,5,,,,,,,,
/player/siancha-borlenghi/,Siancha Borlenghi A.,1356.6,6,1447.0,4.0,1386.3,2.0,,,,
/player/sioda/,Sioda P.,1356.6,6,1364.7,3.0,1445.2,1.0,,,,
/player/poojari/,Poojari A.,1356.5,2,,,,,,,,
/player/saar-694bf/,Saar A.,1356.5,3,,,,,,,,
/player/giannini-38c31/,Giannini N.,1356.5,22,1285.2,18.0,1474.8,4.0,,,,
/player/pop-244b0/,Pop E.,1356.4,2,1434.3,1.0,1417.1,1.0,,,,
/player/isqueiro/,Isqueiro I.,1356.4,3,,,,,,,,
/player/kolesnyk/,Kolesnyk M.,1356.4,2,,,1361.4,2.0,,,,
/player/remander/,Remander S.,1356.4,8,,,1372.2,8.0,,,,
/player/pattanalertphan/,Pattanalertphan N.,1356.4,2,1411.1,1.0,1432.8,1.0,,,,
/player/laaouani/,Laaouani M.,1356.3,2,,,1364.4,2.0,,,,
/player/zielinski-cc8c7/,Zielinski P.,1356.1,2,,,,,,,,
/player/mian/,Mian J.,1356.0,3,1356.0,3.0,,,,,,
/player/clayton-740aa/,Clayton S.,1356.0,2,,,,,,,,
/player/ozerets/,Ozerets A.,1356.0,3,,,,,,,,
/player/daiha/,Daiha M.,1356.0,2,,,,,,,,
/player/montague-27d76/,Montague A.,1355.9,5,1379.4,2.0,1390.4,2.0,,,,
/player/spinolo-5590f/,Spinolo R.,1355.9,6,,,1369.3,6.0,,,,
/player/sherif-abdellatif-abdo/,Sherif Abdellatif Abdo K.,1355.8,17,1536.6,6.0,1202.7,9.0,,,,
/player/nestorov/,Nestorov D.,1355.8,2,,,1361.9,2.0,,,,
/player/scheinert-e6c54/,Scheinert L.,1355.8,5,,,1451.1,3.0,1384.7,2.0,,
/player/shalmiev/,Shalmiev I.,1355.7,3,,,1350.6,3.0,,,,
/player/carpano/,Carpano C.,1355.6,4,1434.3,1.0,1389.4,3.0,,,,
/player/kanev-afc8e/,Kanev L.,1355.6,2,,,,,,,,
/player/sucu/,Sucu M.,1355.6,7,1459.3,1.0,1408.8,4.0,,,,
/player/gann/,Gann A.,1355.5,2,1370.7,2.0,,,,,,
/player/lee-39da7/,Lee E.,1355.5,2,1339.8,2.0,,,,,,
/player/ahti-c2240/,Ahti V.,1355.4,14,1453.0,5.0,1352.0,9.0,,,,
/player/brown-62e22/,Brown B.,1355.3,9,1469.5,1.0,1328.0,3.0,,,,
/player/ionescu-0d956/,Ionescu I.,1355.2,10,,,,,,,,
/player/smith-13dc6/,Smith C.,1355.1,5,1404.8,4.0,1434.3,1.0,,,,
/player/huang-be9a9/,Huang V.,1355.1,2,1356.7,2.0,,,,,,
/player/lucero-58a1c/,Lucero J.,1355.1,3,1434.3,1.0,1399.9,2.0,,,,
/player/chan-f94e3/,Chan W.,1355.1,16,1362.8,16.0,,,,,,
/player/ihlenfeld/,Ihlenfeld N.,1355.0,4,1434.3,1.0,1333.9,3.0,,,,
/player/jeong-87fa7/,Jeong H.,1354.9,9,1356.7,9.0,,,,,,
/player/dench/,Dench E.,1354.9,3,,,1373.3,2.0,,,,
/player/wendler-filho/,Wendler Filho J.,1354.9,10,1440.5,1.0,1365.1,9.0,,,,
/player/fuduric-9db31/,Fuduric L.,1354.9,13,,,,,,,,
/player/kawamura-79acb/,Kawamura M.,1354.8,22,1326.5,20.0,,,,,1493.2,2.0
/player/challarapu/,Challarapu R.,1354.8,7,1358.3,7.0,,,,,,
/player/gothelf/,Gothelf J.,1354.8,2,1355.7,2.0,,,,,,
/player/pala-55461/,Pala D.,1354.7,2,,,,,1373.3,2.0,,
/player/jiang-5f547/,Jiang H.,1354.7,2,,,1360.7,2.0,,,,
/player/kezakimana/,Kezakimana M.,1354.7,3,,,,,,,,
/player/stevanovic-5d1ce/,Stevanovic A.,1354.6,4,,,,,,,,
/player/roboly/,Roboly J.,1354.6,8,1384.7,2.0,1436.0,6.0,,,,
/player/adam-gedge/,Adam-Gedge Z.,1354.5,11,1360.1,8.0,1401.8,2.0,,,,
/player/cutri/,Cutri V.,1354.5,2,,,1355.6,2.0,,,,
/player/corvalan-mitilli/,Corvalan Mitilli A.,1354.3,2,1411.2,1.0,,,,,1446.6,1.0
/player/turley-a6459/,Turley V.,1354.3,5,1494.4,2.0,,,,,,
/player/charintceva/,Charintceva D.,1354.3,14,1439.4,3.0,1365.5,11.0,,,,
/player/jin-69c3c/,Jin Z.,1354.2,5,1434.3,1.0,1450.1,3.0,,,,
/player/george-d49f7/,George R.,1354.2,7,1424.6,1.0,1422.1,1.0,1434.3,1.0,,
/player/popescu-71b74/,Popescu E.,1354.2,5,1441.3,1.0,1383.9,4.0,,,,
/player/takada-90c4f/,Takada M.,1354.1,13,1389.8,5.0,1406.4,4.0,,,,
/player/senthilkumar/,Senthilkumar M.,1354.1,17,1506.7,5.0,1391.8,9.0,1422.1,1.0,,
/player/pezzulla/,Pezzulla A.,1354.0,3,,,1339.0,3.0,,,,
/player/dean-cae8e/,Dean J.,1354.0,21,1362.7,6.0,1483.0,10.0,,,1434.3,1.0
/player/sawkings/,Sawkings E.,1354.0,7,1478.5,2.0,,,,,,
/player/kim-4099a/,Kim S.,1353.9,2,1353.6,2.0,,,,,,
/player/asumwa/,Asumwa R.,1353.9,3,,,,,,,,
/player/ecker/,Ecker E.,1353.8,3,1382.0,3.0,,,,,,
/player/chaabi/,Chaabi Y.,1353.8,2,1426.5,1.0,1434.3,1.0,,,,
/player/diaz-ruiz/,Diaz Ruiz C.,1353.7,8,1374.5,2.0,1365.9,4.0,,,,
/player/tonaka/,Tonaka M.,1353.7,5,,,,,,,,
/player/abela/,Abela C.,1353.7,2,1334.2,2.0,,,,,,
/player/paris-c72aa/,Paris T.,1353.6,6,1470.4,3.0,1366.7,2.0,,,1434.3,1.0
/player/martin-melo/,Martin Melo A.,1353.5,7,,,1415.7,4.0,1434.3,1.0,,
/player/mccord-594e4/,McCord L.,1353.5,2,1361.2,2.0,,,,,,
/player/van-der-werff/,Van Der Werff R.,1353.4,5,,,1424.4,1.0,,,,
/player/narsinghani-74f1c/,Narsinghani J.,1353.4,3,1434.3,1.0,1396.6,2.0,,,,
/player/murtaza-68624/,Murtaza M.,1353.4,13,,,1448.3,9.0,,,1434.3,1.0
/player/patel-d033d/,Patel P.,1353.3,8,1458.8,1.0,1417.5,5.0,,,,
/player/connelly-c8ea6/,Connelly E.,1353.1,6,1433.2,4.0,,,,,,
/player/van-zijll-langhout/,Van Zijll Langhout E.,1353.1,2,,,1353.5,2.0,,,,
/player/ivanovic-bdb02/,Ivanovic N.,1353.0,3,,,1433.2,1.0,1385.5,2.0,,
/player/engel-72d0c/,Engel L.,1353.0,3,,,1367.5,2.0,,,,
/player/negoita-038a3/,Negoita E.,1353.0,2,,,1362.1,2.0,,,,
/player/nyqvist/,Nyqvist L.,1353.0,4,1393.5,2.0,1441.3,2.0,,,,
/player/zandamela-61cbe/,Zandamela L.,1353.0,2,1353.2,2.0,,,,,,
/player/pokinsagethasiri/,Pokinsagethasiri S.,1352.9,6,1414.2,4.0,1416.8,2.0,,,,
/player/dias-9dc4f/,Dias B.,1352.9,2,1407.5,1.0,1429.7,1.0,,,,
/player/peterhans-857f2/,Peterhans J.,1352.7,3,,,1398.8,2.0,,,,
/player/zuccon/,Zuccon V.,1352.7,5,1385.5,4.0,1449.1,1.0,,,,
/player/ishimwe-2fe12/,Ishimwe A.,1352.6,6,,,1415.0,2.0,,,,
/player/lazarova-3221b/,Lazarova V.,1352.6,10,1394.7,5.0,1407.2,5.0,,,,
/player/haj-amor/,Haj Amor A.,1352.5,2,1353.0,2.0,,,,,,
/player/straszewska/,Straszewska B.,1352.5,16,1410.6,6.0,1367.8,10.0,,,,
/player/monelle/,Monelle R.,1352.4,3,,,,,,,,
/player/hilsum/,Hilsum A.,1352.4,3,,,,,,,,
/player/bourn/,Bourn L.,1352.4,2,1422.1,1.0,,,1434.3,1.0,,
/player/messerli/,Messerli T.,1352.3,25,1410.8,24.0,,,,,,
/player/sychev/,Sychev P.,1352.3,15,1408.9,10.0,1495.0,2.0,1404.0,2.0,,
/player/vassard/,Vassard A.,1352.1,2,,,1434.3,1.0,,,,
/player/bordas/,Bordas P.,1352.0,12,,,1346.8,12.0,,,,
/player/hsu-c668d/,Hsu L.,1352.0,5,1432.7,3.0,1384.7,2.0,,,,
/player/fortes-a945a/,Fortes E.,1352.0,6,1373.0,2.0,1301.3,3.0,,,,
/player/bondarets/,Bondarets Z.,1351.9,2,,,1351.5,2.0,,,,
/player/petrovic-4f099/,Petrovic D.,1351.8,7,1565.7,1.0,1482.7,2.0,,,,
/player/mcgiffin/,McGiffin T.,1351.8,6,1378.4,5.0,,,,,1434.3,1.0
/player/berg-hagen/,Berg Hagen P.,1351.7,2,,,1365.6,2.0,,,,
/player/shigeta-c5bc6/,Shigeta M.,1351.7,10,1343.0,5.0,,,,,1434.3,1.0
/player/erler-5dd52/,Erler T.,1351.7,6,,,1351.1,6.0,,,,
/player/mondati/,Mondati O.,1351.7,9,1483.0,2.0,1371.2,6.0,,,1434.3,1.0
/player/freitas-01108/,Freitas A.,1351.6,12,1360.6,7.0,1469.0,5.0,,,,
/player/zaytsev-89a97/,Zaytsev I.,1351.6,18,1458.9,3.0,1421.2,12.0,1422.1,1.0,,
/player/dimitrijevic-9b64c/,Dimitrijevic L.,1351.6,6,,,1337.0,6.0,,,,
/player/ikwueme/,Ikwueme A.,1351.5,2,,,1351.5,2.0,,,,
/player/chua-884d2/,Chua S.,1351.5,3,,,,,,,1409.4,2.0
/player/kulpa/,Kulpa K.,1351.5,5,,,1494.3,2.0,,,,
/player/rincon-0a4f6/,Rincon A.,1351.5,5,,,1351.5,5.0,,,,
/player/pashkevich/,Pashkevich D.,1351.4,2,1359.7,2.0,,,,,,
/player/wilson-82e33/,Wilson K.,1351.4,3,,,,,,,,
/player/mishkin/,Mishkin K.,1351.3,18,1309.8,3.0,1387.8,13.0,,,,
/player/marques-9bd3f/,Marques M.,1351.2,3,,,1355.2,3.0,,,,
/player/han-bfce9/,Han K.,1351.1,6,1351.8,6.0,,,,,,
/player/shioya/,Shioya N.,1351.0,8,1361.8,8.0,,,,,,
/player/dalwani/,Dalwani M.,1351.0,8,1391.3,4.0,1392.6,4.0,,,,
/player/braga-a4e03/,Braga L.,1350.9,2,1352.6,2.0,,,,,,
/player/chirita-e4627/,Chirita A.,1350.8,5,,,1338.2,5.0,,,,
/player/prabodh/,Prabodh S.,1350.8,5,,,,,,,,
/player/elizarova-65311/,Elizarova A.,1350.8,10,1389.7,5.0,1405.6,4.0,,,1434.3,1.0
/player/bowles-568dc/,Bowles A.,1350.6,6,,,,,,,1434.3,1.0
/player/choi-dbec6/,Choi D.,1350.6,2,,,,,,,,
/player/lee-db968/,Lee S.,1350.6,2,,,1371.0,2.0,,,,
/player/konowczuk/,Konowczuk W.,1350.5,3,1434.3,1.0,1402.4,2.0,,,,
/player/bizjak-ce908/,Bizjak Z.,1350.5,16,1424.1,7.0,1331.9,9.0,,,,
/player/wongpuvarak/,Wongpuvarak K.,1350.4,3,1355.2,3.0,,,,,,
/player/baumgartner-765c0/,Baumgartner M.,1350.4,8,1475.0,2.0,1372.7,5.0,,,,
/player/pearce-58b1e/,Pearce E.,1350.3,3,1351.8,3.0,,,,,,
/player/heffernan-e6285/,Heffernan S.,1350.3,2,,,,,,,,
/player/owen-107d7/,Owen R.,1350.3,2,,,,,,,,
/player/nakamoto-aba4e/,Nakamoto R.,1350.3,6,1495.6,2.0,1444.3,1.0,1434.3,1.0,,
/player/nelson-e113e/,Nelson T.,1350.3,7,,,,,,,,
/player/jovic-8e382/,Jovic P.,1350.2,14,1457.7,3.0,1361.3,10.0,,,,
/player/melaga/,Melaga S.,1350.2,4,,,1432.6,3.0,1434.3,1.0,,
/player/dreer-25532/,Dreer F.,1350.2,4,,,,,,,,
/player/lohr-71dc5/,Lohr W.,1350.1,2,,,1353.9,2.0,,,,
/player/cammilleri-d0a3f/,Cammilleri L.,1349.9,17,1462.2,6.0,1361.1,10.0,,,1434.3,1.0
/player/martinez-b6a4d/,Martinez J.,1349.9,5,1435.8,3.0,1362.5,2.0,,,,
/player/suljadzic/,Suljadzic S.,1349.8,5,,,1347.6,5.0,,,,
/player/deliano/,Deliano L.,1349.8,2,,,1367.0,2.0,,,,
/player/neziri/,Neziri E.,1349.8,9,1457.0,3.0,1395.5,5.0,,,,
/player/messa/,Messa T.,1349.8,5,,,1439.2,3.0,1434.3,1.0,,
/player/bieniecka-zawerthal-duarte/,Bieniecka Zawerthal Duarte M.,1349.7,2,1351.6,2.0,,,,,,
/player/summers/,Summers M.,1349.6,15,1496.7,7.0,1318.8,7.0,1414.2,1.0,,
/player/kozyreva/,Kozyreva M.,1349.6,7,1478.6,3.0,1366.5,3.0,1434.3,1.0,,
/player/beltran-rubio/,Beltran Rubio M.,1349.6,15,1487.2,6.0,1378.7,8.0,,,,
/player/benito/,Benito M.,1349.2,6,1359.7,3.0,1451.3,3.0,,,,
/player/veldkamp-0f952/,Veldkamp Y.,1349.2,8,,,1370.0,4.0,,,,
/player/mrazova-ecaf3/,Mrazova V.,1349.2,10,,,1369.6,9.0,,,,
/player/laundes/,Laundes F.,1349.1,4,1357.9,4.0,,,,,,
/player/solonenko/,Solonenko A.,1349.1,7,1460.3,1.0,1452.8,3.0,,,,
/player/vig/,Vig S.,1349.0,17,1354.5,6.0,1397.0,11.0,,,,
/player/crosio/,Crosio F.,1349.0,3,1434.3,1.0,1367.4,2.0,,,,
/player/stipcevic/,Stipcevic Z.,1349.0,3,,,,,,,,
/player/alias/,Alias J.,1349.0,9,1434.3,1.0,1493.3,2.0,,,,
/player/liu-52009/,Liu C.,1348.8,3,1384.7,2.0,,,,,,
/player/degroot/,Degroot F.,1348.8,3,1373.4,2.0,1450.4,1.0,,,,
/player/gudelj-3d0cb/,Gudelj V.,1348.8,39,1435.6,12.0,1349.5,9.0,,,,
/player/lester-56293/,Lester F.,1348.6,4,1434.3,1.0,1377.8,3.0,,,,
/player/lujan-11b85/,Lujan C.,1348.6,3,1434.3,1.0,1400.7,2.0,,,,
/player/bumbak/,Bumbak N.,1348.5,7,,,1356.9,7.0,,,,
/player/battistone-62dfd/,Battistone S.,1348.5,3,1352.2,3.0,,,,,,
/player/nappi/,Nappi S.,1348.5,3,1437.3,1.0,1368.1,2.0,,,,
/player/grandvincent/,Grandvincent S.,1348.4,9,1387.2,2.0,1345.7,5.0,,,,
/player/suresh-aa98e/,Suresh K.,1348.3,3,,,,,,,,
/player/zecheru/,Zecheru T.,1348.2,7,1398.7,2.0,1370.7,4.0,,,,
/player/badawi/,Badawi A.,1348.2,7,1366.3,7.0,,,,,,
/player/krishnan-6250a/,Krishnan N.,1348.0,6,1469.8,3.0,1384.7,2.0,,,1434.3,1.0
/player/rochat-abc83/,Rochat A.,1348.0,2,1435.2,1.0,1419.5,1.0,,,,
/player/topic-0f55c/,Topic S.,1347.9,3,,,1346.1,3.0,,,,
/player/pantaratorn-b9037/,Pantaratorn D.,1347.9,2,1434.3,1.0,1417.3,1.0,,,,
/player/cohen-202bb/,Cohen S.,1347.9,15,1410.0,13.0,1367.6,2.0,,,,
/player/moldenhauer/,Moldenhauer L.,1347.9,3,,,1374.9,2.0,,,,
/player/chablaix/,Chablaix E.,1347.8,6,,,1353.6,6.0,,,,
/player/kiryllo/,Kiryllo F.,1347.8,3,1334.4,3.0,,,,,,
/player/sekma/,Sekma M.,1347.7,3,1347.4,3.0,,,,,,
/player/rother-6a388/,Rother J.,1347.7,2,,,1370.4,2.0,,,,
/player/meng-29e50/,Meng E.,1347.7,3,,,,,,,,
/player/cranford-66202/,Cranford G.,1347.5,3,,,,,,,,
/player/kojok/,Kojok S.,1347.5,2,1434.3,1.0,,,,,1413.3,1.0
/player/buchwald-de0db/,Buchwald J.,1347.5,5,,,1353.0,5.0,,,,
/player/hart-6726d/,Hart J.,1347.4,15,1339.5,3.0,1446.4,10.0,1422.1,1.0,,
/player/garcia-pancheri/,Garcia Pancheri A.,1347.4,3,,,1403.7,2.0,,,,
/player/merku/,Merku V.,1347.3,6,,,1346.2,6.0,,,,
/player/sanna-a42f8/,Sanna J.,1347.3,3,1434.3,1.0,1401.1,2.0,,,,
/player/ghale/,Ghale A.,1347.3,2,1414.5,1.0,,,,,,
/player/bonnet-eymard/,Bonnet Eymard V.,1347.3,5,,,1310.5,4.0,,,,
/player/sharma-85bd9/,Sharma A.,1347.1,5,,,,,,,,
/player/torres-milian/,Torres Milian R.,1347.0,2,1343.8,2.0,,,,,,
/player/zili/,Zili M.,1346.8,3,,,,,,,,
/player/bente/,Bente L.,1346.6,3,,,1340.9,3.0,,,,
/player/konovalova/,Konovalova M.,1346.6,6,1459.8,3.0,1352.2,3.0,,,,
/player/the/,The C.,1346.6,6,,,1348.9,6.0,,,,
/player/gashi/,Gashi D.,1346.5,4,,,,,,,,
/player/lee-07065/,Lee D.,1346.5,16,1372.9,13.0,,,,,1440.2,3.0
/player/arant/,Arant A.,1346.4,3,,,,,,,,
/player/seo-0bbb8/,Seo J.,1346.4,8,1349.1,8.0,,,,,,
/player/magallanes/,Magallanes A.,1346.4,3,,,,,,,,
/player/garcia-beitia/,Garcia Beitia E.,1346.4,5,1431.5,3.0,1372.5,2.0,,,,
/player/sohns/,Sohns M.,1346.3,5,1388.4,4.0,1422.1,1.0,,,,
/player/neumeister/,Neumeister F.,1346.3,4,,,,,,,,
/player/saadia/,Saadia K.,1346.2,3,1434.3,1.0,1392.9,2.0,,,,
/player/klyachkin/,Klyachkin N.,1346.1,5,,,1422.1,1.0,,,,
/player/prasievi/,Prasievi D.,1346.1,9,1434.3,1.0,1402.8,8.0,,,,
/player/gammariello/,Gammariello A.,1346.0,9,1393.6,2.0,1477.6,5.0,1434.3,1.0,,
/player/stamatopoulos/,Stamatopoulos I.,1346.0,16,1369.9,7.0,1430.8,8.0,,,,
/player/matsui/,Matsui T.,1345.9,4,1449.7,1.0,1365.3,3.0,,,,
/player/bush-6e226/,Bush T.,1345.9,7,1366.6,6.0,,,1422.1,1.0,,
/player/gabelic/,Gabelic J.,1345.9,3,1379.4,2.0,1404.1,1.0,,,,
/player/stultschnig/,Stultschnig L.,1345.8,2,,,1354.6,2.0,,,,
/player/peyre-74d43/,Peyre M.,1345.8,7,1350.0,7.0,,,,,,
/player/grintescu-44e71/,Grintescu V.,1345.8,3,1434.3,1.0,1375.2,2.0,,,,
/player/samba/,Samba S.,1345.8,6,1431.7,1.0,,,,,,
/player/troebinger/,Troebinger E.,1345.7,13,1445.8,5.0,1383.5,7.0,,,,
/player/dunac/,Dunac E.,1345.7,3,,,,,,,,
/player/jiang-c5d26/,Jiang G.,1345.7,3,,,1345.7,3.0,,,,
/player/pandzou-ekoume/,Pandzou Ekoume C.,1345.7,3,,,,,,,,
/player/jukic-d9015/,Jukic C.,1345.7,3,,,1345.7,3.0,,,,
/player/levivier/,Levivier C.,1345.7,3,,,,,,,,
/player/zeng-4efc8/,Zeng Z.,1345.7,8,1390.7,7.0,,,,,1434.3,1.0
/player/martin-23226/,Martin D.,1345.7,16,1329.9,7.0,1436.5,8.0,1434.3,1.0,,
/player/kang-b69d9/,Kang N.,1345.6,17,1370.9,14.0,,,,,1455.2,3.0
/player/cheung-6b38c/,Cheung K.,1345.6,10,1297.2,6.0,,,,,1508.8,4.0
/player/alvarez-mosteiro/,Alvarez Mosteiro J.,1345.5,3,1393.0,2.0,1426.7,1.0,,,,
/player/karpaliuk/,Karpaliuk T.,1345.5,2,,,1400.3,1.0,1434.3,1.0,,
/player/malavazos/,Malavazos A.,1345.5,3,1376.5,2.0,1422.1,1.0,,,,
/player/zabrdac/,Zabrdac N.,1345.4,8,,,,,,,,
/player/panova-f6b50/,Panova E.,1345.4,3,1326.7,3.0,,,,,,
/player/bandurowska-8b8ab/,Bandurowska X.,1345.4,21,,,1373.1,3.0,,,,
/player/lavizzari/,Lavizzari M.,1345.4,3,,,1342.8,3.0,,,,
/player/sogomonyan/,Sogomonyan A.,1345.3,4,1355.2,4.0,,,,,,
/player/murphy-ace1a/,Murphy M.,1345.2,6,1406.9,4.0,1368.8,2.0,,,,
/player/tesankic/,Tesankic N.,1345.1,5,,,1414.3,1.0,,,,
/player/bellier/,Bellier A.,1345.1,3,,,1337.9,3.0,,,,
/player/parichkov/,Parichkov N.,1345.1,5,,,1500.3,2.0,1375.4,2.0,,
/player/mccarthy-d7d9d/,McCarthy C.,1345.1,9,1394.9,5.0,1389.7,4.0,,,,
/player/tassone/,Tassone C.,1345.0,3,,,1345.0,3.0,,,,
/player/liang-cd98b/,Liang L.,1345.0,15,1499.2,4.0,1348.9,5.0,1506.8,2.0,,
/player/saada/,Saada A.,1345.0,5,1408.4,1.0,1409.4,4.0,,,,
/player/braga-cdf23/,Braga B.,1345.0,26,1454.1,13.0,1287.9,11.0,,,,
/player/shifer/,Shifer P.,1344.9,8,1456.8,3.0,1358.1,5.0,,,,
/player/rodrigues-3596e/,Rodrigues J.,1344.8,4,,,1338.0,3.0,,,,
/player/pana-190e6/,Pana M.,1344.8,3,,,1340.7,3.0,,,,
/player/hudjec/,Hudjec A.,1344.8,3,,,1365.2,3.0,,,,
/player/clarke-85ef3/,Clarke T.,1344.7,3,,,1434.3,1.0,,,,
/player/martin-roca/,Martin Roca M.,1344.6,15,1389.1,4.0,1320.7,8.0,1384.7,2.0,,
/player/roe-flannelly/,Roe Flannelly J.,1344.6,11,1500.7,2.0,1321.1,9.0,,,,
/player/srbljak-ec305/,Srbljak I.,1344.6,3,1434.3,1.0,1377.8,2.0,,,,
/player/nazar/,Nazar V.,1344.6,2,1391.9,1.0,1442.1,1.0,,,,
/player/gustin/,Gustin L.,1344.6,11,1482.6,2.0,1383.7,7.0,1434.3,1.0,,
/player/isern-lorca/,Isern Lorca M.,1344.5,2,1415.1,1.0,1434.3,1.0,,,,
/player/jaisinghani/,Jaisinghani R.,1344.5,27,1466.5,1.0,1425.0,9.0,,,,
/player/mangunsong/,Mangunsong R.,1344.4,2,,,1346.2,2.0,,,,
/player/zhao-af061/,Zhao C.,1344.4,17,1445.0,11.0,1355.3,3.0,1348.2,3.0,,
/player/theodorakopoulos/,Theodorakopoulos Z.,1344.3,4,1333.2,4.0,,,,,,
/player/lozano-ortega/,Lozano Ortega P.,1344.0,5,,,1280.4,4.0,,,,
/player/fojcik/,Fojcik L.,1344.0,18,,,1435.7,14.0,,,1434.3,1.0
/player/othman/,Othman F.,1344.0,2,,,1362.7,2.0,,,,
/player/haider-maurer/,Haider-Maurer M.,1343.9,5,,,1343.1,5.0,,,,
/player/garcia-de-alba-de-anda/,Garcia De Alba De Anda J.,1343.7,3,,,1325.9,3.0,,,,
/player/pycroft/,Pycroft C.,1343.7,9,1378.2,2.0,1283.0,4.0,1553.4,1.0,,
/player/martos-gornes/,Martos Gornes S.,1343.7,2,,,1341.6,2.0,,,,
/player/mathlouthi-5e18d/,Mathlouthi E.,1343.6,7,1355.0,7.0,,,,,,
/player/hosni-4bf45/,Hosni J.,1343.6,2,1346.7,2.0,,,,,,
/player/manning-7b479/,Manning A.,1343.5,16,,,,,,,,
/player/maeda-e5636/,Maeda R.,1343.5,6,,,,,,,,
/player/hediger/,Hediger I.,1343.4,22,1512.3,4.0,1442.8,7.0,1434.3,1.0,,
/player/shri-sailesh/,Shri Sailesh S.,1343.3,6,1449.2,1.0,1373.5,4.0,,,,
/player/theophile/,Theophile M.,1343.2,5,,,1376.2,4.0,,,,
/player/hobgarski/,Hobgarski K.,1343.2,3,,,1338.5,3.0,,,,
/player/popirlan/,Popirlan L.,1343.2,10,1434.3,1.0,1402.8,9.0,,,,
/player/kudesia/,Kudesia P.,1343.2,3,1345.4,3.0,,,,,,
/player/nshimiyimana-cff01/,Nshimiyimana E.,1343.1,2,,,1353.0,2.0,,,,
/player/bain-e8500/,Bain A.,1343.1,6,,,,,,,,
/player/toshpulatov/,Toshpulatov S.,1343.0,10,1446.6,1.0,1471.1,5.0,1404.0,2.0,,
/player/petrillo/,Petrillo G.,1343.0,13,1483.9,2.0,1335.8,11.0,,,,
/player/nad/,Nad P.,1342.7,3,1446.1,1.0,1444.4,1.0,,,,
/player/pontes-fb086/,Pontes L.,1342.7,2,,,1355.0,2.0,,,,
/player/ramskogler/,Ramskogler G.,1342.6,4,,,1332.0,4.0,,,,
/player/prasutnawin/,Prasutnawin A.,1342.6,5,1357.9,5.0,,,,,,
/player/muscheites/,Muscheites L.,1342.6,8,,,1341.5,8.0,,,,
/player/neculaes/,Neculaes M.,1342.6,2,,,1345.3,2.0,,,,
/player/moretti-35f43/,Moretti F.,1342.5,5,1412.1,1.0,1387.0,2.0,,,,
/player/dikkenberg/,Dikkenberg E.,1342.5,10,1361.5,4.0,1348.7,3.0,,,,
/player/habdija-sumak/,Habdija Sumak L.,1342.5,3,,,1341.8,3.0,,,,
/player/segovia-valdes/,Segovia Valdes J.,1342.4,2,,,1343.5,2.0,,,,
/player/davletshina/,Davletshina D.,1342.3,2,,,1331.8,2.0,,,,
/player/palazon/,Palazon A.,1342.3,8,1370.8,5.0,1409.5,3.0,,,,
/player/mahecha/,Mahecha C.,1342.2,3,,,1343.8,3.0,,,,
/player/ortiz-gamonal/,Ortiz Gamonal D.,1342.2,6,1455.4,1.0,1400.1,4.0,,,,
/player/steiner-85145/,Steiner M.,1342.1,6,,,1341.5,6.0,,,,
/player/nittarahalli-manjunath/,Nittarahalli Manjunath R.,1342.1,3,1349.0,3.0,,,,,,
/player/wen-9c1c1/,Wen E.,1341.9,3,,,,,,,,
/player/cervac/,Cervac V.,1341.8,3,,,1341.8,3.0,,,,
/player/meggiorin/,Meggiorin E.,1341.7,2,,,1331.7,2.0,,,,
/player/ikeda-aab4d/,Ikeda Y.,1341.6,15,1342.9,3.0,1422.6,11.0,,,,
/player/lorenzetti/,Lorenzetti J.,1341.6,5,,,,,,,,
/player/soares-600b1/,Soares M.,1341.5,8,1350.7,3.0,1457.9,5.0,,,,
/player/roeder/,Roeder P.,1341.5,9,1434.3,1.0,1366.1,8.0,,,,
/player/li-9e9ca/,Li Y.,1341.3,29,1448.6,11.0,1345.8,13.0,1565.7,1.0,,
/player/savic-a2d23/,Savic M.,1341.2,10,1359.6,3.0,1439.7,3.0,1446.5,3.0,,
/player/hristov-4c2f6/,Hristov B.,1341.2,3,1332.7,3.0,,,,,,
/player/khlyvniuk/,Khlyvniuk M.,1341.2,8,1469.8,5.0,1328.6,3.0,,,,
/player/konjuh-6531d/,Konjuh A.,1341.1,6,1434.3,1.0,1370.7,5.0,,,,
/player/meryumoglu/,Meryumoglu A.,1341.0,3,1377.3,2.0,1434.3,1.0,,,,
/player/flory-00d56/,Flory T.,1341.0,2,1434.3,1.0,1416.4,1.0,,,,
/player/shitikova-3a2d5/,Shitikova K.,1340.8,5,,,1333.1,5.0,,,,
/player/bista/,Bista A.,1340.7,16,1366.5,12.0,1386.6,3.0,1434.3,1.0,,
/player/karakaya/,Karakaya M.,1340.7,3,1434.3,1.0,1377.9,2.0,,,,
/player/dixon-6e814/,Dixon J.,1340.7,2,,,1360.8,2.0,,,,
/player/singh-f0eb4/,Singh N.,1340.7,3,1339.3,3.0,,,,,,
/player/sanchez-martin/,Sanchez Martin P.,1340.7,3,,,1374.4,2.0,,,,
/player/wu-50d40/,Wu K.,1340.7,11,1392.7,2.0,1374.7,8.0,,,,
/player/sekerkova/,Sekerkova V.,1340.6,5,,,1346.8,5.0,,,,
/player/ikondo-moke/,Ikondo Moke A.,1340.5,3,,,,,,,,
/player/faludi/,Faludi V.,1340.5,5,,,1340.7,5.0,,,,
/player/ilieva-07ec6/,Ilieva I.,1340.4,2,,,1334.3,2.0,,,,
/player/deem/,Deem A.,1340.4,20,,,1431.2,1.0,,,,
/player/mccray-30087/,McCray M.,1340.4,3,,,,,,,,
/player/gahnstrom/,Gahnstrom E.,1340.4,13,1383.8,2.0,1336.4,10.0,,,,
/player/nimubona/,Nimubona B.,1340.3,2,,,1351.6,2.0,,,,
/player/el-ouazzani-57c9b/,El Ouazzani N.,1340.2,3,,,1345.7,3.0,,,,
/player/hertel-fc026/,Hertel A.,1340.2,24,1534.8,2.0,1320.2,22.0,,,,
/player/nordlander-johnsen/,Nordlander Johnsen F.,1340.0,3,1384.7,2.0,1434.3,1.0,,,,
/player/safonov/,Safonov A.,1339.9,12,1457.2,3.0,1453.9,7.0,1385.5,2.0,,
/player/dushkov/,Dushkov M.,1339.9,2,,,1427.5,1.0,,,,
/player/lenaerts-a3b86/,Lenaerts J.,1339.9,3,,,1345.5,3.0,,,,
/player/nisbet/,Nisbet A.,1339.9,9,,,,,,,,
/player/becerra-otarola/,Becerra Otarola I.,1339.8,3,1429.8,1.0,1373.4,2.0,,,,
/player/barbir/,Barbir N.,1339.7,7,1433.1,1.0,1360.8,6.0,,,,
/player/udina/,Udina V.,1339.7,3,1337.8,3.0,,,,,,
/player/ingale/,Ingale P.,1339.6,12,1350.1,10.0,1395.9,2.0,,,,
/player/martinez-0488a/,Martinez S.,1339.6,3,,,,,,,,
/player/singh-39741/,Singh S.,1339.5,4,1378.8,3.0,1435.2,1.0,,,,
/player/dragoni-c8131/,Dragoni A.,1339.4,6,1434.3,1.0,1409.7,4.0,1434.3,1.0,,
/player/bartakovics/,Bartakovics M.,1339.1,6,1435.6,1.0,,,,,,
/player/ankudinova/,Ankudinova M.,1339.0,16,1362.4,13.0,1434.6,3.0,,,,
/player/rosa-1679d/,Rosa B.,1339.0,3,,,,,,,,
/player/tettamble/,Tettamble G.,1338.9,3,1429.3,1.0,1434.3,1.0,,,,
/player/suarez-52732/,Suarez N.,1338.9,4,,,,,,,,
/player/holban-6076d/,Holban V.,1338.9,9,1460.8,3.0,1485.1,2.0,,,,
/player/wan-8f270/,Wan J.,1338.7,5,1338.3,5.0,,,,,,
/player/mineo/,Mineo F.,1338.7,5,1422.4,3.0,1376.3,2.0,,,,
/player/hammond-8a3cf/,Hammond L.,1338.7,19,1355.6,5.0,1458.3,5.0,1384.7,2.0,,
/player/jestin/,Jestin C.,1338.5,4,1434.3,1.0,1383.5,2.0,1434.3,1.0,,
/player/vanella/,Vanella L.,1338.4,2,,,1424.3,1.0,,,,
/player/fedeli/,Fedeli F.,1338.4,4,,,1414.7,2.0,,,1379.7,2.0
/player/stojanovic-fb96e/,Stojanovic S.,1338.2,3,,,1337.0,3.0,,,,
/player/zavaczki-ef35f/,Zavaczki M.,1338.2,5,1434.3,1.0,1412.5,3.0,1434.3,1.0,,
/player/zafar-d291e/,Zafar A.,1338.0,3,1434.3,1.0,1378.4,2.0,,,,
/player/lucarelli-a3c47/,Lucarelli A.,1337.9,37,1474.4,5.0,1466.0,19.0,1549.3,3.0,,
/player/ray-9d5b9/,Ray S.,1337.9,2,1414.3,1.0,1405.4,1.0,,,,
/player/ticu/,Ticu N.,1337.9,4,1373.5,2.0,1446.6,1.0,,,,
/player/mostallino/,Mostallino F.,1337.8,3,,,1337.8,3.0,,,,
/player/tomai-00b67/,Tomai C.,1337.8,6,1325.7,6.0,,,,,,
/player/rogowski/,Rogowski R.,1337.8,2,1367.8,2.0,,,,,,
/player/pavlenko/,Pavlenko P.,1337.7,5,,,1334.2,5.0,,,,
/player/goyal/,Goyal M.,1337.6,9,1435.6,1.0,1417.6,6.0,1434.3,1.0,,
/player/janssen-7e743/,Janssen C.,1337.6,26,1417.4,16.0,1381.6,4.0,,,,
/player/dal-zilio/,Dal Zilio B.,1337.6,22,1437.3,5.0,1349.3,14.0,1434.3,1.0,,
/player/moneva/,Moneva Y.,1337.5,16,1367.8,6.0,1403.1,9.0,1434.3,1.0,,
/player/ibarrola/,Ibarrola L.,1337.5,5,1424.8,3.0,1377.9,2.0,,,,
/player/sorokina-860b2/,Sorokina S.,1337.4,3,1337.3,3.0,,,,,,
/player/paszkiewicz/,Paszkiewicz A.,1337.3,3,,,,,,,,
/player/pulchartova/,Pulchartova L.,1337.2,24,1458.6,1.0,1335.4,23.0,,,,
/player/tamagnone/,Tamagnone F.,1337.1,3,,,,,,,,
/player/setkic/,Setkic A.,1336.9,5,,,1312.8,5.0,,,,
/player/kim-fb390/,Kim C.,1336.9,6,1432.0,1.0,,,,,,
/player/rabasco-segura/,Rabasco Segura L.,1336.9,9,1366.4,6.0,1457.1,3.0,,,,
/player/vigara-ramos/,Vigara Ramos I.,1336.7,6,1434.3,1.0,1376.0,5.0,,,,
/player/anand-c001c/,Anand K.,1336.5,5,,,1424.1,3.0,1373.3,2.0,,
/player/jovic-592e8/,Jovic M.,1336.4,9,1383.9,2.0,1437.8,5.0,,,,
/player/sas/,Sas I.,1336.4,3,1434.3,1.0,1394.6,2.0,,,,
/player/pitchford/,Pitchford B.,1336.3,8,,,,,,,,
/player/ifejika/,Ifejika T.,1336.2,2,,,1367.1,2.0,,,,
/player/shan-34ff1/,Shan Y.,1336.0,21,1342.0,17.0,1382.5,4.0,,,,
/player/degroot-595fa/,Degroot J.,1335.9,3,,,1335.9,3.0,,,,
/player/san-jose-cb357/,San Jose L.,1335.9,6,1393.0,4.0,1383.5,2.0,,,,
/player/matuella/,Matuella F.,1335.8,3,,,1329.4,3.0,,,,
/player/smolinska/,Smolinska D.,1335.8,3,,,,,,,,
/player/golubovic-18b02/,Golubovic L.,1335.8,8,,,1332.9,8.0,,,,
/player/van-aken/,Van Aken N.,1335.6,15,1450.0,5.0,1314.3,10.0,,,,
/player/solovei-16832/,Solovei M.,1335.5,15,1278.7,10.0,,,,,,
/player/korade/,Korade P.,1335.5,3,1434.3,1.0,1363.8,2.0,,,,
/player/watenphul/,Watenphul N.,1335.5,3,1434.3,1.0,1373.9,2.0,,,,
/player/dubey-93a7d/,Dubey A.,1335.3,2,1404.4,1.0,1410.9,1.0,,,,
/player/ollich/,Ollich L.,1335.3,3,1402.3,2.0,1424.3,1.0,,,,
/player/blanchar-1e852/,Blanchar A.,1335.2,19,1379.5,5.0,1452.8,5.0,1550.6,3.0,,
/player/wannawitchate/,Wannawitchate W.,1335.2,3,1422.9,1.0,1414.3,2.0,,,,
/player/dinescu-fb7a4/,Dinescu D.,1335.2,2,,,1334.2,2.0,,,,
/player/husarova-a4b24/,Husarova S.,1335.2,4,,,1330.7,4.0,,,,
/player/gonzales/,Gonzales C.,1335.2,4,,,,,,,,
/player/lederer/,Lederer E.,1335.2,7,,,1335.0,7.0,,,,
/player/navarro-d028b/,Navarro J.,1335.0,6,1434.3,1.0,1358.2,5.0,,,,
/player/shandarov/,Shandarov V.,1334.9,3,,,1397.0,2.0,,,,
/player/montiel/,Montiel P.,1334.8,4,1322.1,4.0,,,,,,
/player/berdychowska/,Berdychowska N.,1334.8,3,1434.3,1.0,1373.3,2.0,,,,
/player/rodrigues-farias/,Rodrigues Farias L.,1334.7,3,1367.2,2.0,1422.1,1.0,,,,
/player/lewandowski-d5ec5/,Lewandowski D.,1334.6,11,,,1474.7,6.0,,,,
/player/reshetniak/,Reshetniak M.,1334.5,3,1428.6,1.0,1367.3,2.0,,,,
/player/raseta/,Raseta N.,1334.5,10,1477.9,3.0,1330.3,4.0,,,,
/player/pawelek-piscopo/,Pawelek Piscopo I.,1334.5,2,,,1422.1,1.0,,,1434.3,1.0
/player/gribyakin/,Gribyakin N.,1334.4,3,,,1378.0,2.0,,,,
/player/al-shammari-3d74a/,Al-Shammari M.,1334.4,3,,,,,,,,
/player/schtulmann-gasca/,Schtulmann Gasca M.,1334.3,6,1505.3,2.0,1353.5,3.0,,,,
/player/bueno-2fe0e/,Bueno B.,1334.2,11,1328.6,3.0,1379.4,7.0,,,,
/player/trnkovski/,Trnkovski K.,1334.2,4,,,1332.1,4.0,,,,
/player/machavarapu/,Machavarapu R.,1334.1,3,1374.5,2.0,,,,,,
/player/santo-0a673/,Santo L.,1334.0,7,1446.6,1.0,1346.2,6.0,,,,
/player/capel-8320a/,Capel N.,1334.0,3,,,1403.6,1.0,1385.5,2.0,,
/player/maria-c6435/,Maria M.,1333.9,3,,,,,,,,
/player/milushev-83a7f/,Milushev A.,1333.9,7,1422.1,1.0,1478.1,3.0,,,,
/player/mcdowell-45d81/,McDowell M.,1333.9,3,1417.1,1.0,1392.4,2.0,,,,
/player/dossetter/,Dossetter C.,1333.8,15,1445.8,5.0,1382.4,8.0,1434.3,1.0,,
/player/aghayan/,Aghayan S.,1333.8,9,1392.5,2.0,1342.3,5.0,,,,
/player/vyas-83754/,Vyas A.,1333.7,7,,,,,,,,
/player/popa-b30a6/,Popa A.,1333.7,9,,,1338.7,9.0,,,,
/player/persson-fe416/,Persson M.,1333.6,5,,,1356.8,5.0,,,,
/player/alekseeva-7f2ec/,Alekseeva D.,1333.3,2,,,1340.2,2.0,,,,
/player/williamson-ebb06/,Williamson A.,1333.3,5,1343.9,5.0,,,,,,
/player/seye-1b7d8/,Seye L.,1333.3,10,1535.5,5.0,1466.1,1.0,,,,
/player/sommer-e8bf2/,Sommer C.,1333.2,3,,,,,,,,
/player/verthaimer/,Verthaimer I.,1333.2,6,,,1389.8,5.0,,,,
/player/zaparyniuk/,Zaparyniuk A.,1333.1,11,,,1332.0,11.0,,,,
/player/steinbach-17226/,Steinbach A.,1333.0,5,,,1328.5,5.0,,,,
/player/sanchez-romero/,Sanchez Romero R.,1332.9,2,1419.9,1.0,1406.5,1.0,,,,
/player/gayk/,Gayk C.,1332.9,12,1447.4,7.0,1344.6,5.0,,,,
/player/potter-3a780/,Potter W.,1332.9,8,,,,,,,,
/player/azzari-cabas/,Azzari Cabas J.,1332.8,3,,,1341.8,3.0,,,,
/player/tiutrina/,Tiutrina E.,1332.7,6,1373.4,5.0,,,1434.3,1.0,,
/player/mandavkar/,Mandavkar H.,1332.7,10,1341.2,10.0,,,,,,
/player/owen-2a3e5/,Owen H.,1332.5,2,,,,,,,,
/player/wobmann/,Wobmann K.,1332.5,3,,,1332.4,3.0,,,,
/player/krattiger-0776f/,Krattiger J.,1332.5,7,,,1326.2,7.0,,,,
/player/ng-7856e/,Ng K.,1332.4,6,1370.4,2.0,,,,,1361.8,3.0
/player/yale/,Yale C.,1332.3,5,1491.2,2.0,1319.9,3.0,,,,
/player/ilic-2aa22/,Ilic N.,1332.3,13,,,1336.0,13.0,,,,
/player/filoramo/,Filoramo G.,1332.3,3,1440.7,1.0,1434.3,1.0,1434.3,1.0,,
/player/vrbensky/,Vrbensky M.,1332.2,13,,,1320.9,13.0,,,,
/player/bravo-76443/,Bravo A.,1332.1,4,,,1382.5,2.0,1434.3,1.0,,
/player/rajshekar-raman/,Rajshekar Raman R.,1332.1,8,1403.9,4.0,1359.8,4.0,,,,
/player/careaga/,Careaga J.,1332.1,3,,,1434.3,1.0,1385.5,2.0,,
/player/fedosenkova-21e3c/,Fedosenkova K.,1332.0,4,,,1328.0,4.0,,,,
/player/jiang-25858/,Jiang Z.,1331.9,11,1382.1,2.0,1485.7,6.0,1434.3,1.0,,
/player/rawlani/,Rawlani R.,1331.9,3,,,1326.2,3.0,,,,
/player/stoica-13e6b/,Stoica I.,1331.8,15,1311.3,3.0,1439.2,11.0,,,,
/player/nie-27a1c/,Nie X.,1331.7,20,1338.5,15.0,1434.3,1.0,,,1412.2,4.0
/player/mansfield-39fdf/,Mansfield N.,1331.7,11,1467.3,1.0,1368.3,2.0,,,,
/player/mann-dfa18/,Mann A.,1331.5,3,,,1331.8,3.0,,,,
/player/borovinskaya/,Borovinskaya A.,1331.4,6,,,1337.0,6.0,,,,
/player/thongkum/,Thongkum P.,1331.2,3,1334.6,3.0,,,,,,
/player/ponomarev-576e9/,Ponomarev I.,1331.2,5,1438.1,1.0,1346.9,4.0,,,,
/player/meneguetti/,Meneguetti S.,1331.1,7,,,1247.1,6.0,,,,
/player/kranig/,Kranig S.,1331.1,3,1434.3,1.0,1375.5,2.0,,,,
/player/de-la-cierva-sanchez/,De La Cierva Sanchez P.,1330.9,14,1380.9,4.0,1339.1,8.0,1434.3,1.0,,
/player/quintero-zaugg-7eced/,Quintero Zaugg A.,1330.9,3,1434.6,1.0,1378.9,2.0,,,,
/player/jelliti/,Jelliti R.,1330.8,3,1341.3,3.0,,,,,,
/player/oderkerk/,Oderkerk A.,1330.7,2,,,1333.6,2.0,,,,
/player/konstantinov-05598/,Konstantinov A.,1330.7,16,1458.2,5.0,1363.4,10.0,,,,
/player/coudret/,Coudret J.,1330.6,3,1422.1,1.0,1437.5,1.0,,,,
/player/sukkho/,Sukkho P.,1330.6,2,1440.0,1.0,1405.2,1.0,,,,
/player/henderson-78339/,Henderson C.,1330.5,3,,,,,,,,
/player/adachi-8ee87/,Adachi T.,1330.5,3,1421.5,1.0,1385.1,2.0,,,,
/player/chodura/,Chodura S.,1330.5,7,,,1444.5,1.0,,,,
/player/estephan/,Estephan J.,1330.4,21,1311.4,13.0,1559.4,7.0,,,,
/player/frasconi-8a000/,Frasconi D.,1330.4,3,1434.3,1.0,1388.6,2.0,,,,
/player/alex/,Alex E.,1330.3,3,,,1434.3,1.0,,,,
/player/fischer-05b1e/,Fischer F.,1330.3,8,1434.3,1.0,1348.3,7.0,,,,
/player/hata-d954a/,Hata S.,1330.3,5,1328.8,5.0,,,,,,
/player/de-keulenaer/,De Keulenaer H.,1330.2,15,1374.9,2.0,1295.0,9.0,,,,
/player/colalancia/,Colalancia D.,1330.2,10,1331.0,10.0,,,,,,
/player/chaiyarin/,Chaiyarin C.,1330.1,3,1422.1,1.0,1376.3,2.0,,,,
/player/kovacicova/,Kovacicova S.,1330.1,6,,,,,,,,
/player/fernandez-flores/,Fernandez Flores D.,1330.1,18,,,1264.3,13.0,,,,
/player/di-tommaso/,Di Tommaso C.,1330.0,14,1336.7,14.0,,,,,,
/player/williamson-e6336/,Williamson T.,1329.9,3,1416.9,1.0,1388.3,2.0,,,,
/player/dumitru-c038a/,Dumitru M.,1329.9,3,1330.0,3.0,,,,,,
/player/da-silva-03a88/,Da Silva D.,1329.9,2,,,1348.7,2.0,,,,
/player/popovski-4e4d9/,Popovski M.,1329.8,6,,,,,,,,
/player/boussaffir/,Boussaffir S.,1329.8,8,1384.9,6.0,1381.4,2.0,,,,
/player/craig-bf6fc/,Craig C.,1329.7,12,,,,,,,,
/player/fernandez-a46f7/,Fernandez M.,1329.7,5,,,,,,,,
/player/bakhshaliev/,Bakhshaliev I.,1329.7,8,1459.9,1.0,1323.6,5.0,1565.7,1.0,,
/player/guo-75ca2/,Guo H.,1329.5,3,1434.3,1.0,1385.7,2.0,,,,
/player/drukerova-d71af/,Drukerova A.,1329.5,8,,,1458.7,4.0,,,,
/player/ostovany/,Ostovany L.,1329.4,11,,,,,,,,
/player/werblinski/,Werblinski J.,1329.4,8,1373.3,2.0,1394.9,6.0,,,,
/player/kohler-9decd/,Kohler M.,1329.2,7,,,1381.4,2.0,,,,
/player/vuglar/,Vuglar L.,1329.1,10,,,,,1565.7,1.0,,
/player/ramiaramanana/,Ramiaramanana L.,1329.0,4,1381.3,2.0,1383.2,2.0,,,,
/player/inagawa-5843c/,Inagawa R.,1328.9,3,,,,,,,,
/player/malacarne/,Malacarne B.,1328.7,5,1428.7,1.0,1491.5,2.0,,,,
/player/dubey-6f5e1/,Dubey R.,1328.7,3,,,1330.1,3.0,,,,
/player/obermair/,Obermair F.,1328.6,13,,,1437.4,7.0,,,,
/player/okur-a5343/,Okur E.,1328.6,3,,,1326.7,3.0,,,,
/player/kumar-073dc/,Kumar M.,1328.4,15,1353.6,4.0,1349.8,10.0,,,,
/player/balestrieri/,Balestrieri A.,1328.4,4,1434.3,1.0,1349.8,3.0,,,,
/player/hongjumradsin/,Hongjumradsin P.,1328.4,4,1361.6,3.0,,,,,1434.3,1.0
/player/duan-db8e9/,Duan H.,1328.4,15,1327.0,6.0,1412.2,8.0,1422.1,1.0,,
/player/rodrigues-acdb3/,Rodrigues J.,1328.3,3,,,1434.3,1.0,1385.5,2.0,,
/player/vijay-shankar/,Vijay Shankar M.,1328.2,5,1411.8,2.0,1350.8,3.0,,,,
/player/khodeir/,Khodeir K.,1328.1,3,1434.3,1.0,1382.9,2.0,,,,
/player/freda/,Freda V.,1327.9,7,,,1374.5,2.0,1434.3,1.0,,
/player/benian/,Benian O.,1327.9,3,,,1433.1,1.0,1434.3,1.0,,
/player/jinshu/,Jinshu Z.,1327.9,7,1384.7,2.0,1399.5,5.0,,,,
/player/lapsansky-af461/,Lapšanský A.,1327.9,6,1422.1,1.0,1391.3,2.0,,,,
/player/vorwerk-5ff09/,Vorwerk G.,1327.8,3,1440.9,1.0,1356.6,2.0,,,,
/player/keller-f7d90/,Keller L.,1327.8,18,1457.0,9.0,1307.8,9.0,,,,
/player/meira-anastasia/,Meira Anastasia N.,1327.7,3,,,1383.5,2.0,,,,
/player/musabegovic-f04d8/,Musabegovic K.,1327.7,2,,,1349.3,2.0,,,,
/player/tocha/,Tocha T.,1327.7,6,1443.4,3.0,1428.7,1.0,,,,
/player/milenkovic-f7d4b/,Milenkovic S.,1327.6,7,,,1329.8,7.0,,,,
/player/neacsu-eec21/,Neacsu A.,1327.3,3,,,1323.9,3.0,,,,
/player/bussano/,Bussano A.,1327.3,3,1373.3,2.0,1434.3,1.0,,,,
/player/roddik/,Roddik A.,1327.2,3,1333.5,3.0,,,,,,
/player/howard-58227/,Howard D.,1327.1,9,1332.1,9.0,,,,,,
/player/obernauer/,Obernauer A.,1327.0,3,,,1327.0,3.0,,,,
/player/vuppala-kumar/,Vuppala Kumar S.,1327.0,3,1404.0,2.0,1408.8,1.0,,,,
/player/baldovinetti/,Baldovinetti G.,1327.0,4,1434.3,1.0,1382.1,3.0,,,,
/player/velits/,Velits N.,1326.9,3,1441.5,1.0,1363.7,2.0,,,,
/player/ramharter/,Ramharter L.,1326.8,11,1481.4,2.0,1344.3,9.0,,,,
/player/masafret/,Masafret P.,1326.7,5,,,,,,,,
/player/harsh/,Harsh R.,1326.7,24,1519.9,5.0,1345.3,15.0,1565.7,1.0,,
/player/zou-20f2b/,Zou M.,1326.7,13,,,1347.9,12.0,,,,
/player/markus-e2563/,Markus C.,1326.7,13,1445.9,4.0,1299.0,9.0,,,,
/player/ye-25bf6/,Ye X.,1326.6,33,1346.5,6.0,1410.9,22.0,1434.3,1.0,,
/player/giorgadze/,Giorgadze G.,1326.6,4,,,,,,,,
/player/constantin-4dcf0/,Constantin N.,1326.5,9,,,1336.5,9.0,,,,
/player/vuap/,Vuap N.,1326.4,3,1328.3,3.0,,,,,,
/player/dibbs/,Dibbs K.,1326.4,3,,,,,,,,
/player/alexander-43547/,Alexander B.,1326.4,3,1433.1,1.0,1397.7,2.0,,,,
/player/agra-amorim/,Agra Amorim G.,1326.3,4,1383.5,2.0,1435.5,1.0,,,,
/player/kurz-4e123/,Kurz V.,1326.3,15,1405.1,11.0,1307.6,4.0,,,,
/player/wettengel/,Wettengel C.,1326.2,3,,,1385.5,2.0,,,,
/player/pardo-cano/,Pardo Cano A.,1326.1,6,1434.3,1.0,1366.0,2.0,1565.7,1.0,,
/player/stepankova/,Stepankova T.,1326.1,9,,,1325.8,9.0,,,,
/player/odobasic/,Odobasic D.,1326.0,3,1417.5,1.0,1396.9,2.0,,,,
/player/engel-6e09f/,Engel J.,1326.0,7,,,1328.3,7.0,,,,
/player/barry-d5ab4/,Barry S.,1326.0,3,,,1326.0,3.0,,,,
/player/zanini/,Zanini A.,1325.9,15,1497.3,4.0,1345.0,10.0,1434.3,1.0,,
/player/shamenkova/,Shamenkova N.,1325.8,10,,,1352.2,8.0,,,,
/player/okabe-6c73c/,Okabe S.,1325.7,8,1397.1,2.0,1359.7,6.0,,,,
/player/garcia-gomez/,Garcia Gomez H.,1325.7,24,1385.4,2.0,1525.8,6.0,,,,
/player/ezerzer/,Ezerzer O.,1325.6,5,,,,,1434.3,1.0,,
/player/fuerschuss/,Fuerschuss T.,1325.6,3,,,1326.0,3.0,,,,
/player/mehta-7003a/,Mehta K.,1325.5,3,,,,,,,,
/player/benedetti-ravon/,Benedetti Ravon C.,1325.4,4,1434.3,1.0,1351.2,3.0,,,,
/player/kelsick/,Kelsick A.,1325.4,3,,,,,,,,
/player/sharma-6c735/,Sharma M.,1325.2,5,,,1344.2,5.0,,,,
/player/gaba-9e292/,Gaba D.,1325.1,4,,,,,,,,
/player/betov-126fc/,Betov S.,1325.0,9,1299.0,4.0,1425.9,5.0,,,,
/player/ezra-20366/,Ezra I.,1325.0,11,1394.1,6.0,1363.8,5.0,,,,
/player/varughese-bbcdd/,Varughese D.,1325.0,3,,,,,,,,
/player/kamratova/,Kamratova T.,1325.0,4,1334.0,4.0,,,,,,
/player/schaefer-2f530/,Schaefer J.,1324.9,15,1537.7,3.0,1388.4,7.0,1435.2,1.0,,
/player/pacheco-lagoda/,Pacheco-Lagoda G.,1324.8,3,1360.0,2.0,1434.3,1.0,,,,
/player/bouneb/,Bouneb Z.,1324.8,3,1323.2,3.0,,,,,,
/player/cernat/,Cernat N.,1324.7,3,,,1375.9,2.0,1434.3,1.0,,
/player/hubricht/,Hubricht M.,1324.6,6,1453.8,4.0,1336.9,2.0,,,,
/player/peric-73fd3/,Peric M.,1324.5,4,,,1326.7,4.0,,,,
/player/shen-e6097/,Shen J.,1324.5,28,1402.5,4.0,,,1565.7,1.0,,
/player/magureanu/,Magureanu C.,1324.4,5,1402.5,1.0,1389.9,4.0,,,,
/player/muzinic/,Muzinic H.,1324.4,24,1413.3,1.0,1329.6,17.0,1493.2,2.0,,
/player/mathiasen-603c5/,Mathiasen R.,1324.1,3,,,1432.0,1.0,,,,
/player/mcmillin/,McMillin W.,1324.1,4,,,,,,,,
/player/mazev/,Mazev M.,1324.1,6,,,,,,,,
/player/fleischmann-f2340/,Fleischmann J.,1324.1,4,,,1315.9,4.0,,,,
/player/huang-8ff7b/,Huang Y.,1324.1,13,1331.4,13.0,,,,,,
/player/altansarnai/,Altansarnai J.,1324.0,3,,,,,,,,
/player/freitas/,Freitas R.,1324.0,5,,,,,,,,
/player/balthazor/,Balthazor N.,1324.0,19,,,,,,,,
/player/malango-ondo/,Malango Ondo J.,1323.8,9,1449.7,3.0,1359.0,5.0,,,,
/player/boyden-5ed00/,Boyden M.,1323.8,22,1565.7,1.0,1365.6,16.0,,,,
/player/favalessa-fiorini/,Favalessa Fiorini B.,1323.8,3,,,1324.8,3.0,,,,
/player/pichel/,Pichel L.,1323.5,3,,,,,,,,
/player/jung-ff1ca/,Jung C.,1323.4,5,1429.0,3.0,1364.6,2.0,,,,
/player/girdler/,Girdler J.,1323.4,14,1422.6,6.0,,,,,,
/player/hartenstein-c4706/,Hartenstein J.,1323.2,23,1373.8,4.0,1297.9,17.0,,,,
/player/belafalvi-balint/,Belafalvi-Balint T.,1323.2,3,,,1324.2,3.0,,,,
/player/glomb/,Glomb A.,1323.2,4,,,,,,,,
/player/dornbusch/,Dornbusch M.,1323.1,6,,,1295.7,6.0,,,,
/player/mirdzhaliev/,Mirdzhaliev M.,1323.1,18,,,,,,,,
/player/miller-bff93/,Miller G.,1323.1,16,1415.2,7.0,1421.4,6.0,1384.7,2.0,,
/player/ganja/,Ganja A.,1323.1,3,,,1309.6,3.0,,,,
/player/koppelle/,Koppelle T.,1322.9,3,1446.6,1.0,1374.0,2.0,,,,
/player/razafinarivo/,Razafinarivo M.,1322.9,9,1375.0,8.0,,,,,,
/player/arias-f7a89/,Arias B.,1322.9,7,,,1330.5,6.0,,,,
/player/maskow/,Maskow L.,1322.9,15,1434.3,1.0,1309.5,12.0,,,,
/player/hahn-4129a/,Hahn J.,1322.9,28,1409.2,18.0,1407.7,2.0,,,,
/player/brotea/,Brotea A.,1322.8,13,,,1324.2,13.0,,,,
/player/jankovic-47e6e/,Jankovic I.,1322.8,3,1373.9,2.0,1423.3,1.0,,,,
/player/salem-d54d4/,Salem M.,1322.6,3,1336.3,3.0,,,,,,
/player/vasilescu-47e1e/,Vasilescu L.,1322.6,5,,,1352.8,2.0,,,,
/player/bashir/,Bashir R.,1322.6,2,,,1328.1,2.0,,,,
/player/rodrigues-84075/,Rodrigues N.,1322.6,5,,,1307.5,5.0,,,,
/player/hollender/,Hollender N.,1322.5,8,1490.0,4.0,1311.4,4.0,,,,
/player/sakaguchi-0eb45/,Sakaguchi K.,1322.4,3,1320.0,3.0,,,,,,
/player/edwards-b1d42/,Edwards M.,1322.3,9,,,,,,,,
/player/dragovic-35181/,Dragovic M.,1322.2,10,1460.4,3.0,1372.7,3.0,1565.7,1.0,,
/player/ogescu-ed07f/,Ogescu C.,1322.2,8,,,1359.4,8.0,,,,
/player/fernandez-trabadelo-fernandez/,Fernandez-Trabadelo Fernandez L.,1322.2,5,1472.0,2.0,1345.5,3.0,,,,
/player/mihail/,Mihail D.,1322.2,10,1337.9,9.0,1444.3,1.0,,,,
/player/radojicic-1bb11/,Radojicic M.,1322.2,4,1434.3,1.0,1362.0,3.0,,,,
/player/salton/,Salton D.,1322.2,12,1337.4,4.0,1374.2,8.0,,,,
/player/cariov-48a8e/,Cariov T.,1322.0,4,1434.3,1.0,1384.7,2.0,1434.3,1.0,,
/player/antonelli-85f10/,Antonelli J.,1322.0,11,1425.4,4.0,1374.5,5.0,1434.3,1.0,,
/player/sekonopo/,Sekonopo N.,1322.0,3,1322.6,3.0,,,,,,
/player/hosseinzadeh-6b9d4/,Hosseinzadeh M.,1322.0,7,1431.4,3.0,1372.2,3.0,1434.3,1.0,,
/player/piliptsevich/,Piliptsevich A.,1321.9,9,1331.0,9.0,,,,,,
/player/green-88417/,Green E.,1321.9,2,1328.6,2.0,,,,,,
/player/melosch-4491b/,Melosch A.,1321.7,7,,,1321.1,7.0,,,,
/player/koothrat/,Koothrat R.,1321.6,20,1366.8,3.0,1404.6,14.0,,,,
/player/diossy/,Diossy S.,1321.4,6,1422.1,1.0,1368.1,5.0,,,,
/player/wang-900c3/,Wang B.,1321.3,9,1327.6,3.0,1364.7,5.0,,,,
/player/kelsall/,Kelsall L.,1321.2,4,1434.3,1.0,1411.3,2.0,,,,
/player/avdejev/,Avdejev D.,1321.2,2,1426.2,1.0,1402.6,1.0,,,,
/player/keuya/,Keuya A.,1321.2,3,1393.9,2.0,,,1434.3,1.0,,
/player/gysemans/,Gysemans L.,1321.1,2,,,1340.4,2.0,,,,
/player/zerwes-tremblay/,Zerwes Tremblay B.,1321.0,4,1373.3,2.0,1374.5,2.0,,,,
/player/iordan/,Iordan V.,1320.9,3,1434.3,1.0,1379.3,2.0,,,,
/player/chastang-cooper/,Chastang Cooper A.,1320.9,5,1349.9,4.0,1440.2,1.0,,,,
/player/santonocito-2a94c/,Santonocito L.,1320.9,4,1434.3,1.0,1403.8,2.0,,,,
/player/pawar-de7bb/,Pawar P.,1320.6,5,,,1379.7,4.0,,,,
/player/franchin/,Franchin R.,1320.5,4,,,1377.7,2.0,,,,
/player/cialkowska/,Cialkowska W.,1320.5,3,1458.9,1.0,1347.5,2.0,,,,
/player/haim-42848/,Haim M.,1320.4,4,,,1311.7,4.0,,,,
/player/ulikhina-6e9e6/,Ulikhina A.,1320.2,11,1327.6,11.0,,,,,,
/player/li-93504/,Li Z.,1320.1,3,1455.4,1.0,1384.7,2.0,,,,
/player/patel-97c11/,Patel H.,1320.1,16,1453.8,3.0,1447.0,8.0,1434.3,1.0,,
/player/wittmer/,Wittmer N.,1320.0,3,,,1309.9,3.0,,,,
/player/gonzalez-08cbf/,Gonzalez K.,1319.9,3,,,,,,,,
/player/karatsu/,Karatsu Y.,1319.8,18,1338.0,6.0,1415.7,8.0,1422.1,1.0,,
/player/waterbolk/,Waterbolk I.,1319.8,23,1505.4,2.0,1392.6,8.0,,,,
/player/franke-3824a/,Franke J.,1319.7,3,,,1351.6,3.0,,,,
/player/plana-18562/,Plana J.,1319.7,3,1422.1,1.0,1374.5,2.0,,,,
/player/janssen-c628f/,Janssen D.,1319.7,7,1355.5,7.0,,,,,,
/player/guo-96cee/,Guo X.,1319.6,13,1394.3,4.0,1390.9,8.0,,,,
/player/gharbi/,Gharbi E.,1319.6,7,1316.1,7.0,,,,,,
/player/mala/,Mala N.,1319.6,4,,,,,,,,
/player/ilowska/,Ilowska C.,1319.4,4,,,1325.2,4.0,,,,
/player/balakrishnan-e8d28/,Balakrishnan A.,1319.3,14,1246.8,8.0,1479.5,4.0,,,,
/player/wei-10952/,Wei D.,1318.9,3,1434.3,1.0,,,,,,
/player/heinonen-7b72c/,Heinonen I.,1318.9,4,,,1316.5,4.0,,,,
/player/sheehy/,Sheehy J.,1318.9,15,1343.6,9.0,1325.8,4.0,1434.3,1.0,1434.3,1.0
/player/macaulay/,Macaulay S.,1318.9,3,,,,,,,,
/player/weber-1b296/,Weber Q.,1318.8,11,1422.1,1.0,1336.6,6.0,1434.3,1.0,,
/player/frey-50001/,Frey A.,1318.7,6,1264.4,6.0,,,,,,
/player/fiadosik/,Fiadosik K.,1318.7,15,1468.1,8.0,1318.3,6.0,1434.3,1.0,,
/player/cristobal/,Cristobal M.,1318.7,6,1460.7,1.0,1356.8,4.0,,,1434.3,1.0
/player/del-olmo-diaz-bb933/,Del Olmo Diaz R.,1318.7,3,1411.2,1.0,,,1373.3,2.0,,
/player/zhaxembay/,Zhaxembay Z.,1318.6,3,1366.1,2.0,1434.3,1.0,,,,
/player/carez/,Carez S.,1318.6,4,1446.6,1.0,1350.9,3.0,,,,
/player/boiko-05941/,Boiko S.,1318.6,3,,,1347.8,3.0,,,,
/player/lawrence-3f202/,Lawrence J.,1318.5,7,1384.7,2.0,1417.2,4.0,,,,
/player/harper-20c55/,Harper T.,1318.5,5,,,,,,,,
/player/boegner/,Boegner J.,1318.4,4,,,1318.3,4.0,,,,
/player/suarez-52173/,Suarez L.,1318.3,3,1434.3,1.0,1412.3,1.0,,,,
/player/gialleonardo/,Gialleonardo J.,1318.3,7,1436.9,1.0,1317.3,4.0,,,,
/player/meneses-perny/,Meneses Perny A.,1318.2,20,1457.9,8.0,1235.5,8.0,1553.4,1.0,,
/player/jeong-b9dbb/,Jeong J.,1318.2,4,1319.1,4.0,,,,,,
/player/gowthaman/,Gowthaman S.,1318.1,7,1422.3,1.0,1354.9,6.0,,,,
/player/werner-c464a/,Werner E.,1318.0,13,1418.6,3.0,1332.9,10.0,,,,
/player/yi-qing/,Yi Qing J.,1318.0,27,1323.4,7.0,1359.4,16.0,1434.3,1.0,,
/player/maes-67ba9/,Maes S.,1318.0,11,1401.8,2.0,1357.8,6.0,,,,
/player/nabokin/,Nabokin A.,1317.9,3,1440.9,1.0,1370.6,2.0,,,,
/player/alcantara-d2bd2/,Alcantara A.,1317.8,15,,,,,,,,
/player/whitelock/,Whitelock M.,1317.7,3,1406.6,1.0,1396.0,2.0,,,,
/player/howe-8b79b/,Howe P.,1317.7,12,1434.3,1.0,1391.9,9.0,,,,
/player/kammerer/,Kammerer M.,1317.7,9,1460.4,5.0,1345.3,3.0,,,1411.4,1.0
/player/cherico/,Cherico A.,1317.6,4,,,,,,,,
/player/herrera-1e817/,Herrera D.,1317.6,4,,,,,,,,
/player/klipfel/,Klipfel L.,1317.5,4,,,1317.5,4.0,,,,
/player/leguizamon-3daad/,Leguizamon B.,1317.5,6,,,,,,,,
/player/jerolimov-7c57d/,Jerolimov C.,1317.2,19,,,1485.0,10.0,,,,
/player/osipov-9ac4c/,Osipov M.,1317.1,3,1434.3,1.0,1374.7,2.0,,,,
/player/martynova/,Martynova P.,1317.1,4,1317.2,4.0,,,,,,
/player/franco-dias/,Franco Dias T.,1316.7,17,1309.4,15.0,1500.9,2.0,,,,
/player/crippa/,Crippa F.,1316.7,7,,,1346.5,5.0,1404.0,2.0,,
/player/rohseano/,Rohseano L.,1316.7,8,1434.3,1.0,1400.0,2.0,1434.3,1.0,,
/player/osuigwe-862da/,Osuigwe V.,1316.6,12,1339.1,6.0,,,1434.3,1.0,1504.6,2.0
/player/lin-77fb5/,Lin J.,1316.6,3,1331.3,3.0,,,,,,
/player/polakovicova/,Polakovicova A.,1316.6,27,,,1296.4,17.0,,,,
/player/krivova/,Krivova P.,1316.5,2,1434.1,1.0,1391.8,1.0,,,,
/player/poulesquen/,Poulesquen M.,1316.5,4,,,,,,,,
/player/gram/,Gram O.,1315.9,16,1339.1,5.0,1319.2,8.0,,,1448.3,3.0
/player/azais/,Azais R.,1315.9,8,1557.5,1.0,1346.3,6.0,1450.7,1.0,,
/player/milenovic/,Milenovic O.,1315.9,3,,,1315.9,3.0,,,,
/player/gruber-fbb10/,Gruber N.,1315.7,3,,,1317.6,3.0,,,,
/player/sisic/,Sisic F.,1315.6,8,,,1390.2,4.0,,,,
/player/dabomve/,Dabomve A.,1315.4,4,1434.3,1.0,1344.2,3.0,,,,
/player/manasijevic/,Manasijevic U.,1315.4,7,1486.8,2.0,1274.2,5.0,,,,
/player/reiter-0bb80/,Reiter M.,1315.3,11,1485.6,2.0,,,1434.3,1.0,,
/player/duddupudi/,Duddupudi A.,1315.3,6,1436.6,3.0,1332.6,3.0,,,,
/player/wang-3890e/,Wang Z.,1315.2,8,1344.6,4.0,1393.0,4.0,,,,
/player/singh-6f0b2/,Singh A.,1315.2,18,,,1514.5,2.0,,,,
/player/rodriguez-ff708/,Rodriguez J.,1315.0,9,1396.9,4.0,1490.7,2.0,,,,
/player/nitschke/,Nitschke T.,1315.0,4,,,1316.3,4.0,,,,
/player/xibilia-8b1e4/,Xibilia A.,1314.9,4,1406.2,2.0,1367.0,2.0,,,,
/player/despoja/,Despoja A.,1314.8,4,1290.0,4.0,,,,,,
/player/haddad-maia/,Haddad Maia B.,1314.7,13,1434.3,1.0,1360.5,10.0,1391.7,2.0,,
/player/olsen-3a669/,Olsen A.,1314.6,3,,,,,,,,
/player/dace/,Dace M.,1314.5,5,1434.3,1.0,1370.2,3.0,1434.3,1.0,,
/player/rico-sanchez/,Rico Sanchez M.,1314.4,7,1332.1,6.0,1435.9,1.0,,,,
/player/ozola/,Ozola L.,1314.3,5,1313.0,5.0,,,,,,
/player/stefanovic-584ff/,Stefanovic M.,1314.1,3,,,1306.7,3.0,,,,
/player/gwynne/,Gwynne J.,1314.1,6,1393.5,4.0,1384.1,2.0,,,,
/player/holder/,Holder C.,1314.0,17,1540.4,3.0,1418.0,7.0,,,,
/player/estogero/,Estogero K.,1314.0,4,1379.5,2.0,1416.3,2.0,,,,
/player/opris-61723/,Opris J.,1313.9,3,,,1323.0,3.0,,,,
/player/gaivoto/,Gaivoto D.,1313.8,6,1449.6,3.0,1434.3,1.0,,,,
/player/rocco-43798/,Rocco L.,1313.7,5,1422.1,1.0,1329.2,4.0,,,,
/player/salazar-28fb1/,Salazar A.,1313.6,6,,,1433.1,3.0,,,,
/player/eidelvein/,Eidelvein L.,1313.6,5,1424.8,3.0,1369.9,2.0,,,,
/player/klichnikov/,Klichnikov A.,1313.5,4,1434.3,1.0,1343.9,3.0,,,,
/player/karacic/,Karacic V.,1313.5,4,,,1338.0,3.0,1434.3,1.0,,
/player/vilaca-2ad34/,Vilaca T.,1313.4,9,1303.6,4.0,1499.9,4.0,,,,
/player/markosian/,Markosian E.,1313.3,6,1374.2,2.0,1417.4,2.0,,,,
/player/bia-bernardes/,Bia Bernardes B.,1313.1,15,1419.2,9.0,1336.2,6.0,,,,
/player/cassidy-5a9b5/,Cassidy L.,1313.0,5,1456.1,1.0,1353.7,3.0,1434.3,1.0,,
/player/swart-d956f/,Swart T.,1313.0,9,1314.4,9.0,,,,,,
/player/gabet/,Gabet A.,1313.0,5,1465.5,1.0,1311.2,4.0,,,,
/player/tsetlin-5c546/,Tsetlin M.,1312.9,14,1346.8,5.0,1335.9,8.0,,,,
/player/azar-3a2fc/,Azar D.,1312.9,5,,,,,,,,
/player/jonio-a6d1d/,Jonio T.,1312.9,6,1484.2,2.0,1286.4,4.0,,,,
/player/zhao-600ff/,Zhao C.,1312.7,6,1434.3,1.0,1413.0,4.0,1434.3,1.0,,
/player/zamberlani/,Zamberlani V.,1312.5,4,,,1312.4,4.0,,,,
/player/roach-34593/,Roach G.,1312.3,11,,,,,,,,
/player/mugelli-c57f5/,Mugelli P.,1312.2,13,,,1318.8,9.0,1504.6,2.0,,
/player/moater/,Moater A.,1312.2,9,,,1313.8,9.0,,,,
/player/markus-ef465/,Markus P.,1312.1,3,1437.6,1.0,1420.3,1.0,1434.3,1.0,,
/player/de-araujo-sandrini/,De Araujo Sandrini G.,1312.0,3,,,1322.2,3.0,,,,
/player/morgan-0c0ab/,Morgan R.,1311.9,9,,,,,,,,
/player/dumitrascu-3402e/,Dumitrascu S.,1311.8,12,,,,,,,,
/player/murray-9d69c/,Murray A.,1311.6,5,1493.0,2.0,1434.3,1.0,,,,
/player/quigley-4837a/,Quigley O.,1311.5,8,1307.7,8.0,,,,,,
/player/jankowska-dacfa/,Jankowska H.,1311.4,10,1459.0,3.0,1293.1,7.0,,,,
/player/themri/,Themri H.,1311.4,4,1373.5,2.0,1395.4,2.0,,,,
/player/yunzhang/,Yunzhang X.,1311.4,7,1314.2,7.0,,,,,,
/player/chauhan-53b75/,Chauhan A.,1311.3,4,,,1396.7,2.0,,,,
/player/motosono/,Motosono K.,1311.0,4,,,1311.1,4.0,,,,
/player/bassotti/,Bassotti C.,1311.0,12,,,1318.5,12.0,,,,
/player/henceroth/,Henceroth C.,1311.0,4,,,1416.9,1.0,,,,
/player/chea/,Chea J.,1311.0,4,1422.1,1.0,1434.3,1.0,,,1400.1,2.0
/player/vizy/,Vizy D.,1310.9,4,1454.8,1.0,1369.0,2.0,1434.3,1.0,,
/player/yaoyao/,Yaoyao D.,1310.9,3,,,1335.3,3.0,,,,
/player/samel-druz/,Samel Druz C.,1310.8,3,,,,,,,,
/player/yang-66ccd/,Yang J.,1310.8,4,1312.5,4.0,,,,,,
/player/sotikovs/,Sotikovs A.,1310.7,17,1557.6,3.0,1266.1,9.0,1506.8,2.0,,
/player/ovchinnikov/,Ovchinnikov V.,1310.6,20,1481.0,3.0,1361.4,11.0,1504.6,2.0,,
/player/runstrom/,Runstrom F.,1310.6,5,,,,,,,,
/player/cleaver/,Cleaver C.,1310.6,6,1332.7,6.0,,,,,,
/player/singhmar/,Singhmar B.,1310.2,10,1395.3,2.0,1354.3,8.0,,,,
/player/mcmillan/,McMillan L.,1310.1,13,1420.7,1.0,1537.6,4.0,,,,
/player/martinez-garzon/,Martinez Garzon C.,1310.1,4,1434.3,1.0,1338.0,3.0,,,,
/player/arunkumar/,Arunkumar S.,1310.1,17,1366.0,15.0,1384.7,2.0,,,,
/player/reilly-85e8b/,Reilly F.,1310.0,28,1362.2,5.0,1314.7,19.0,1553.4,1.0,,
/player/hidalgo-aguirre/,Hidalgo Aguirre C.,1309.7,3,1434.3,1.0,1401.3,2.0,,,,
/player/halmos/,Halmos K.,1309.7,8,,,,,1434.3,1.0,,
/player/heijmans/,Heijmans T.,1309.5,3,1434.3,1.0,1379.3,2.0,,,,
/player/bednarczyk-c6afe/,Bednarczyk C.,1309.5,18,1466.8,1.0,1313.8,17.0,,,,
/player/hansson-27b04/,Hansson J.,1309.5,5,,,,,,,,
/player/kazlauskas/,Kazlauskas D.,1309.4,6,1399.4,2.0,1358.8,4.0,,,,
/player/komada-dc0b9/,Komada E.,1309.1,5,1362.3,2.0,1375.1,3.0,,,,
/player/jovanovic-7d192/,Jovanovic I.,1309.0,7,1422.1,1.0,1364.1,5.0,1434.3,1.0,,
/player/voisin-06850/,Voisin A.,1308.9,11,1364.8,5.0,1471.4,5.0,,,,
/player/kobayashi-54e92/,Kobayashi C.,1308.8,5,,,,,,,,
/player/nguyen-2263a/,Nguyen M.,1308.8,10,1436.9,1.0,,,,,,
/player/shandarov-9d278/,Shandarov R.,1308.6,9,1475.1,2.0,1328.4,6.0,,,,
/player/gava/,Gava P.,1308.6,6,1502.5,2.0,1313.3,3.0,,,,
/player/banthia/,Banthia S.,1308.5,5,1361.3,2.0,1375.3,3.0,,,,
/player/gamracy/,Gamracy H.,1308.5,10,,,,,,,,
/player/aksonov/,Aksonov K.,1308.5,7,1434.3,1.0,1386.1,5.0,,,,
/player/schaefer-3c0b3/,Schaefer C.,1307.9,4,,,,,,,,
/player/bianchi-3016d/,Bianchi A.,1307.8,4,1348.9,3.0,1422.3,1.0,,,,
/player/condere/,Condere J.,1307.8,12,1460.8,3.0,1429.1,4.0,1434.3,1.0,,
/player/brahier/,Brahier G.,1307.5,7,1434.3,1.0,1360.1,6.0,,,,
/player/sosedkin/,Sosedkin F.,1307.4,16,1446.9,3.0,1451.5,6.0,1434.3,1.0,,
/player/mayer-10149/,Mayer M.,1307.3,7,,,1405.7,1.0,,,,
/player/meinertz/,Meinertz A.,1307.3,23,1313.4,7.0,1345.8,14.0,1504.6,2.0,,
/player/vaithianathan/,Vaithianathan A.,1307.2,19,1383.9,4.0,1370.4,12.0,1384.7,2.0,,
/player/bajri/,Bajri G.,1307.0,12,,,1405.8,1.0,,,,
/player/marioara/,Marioara D.,1307.0,17,,,1224.3,13.0,,,,
/player/wang-5bd4a/,Wang W.,1307.0,4,1315.8,4.0,,,,,,
/player/karner-16a72/,Karner F.,1306.9,4,1446.6,1.0,1319.5,3.0,,,,
/player/xu-7eb22/,Xu L.,1306.7,3,1321.9,3.0,,,,,,
/player/duong-2d29d/,Duong A.,1306.7,16,,,,,,,,
/player/sosa-b1228/,Sosa C.,1306.6,8,1434.3,1.0,1324.6,6.0,,,1434.3,1.0
/player/tunas/,Tunas G.,1306.4,9,1434.3,1.0,1328.1,4.0,,,,
/player/tauma-c24b3/,Tauma N.,1306.3,4,,,,,,,,
/player/billeter/,Billeter L.,1306.2,4,1336.1,3.0,1436.3,1.0,,,,
/player/niewiadomska/,Niewiadomska P.,1306.2,16,,,,,,,,
/player/raubinger/,Raubinger M.,1306.2,7,,,1293.4,7.0,,,,
/player/sakellaridis/,Sakellaridis M.,1306.1,7,1382.8,2.0,1384.3,3.0,1434.3,1.0,,
/player/perez-09c25/,Perez F.,1306.1,4,,,,,,,,
/player/kaul-609e5/,Kaul U.,1305.9,3,1434.3,1.0,1373.1,2.0,,,,
/player/allerton/,Allerton S.,1305.8,4,,,1321.9,4.0,,,,
/player/lokesh/,Lokesh R.,1305.7,7,1434.3,1.0,1325.9,6.0,,,,
/player/chopra-e7398/,Chopra A.,1305.6,7,1434.3,1.0,1353.9,5.0,,,,
/player/frunza-243da/,Frunza L.,1305.5,8,1434.7,1.0,1376.8,5.0,1434.3,1.0,,
/player/viggiani-a4071/,Viggiani D.,1305.4,3,1372.9,2.0,1434.3,1.0,,,,
/player/cracana-cracana/,Cracana Cracana A.,1305.4,7,1456.9,3.0,1321.7,3.0,,,,
/player/mladenovic/,Mladenovic K.,1305.3,8,1408.8,3.0,1395.5,3.0,,,1454.8,1.0
/player/alshati/,Alshati A.,1305.2,9,1380.1,4.0,1389.2,4.0,,,,
/player/alvarez-28a18/,Alvarez M.,1305.1,3,1395.8,1.0,1371.0,2.0,,,,
/player/klaschka/,Klaschka S.,1305.1,4,,,1311.7,4.0,,,,
/player/atabay/,Atabay A.,1305.0,4,1426.8,1.0,1433.1,1.0,1422.1,1.0,,
/player/shetty-89791/,Shetty S.,1305.0,7,1384.7,2.0,1362.8,5.0,,,,
/player/argun/,Argun M.,1304.9,3,1446.6,1.0,1417.5,1.0,1422.1,1.0,,
/player/ryerson/,Ryerson T.,1304.7,3,,,,,,,,
/player/alexandrova-80743/,Alexandrova R.,1304.6,22,,,1311.4,17.0,,,,
/player/baier-effd6/,Baier J.,1304.6,3,1384.7,2.0,,,,,1434.3,1.0
/player/kothari/,Kothari A.,1304.6,19,1346.3,3.0,1322.8,13.0,1434.3,1.0,,
/player/prince-a804c/,Prince S.,1304.6,3,,,1434.3,1.0,,,,
/player/michibata-9c386/,Michibata M.,1304.5,11,1451.8,1.0,1321.8,9.0,,,,
/player/staubli/,Staubli J.,1304.4,5,,,1313.6,5.0,,,,
/player/ingildsen/,Ingildsen J.,1304.4,5,,,1300.9,5.0,,,,
/player/mironescu/,Mironescu M.,1304.3,8,1426.6,1.0,1301.2,5.0,1504.6,2.0,,
/player/alcon/,Alcon J.,1304.3,10,1380.7,2.0,1289.1,4.0,,,,
/player/livadaru-bc345/,Livadaru A.,1304.2,4,,,1306.1,4.0,,,,
/player/voronina-682d5/,Voronina K.,1304.2,7,1322.6,7.0,,,,,,
/player/lee-e0757/,Lee S.,1304.1,4,1304.0,4.0,,,,,,
/player/chapepa/,Chapepa K.,1304.1,5,1330.6,4.0,,,,,,
/player/marko-86d0a/,Marko M.,1304.0,4,1371.6,2.0,1373.6,2.0,,,,
/player/pavkova/,Pavkova K.,1303.8,3,,,,,,,,
/player/salama-1f0f6/,Salama O.,1303.8,3,,,1343.9,3.0,,,,
/player/yakusheva/,Yakusheva A.,1303.7,11,1362.0,7.0,1390.0,4.0,,,,
/player/moldovan-4b421/,Moldovan A.,1303.7,3,1444.4,1.0,1422.1,1.0,1434.3,1.0,,
/player/pathummakuronen/,Pathummakuronen M.,1303.7,5,,,,,,,1451.8,1.0
/player/wilcox-6d906/,Wilcox O.,1303.5,7,1475.4,2.0,1301.9,5.0,,,,
/player/prinoth/,Prinoth P.,1303.5,10,1487.0,4.0,1265.9,5.0,1434.3,1.0,,
/player/craciun-b367b/,Craciun V.,1303.3,3,,,1349.1,2.0,,,,
/player/cserni/,Cserni C.,1303.3,8,1413.3,1.0,1374.7,6.0,,,,
/player/savay/,Savay Z.,1303.2,3,1434.3,1.0,1434.3,1.0,1434.3,1.0,,
/player/hoste-ferrer/,Hoste Ferrer C.,1302.8,12,,,,,,,,
/player/margiev/,Margiev G.,1302.8,7,1434.3,1.0,1320.5,6.0,,,,
/player/luethi/,Luethi A.,1302.6,4,,,,,,,,
/player/tringali/,Tringali E.,1302.6,3,,,1300.9,3.0,,,,
/player/palanivel/,Palanivel M.,1302.5,4,1337.9,3.0,1434.3,1.0,,,,
/player/gao-5142e/,Gao L.,1302.5,3,1366.6,2.0,,,,,1433.1,1.0
/player/shi-be443/,Shi K.,1302.2,8,1384.7,2.0,1402.8,5.0,,,,
/player/michael-bd013/,Michael A.,1302.2,5,1364.6,2.0,1373.6,3.0,,,,
/player/areshidze/,Areshidze T.,1302.1,3,,,1327.0,3.0,,,,
/player/bedard-199a2/,Bedard J.,1302.1,19,1396.2,9.0,1396.2,2.0,,,1434.3,1.0
/player/rodriguez-carretero/,Rodriguez Carretero P.,1301.9,19,1465.2,9.0,1293.7,10.0,,,,
/player/ung-ba3f9/,Ung N.,1301.8,10,,,1458.7,1.0,1446.6,1.0,,
/player/santos-5c6b0/,Santos S.,1301.5,6,1349.9,5.0,1423.1,1.0,,,,
/player/moreno-sandoval/,Moreno Sandoval E.,1301.3,5,1434.3,1.0,1343.9,3.0,,,,
/player/zandamela/,Zandamela L.,1301.3,4,1301.2,4.0,,,,,,
/player/barnett-435fa/,Barnett F.,1301.3,10,1364.3,3.0,1407.6,6.0,1434.3,1.0,,
/player/robledo-hoyos/,Robledo Hoyos P.,1301.2,4,1448.6,1.0,1434.3,1.0,,,,
/player/sepa/,Sepa I.,1301.2,4,,,,,,,,
/player/stergiopoulos/,Stergiopoulos C.,1301.1,16,1405.9,12.0,,,1434.3,1.0,,
/player/han-87548/,Han Y.,1301.0,4,1378.9,2.0,1434.1,1.0,,,,
/player/smejkal-45075/,Smejkal S.,1300.9,4,,,1345.7,3.0,,,,
/player/gil-garcia-9f309/,Gil Garcia A.,1300.7,14,1341.0,3.0,1380.5,8.0,1434.3,1.0,,
/player/sycamore/,Sycamore A.,1300.6,5,1296.4,5.0,,,,,,
/player/russiniello/,Russiniello L.,1300.5,3,,,1296.6,3.0,,,,
/player/griffith-36ba0/,Griffith K.,1300.4,4,1434.3,1.0,1389.5,2.0,,,,
/player/frey-9494a/,Frey C.,1300.2,9,,,,,,,,
/player/congcar/,Congcar C.,1300.2,5,1397.1,2.0,1356.9,3.0,,,,
/player/kashyrina/,Kashyrina A.,1300.1,4,1348.2,3.0,1434.3,1.0,,,,
/player/nagarajan-4418a/,Nagarajan A.,1299.7,4,1371.7,2.0,1379.8,2.0,,,,
/player/starreveld/,Starreveld R.,1299.7,3,,,1313.7,3.0,,,,
/player/el-tawil-b9eda/,El Tawil K.,1299.6,6,1434.3,1.0,,,,,,
/player/brotman-c9c7f/,Brotman L.,1299.6,6,,,,,,,,
/player/gutierrez-imaz/,Gutierrez Imaz C.,1299.3,6,1338.0,4.0,1395.9,2.0,,,,
/player/fris/,Fris Z.,1299.2,4,,,1345.7,3.0,1434.3,1.0,,
/player/frahn/,Frahn M.,1299.1,18,1404.3,12.0,,,,,1434.3,1.0
/player/adachi-55f7c/,Adachi T.,1299.0,12,1427.5,3.0,1309.6,4.0,1434.3,1.0,,
/player/gilbert-rivas/,Gilbert Rivas D.,1298.9,5,1448.2,1.0,1310.1,4.0,,,,
/player/keuler/,Keuler M.,1298.6,17,,,1434.3,1.0,,,,
/player/van-donk/,Van Donk M.,1298.6,17,1446.6,1.0,1372.5,2.0,1434.3,1.0,,
/player/serbanescu/,Serbanescu M.,1298.5,3,,,1312.1,3.0,,,,
/player/akbari-a4586/,Akbari R.,1298.4,4,1434.3,1.0,1446.6,1.0,1385.5,2.0,,
/player/vakalapudi/,Vakalapudi S.,1298.2,8,1312.2,4.0,1429.3,4.0,,,,
/player/vazquez-4404d/,Vazquez F.,1298.0,11,1382.5,2.0,1407.2,4.0,,,,
/player/lee-1d000/,Lee A.,1298.0,4,,,,,,,,
/player/jaen-18c67/,Jaen D.,1298.0,4,1421.3,1.0,1345.6,3.0,,,,
/player/souhrada/,Souhrada S.,1297.8,27,,,,,,,,
/player/bastola/,Bastola A.,1297.6,23,1510.6,10.0,1565.7,1.0,,,1434.3,1.0
/player/prammer/,Prammer J.,1296.7,10,,,1319.1,9.0,,,,
/player/pinho-0cd78/,Pinho G.,1296.7,5,1553.9,1.0,1358.2,2.0,,,,
/player/thandi/,Thandi K.,1296.7,6,1319.2,5.0,1419.5,1.0,,,,
/player/garakani/,Garakani S.,1296.6,22,1319.3,17.0,,,,,,
/player/boroczky-df243/,Boroczky E.,1296.6,4,,,1309.3,4.0,,,,
/player/messina-2e38c/,Messina J.,1296.6,12,1499.8,2.0,1455.5,1.0,,,,
/player/barclay-e508b/,Barclay D.,1296.5,3,1360.0,2.0,1422.1,1.0,,,,
/player/glushkova-0939b/,Glushkova A.,1296.4,5,,,1293.8,5.0,,,,
/player/sinescu/,Sinescu J.,1296.4,3,,,1373.0,2.0,,,,
/player/gross-95463/,Gross T.,1295.9,17,1380.2,10.0,1292.1,7.0,,,,
/player/mitevska-fcd0a/,Mitevska S.,1295.6,5,,,,,,,,
/player/zhu-0d01c/,Zhu Z.,1295.6,3,1347.5,2.0,,,,,1422.1,1.0
/player/aliano/,Aliano V.,1295.5,4,,,,,,,,
/player/casciato/,Casciato J.,1295.5,7,,,,,,,,
/player/maftei/,Maftei M.,1295.3,8,,,1403.5,2.0,,,,
/player/pfau/,Pfau S.,1295.2,9,,,,,,,,
/player/du-2a2df/,Du Y.,1295.2,14,1450.9,3.0,1310.2,9.0,,,,
/player/laura-borges/,Laura Borges G.,1295.2,4,1335.9,3.0,1442.2,1.0,,,,
/player/koffi-9aef8/,Koffi N.,1295.1,4,,,,,,,,
/player/mathlouthi-296b7/,Mathlouthi M.,1295.1,4,1303.9,4.0,,,,,,
/player/foxman/,Foxman M.,1295.0,7,1434.3,1.0,1357.6,5.0,1434.3,1.0,,
/player/verlaguet/,Verlaguet A.,1294.9,17,,,,,,,,
/player/zhang-3eb1c/,Zhang S.,1294.8,4,,,1327.7,4.0,,,,
/player/de-lorenzo-13ea5/,De Lorenzo M.,1294.6,6,1384.3,4.0,1362.4,2.0,,,,
/player/gorodetskyy/,Gorodetskyy M.,1294.2,4,,,1343.7,3.0,1435.2,1.0,,
/player/lu-d4705/,Lu C.,1293.9,6,1433.5,1.0,1308.0,3.0,,,,
/player/tasic-cf97b/,Tasic N.,1293.7,3,,,1302.4,3.0,,,,
/player/ghazaryan-1f6fd/,Ghazaryan A.,1293.7,6,1384.7,2.0,1315.7,4.0,,,,
/player/pobes/,Pobes E.,1293.5,5,1434.3,1.0,1326.6,3.0,1434.3,1.0,,
/player/yang-a4eda/,Yang C.,1293.2,12,1314.3,11.0,1434.3,1.0,,,,
/player/lin-44de9/,Lin G.,1293.1,7,1287.0,5.0,1493.2,2.0,,,,
/player/khantiweerawat/,Khantiweerawat T.,1292.9,8,1433.1,3.0,1305.1,5.0,,,,
/player/cowcher/,Cowcher K.,1292.8,8,,,1471.8,4.0,,,,
/player/wadazumi/,Wadazumi Y.,1292.8,4,,,,,,,,
/player/entie/,Entie K.,1292.7,4,,,1289.4,4.0,,,,
/player/czyrek-55117/,Czyrek F.,1292.6,4,,,1400.9,2.0,,,,
/player/zohranyan-1ffd1/,Zohranyan D.,1292.5,15,1371.6,3.0,1340.8,10.0,,,,
/player/wang-afe21/,Wang O.,1292.4,4,1434.3,1.0,1395.5,1.0,,,,
/player/stohl/,Stohl L.,1292.4,6,,,,,,,,
/player/khelif/,Khelif Y.,1292.4,4,,,1333.3,3.0,,,,
/player/zerega/,Zerega C.,1292.3,4,1435.2,1.0,1321.2,3.0,,,,
/player/wong-c0aec/,Wong S.,1292.1,3,1385.5,2.0,1398.0,1.0,,,,
/player/oigawa-dc981/,Oigawa S.,1291.9,16,1317.1,15.0,,,,,1434.3,1.0
/player/bond-scott/,Bond-Scott K.,1291.9,4,1299.4,4.0,,,,,,
/player/jakupovic-kljako/,Jakupovic-Kljako T.,1291.8,4,,,,,,,,
/player/aldarkhishig/,Aldarkhishig K.,1291.4,4,,,,,,,,
/player/andersson-7d22f/,Andersson L.,1291.4,7,1434.3,1.0,1428.5,3.0,,,,
/player/garcia-finetto/,Garcia Finetto R.,1291.4,8,1384.7,2.0,1436.0,4.0,,,,
/player/amaral-1dece/,Amaral R.,1291.1,11,1418.2,2.0,1347.6,8.0,,,,
/player/zhang-14a62/,Zhang J.,1291.1,4,,,,,,,,
/player/bozemoj-2b9e6/,Bozemoj S.,1291.1,11,1384.7,2.0,1346.5,4.0,,,,
/player/kita-af622/,Kita G.,1291.0,4,1422.1,1.0,1375.1,2.0,,,,
/player/maatman/,Maatman A.,1291.0,5,,,1275.4,5.0,,,,
/player/naveen/,Naveen N.,1291.0,5,1384.7,2.0,1393.1,2.0,1434.3,1.0,,
/player/mondo/,Mondo A.,1291.0,6,1346.4,5.0,1424.4,1.0,,,,
/player/mezghani/,Mezghani M.,1290.9,5,1313.1,4.0,1434.3,1.0,,,,
/player/mastalka/,Mastalka P.,1290.9,4,1434.3,1.0,1328.8,3.0,,,,
/player/williams/,Williams V.,1290.8,6,1314.2,4.0,1422.1,1.0,1455.8,1.0,,
/player/stollecker/,Stollecker M.,1290.7,7,1385.4,2.0,1421.4,4.0,,,,
/player/prepslova/,Prepslova A.,1290.7,7,1314.8,3.0,1395.3,2.0,1493.2,2.0,,
/player/daskalovic-78718/,Daskalovic A.,1290.5,5,1434.3,1.0,1345.5,4.0,,,,
/player/lavazza-6e022/,Lavazza V.,1290.4,3,,,1366.2,2.0,,,,
/player/matthew/,Matthew S.,1290.4,4,1292.0,4.0,,,,,,
/player/balaji-7d782/,Balaji A.,1290.4,7,1385.8,2.0,1361.0,5.0,,,,
/player/heddar/,Heddar F.,1290.4,11,1396.9,7.0,1298.6,4.0,,,,
/player/williams-e9574/,Williams K.,1289.8,7,1440.5,3.0,,,,,,
/player/yuchi/,Yuchi G.,1289.8,4,1340.2,3.0,,,,,1422.0,1.0
/player/molgin/,Molgin I.,1289.7,4,1362.5,2.0,1370.0,2.0,,,,
/player/allen-98bb5/,Allen A.,1289.7,23,1460.5,3.0,1338.3,14.0,1434.3,1.0,,
/player/iannoni/,Iannoni M.,1289.6,8,1336.6,3.0,1372.7,5.0,,,,
/player/ayyappan/,Ayyappan R.,1289.5,8,1397.4,2.0,1345.2,6.0,,,,
/player/mukhtarulin-38997/,Mukhtarulin A.,1289.4,12,1435.8,3.0,1343.2,8.0,,,,
/player/bastos-sousa-betanzos/,Bastos-Sousa Betanzos A.,1289.3,9,1360.4,3.0,1337.3,6.0,,,,
/player/yu-6800b/,Yu X.,1289.2,7,1434.3,1.0,1338.9,5.0,,,,
/player/tylek-116f7/,Tylek P.,1289.2,16,1345.7,3.0,1333.2,11.0,1435.2,1.0,,
/player/sakellaridi-198ac/,Sakellaridi A.,1289.2,8,,,1299.8,8.0,,,,
/player/kluczynski/,Kluczynski J.,1289.1,16,1297.4,5.0,1326.2,7.0,1434.3,1.0,,
/player/gullacksen/,Gullacksen N.,1289.1,25,,,1462.6,1.0,,,,
/player/van-ham/,Van Ham S.,1289.0,7,,,,,,,,
/player/knippling/,Knippling P.,1288.9,6,1394.9,2.0,1351.9,3.0,,,,
/player/minarik-22b9f/,Minarik K.,1288.8,4,,,,,,,,
/player/bolangi-d355e/,Bolangi B.,1288.6,13,1475.2,4.0,1236.8,6.0,,,,
/player/muller-021f5/,Muller N.,1288.5,14,1395.3,2.0,1335.9,11.0,,,,
/player/schuetze/,Schuetze C.,1288.4,5,1446.6,1.0,1305.3,4.0,,,,
/player/alvarez-bbc16/,Alvarez L.,1288.3,17,,,,,1434.3,1.0,,
/player/balazs-a6249/,Balazs P.,1288.2,6,1370.4,2.0,1436.9,3.0,1434.3,1.0,,
/player/patil-00c7a/,Patil R.,1288.2,19,,,1459.1,1.0,,,,
/player/spiers-0ea6e/,Spiers K.,1288.1,4,,,,,,,,
/player/korpatsch-04b4d/,Korpatsch T.,1288.1,5,1405.5,2.0,1366.6,2.0,,,,
/player/limani/,Limani F.,1288.1,11,1502.3,4.0,1287.8,5.0,1434.3,1.0,,
/player/reva-b3b17/,Reva I.,1288.0,4,1387.6,2.0,1434.3,1.0,1434.3,1.0,,
/player/parrilla-3e078/,Parrilla J.,1287.9,4,,,,,,,,
/player/tuatao/,Tuatao T.,1287.8,5,1346.1,3.0,,,,,1385.5,2.0
/player/bab/,Bab F.,1287.7,4,,,,,,,,
/player/nicholls-0f686/,Nicholls C.,1287.6,3,1310.9,3.0,,,,,,
/player/sodeyama/,Sodeyama H.,1287.5,4,1284.9,4.0,,,,,,
/player/saissi/,Saissi W.,1287.2,6,1435.6,1.0,1356.0,4.0,1434.3,1.0,,
/player/friedler/,Friedler A.,1287.2,4,,,,,,,,
/player/poborilova/,Poborilova A.,1287.1,13,,,1524.0,3.0,,,,
/player/osipiv/,Osipiv D.,1287.1,4,,,1303.3,4.0,,,,
/player/berge-nourescu/,Berge Nourescu A.,1287.0,9,1328.8,4.0,1377.9,4.0,1434.3,1.0,,
/player/kosev/,Kosev S.,1286.9,6,1384.7,2.0,1350.5,3.0,,,,
/player/janghu/,Janghu V.,1286.8,7,1434.3,1.0,1364.3,4.0,,,,
/player/maruca/,Maruca M.,1286.6,10,1426.2,1.0,1339.1,8.0,,,1434.3,1.0
/player/goubin/,Goubin D.,1286.6,5,,,,,,,,
/player/perez-naranjo-4dedb/,Perez Naranjo S.,1286.6,8,1397.5,4.0,1394.8,4.0,,,,
/player/khore/,Khore M.,1286.4,4,1296.4,4.0,,,,,,
/player/treneski/,Treneski M.,1286.3,4,1383.1,2.0,,,,,,
/player/ebrahim-ed35b/,Ebrahim I.,1286.3,4,1383.8,2.0,1413.3,1.0,1434.3,1.0,,
/player/mazzari/,Mazzari S.,1286.1,5,,,1291.9,5.0,,,,
/player/paulovic/,Paulovic N.,1286.1,5,1446.6,1.0,1434.3,1.0,,,,
/player/chingono/,Chingono M.,1286.0,4,1371.1,2.0,1388.7,2.0,,,,
/player/lawrence-jr-/,Lawrence Jr. J.,1285.8,5,1434.3,1.0,1345.7,3.0,,,,
/player/schinas/,Schinas S.,1285.7,16,1416.2,6.0,1420.3,5.0,,,,
/player/rachev-feaea/,Rachev N.,1285.2,4,1434.3,1.0,1329.7,3.0,,,,
/player/oueslati-83078/,Oueslati M.,1284.9,4,1434.3,1.0,1319.4,3.0,,,,
/player/iyengar/,Iyengar S.,1284.9,5,1396.8,2.0,1345.7,3.0,,,,
/player/jin-7fec9/,Jin Y.,1284.9,15,1305.2,11.0,,,,,1410.8,4.0
/player/formella-5993f/,Formella L.,1284.8,5,,,1323.0,3.0,,,,
/player/stjepanovic/,Stjepanovic M.,1284.5,4,,,1278.1,4.0,,,,
/player/gross-d4ccc/,Gross E.,1284.4,4,,,,,,,,
/player/trufas/,Trufas M.,1284.4,4,1433.1,1.0,1365.2,2.0,1434.3,1.0,,
/player/li-ed1f1/,Li K.,1284.3,5,1434.3,1.0,1363.9,2.0,,,,
/player/djedovic/,Djedovic H.,1283.9,5,,,1287.3,5.0,,,,
/player/wadie/,Wadie F.,1283.9,4,1422.1,1.0,1323.5,3.0,,,,
/player/yue-95747/,Yue M.,1283.4,20,1393.0,2.0,1396.0,14.0,1434.3,1.0,,
/player/papp-c77cb/,Papp S.,1283.0,12,1372.6,2.0,1324.0,7.0,1446.5,3.0,,
/player/chunduru-eead3/,Chunduru A.,1283.0,8,1434.3,1.0,1319.4,6.0,,,,
/player/finlay-watters/,Finlay Watters F.,1283.0,4,,,,,,,,
/player/golden-e7e71/,Golden J.,1283.0,5,,,,,,,,
/player/ndualu/,Ndualu R.,1283.0,9,1373.5,2.0,1501.3,3.0,1434.3,1.0,,
/player/peresypkina/,Peresypkina L.,1282.9,4,,,,,,,,
/player/nguyen-cea02/,Nguyen I.,1282.8,6,1471.7,2.0,,,,,,
/player/fusenig/,Fusenig T.,1282.3,3,1423.9,1.0,1406.4,1.0,,,,
/player/milisavljevic/,Milisavljevic M.,1282.3,11,,,1294.7,11.0,,,,
/player/garay-ac2f3/,Garay M.,1282.2,4,,,1287.7,4.0,,,,
/player/bartoletti/,Bartoletti L.,1282.2,5,,,,,,,,
/player/voelzke/,Voelzke G.,1282.2,26,1322.2,12.0,1281.9,12.0,,,,
/player/simic-4ff83/,Simic N.,1282.0,3,,,1307.3,3.0,,,,
/player/preugschat/,Preugschat P.,1281.8,16,,,1292.9,16.0,,,,
/player/munroe-5343a/,Munroe S.,1281.7,8,1284.6,8.0,,,,,,
/player/qureshi-fa923/,Qureshi M.,1281.6,12,1291.7,11.0,,,,,1434.3,1.0
/player/vyrlan-bc487/,Vyrlan E.,1281.6,11,,,,,,,,
/player/steindl-c375a/,Steindl L.,1281.4,4,1425.9,1.0,1384.7,2.0,,,,
/player/hillel/,Hillel O.,1281.4,15,1430.5,4.0,1282.9,10.0,,,,
/player/yardley/,Yardley S.,1281.3,25,1393.8,18.0,1443.0,1.0,1516.9,2.0,1446.6,1.0
/player/simkin-eafad/,Simkin N.,1281.3,5,,,1426.0,1.0,,,,
/player/pikhlik/,Pikhlik V.,1281.3,4,1304.5,4.0,,,,,,
/player/jirakova/,Jirakova J.,1281.1,6,1424.5,1.0,1453.3,1.0,,,,
/player/minguez-d0141/,Minguez C.,1281.1,8,1514.5,2.0,1261.3,6.0,,,,
/player/norris-b6702/,Norris Q.,1281.1,4,1393.1,2.0,1356.2,2.0,,,,
/player/cordova-a526e/,Cordova F.,1280.8,3,,,,,,,,
/player/dong-e4dcf/,Dong J.,1280.8,14,1322.3,3.0,1304.7,9.0,,,,
/player/zhong-1ca5a/,Zhong B.,1280.7,4,1436.3,1.0,1364.6,2.0,,,,
/player/vosloo-ab976/,Vosloo A.,1280.7,16,1329.8,14.0,,,1446.6,1.0,1419.7,1.0
/player/uchida-ea757/,Uchida K.,1280.7,20,1285.8,15.0,1386.2,2.0,1343.5,3.0,,
/player/jimenez-a9af9/,Jimenez M.,1280.3,5,1334.9,3.0,1434.8,1.0,,,,
/player/vildeuil/,Vildeuil A.,1280.3,14,1442.0,3.0,1311.8,10.0,,,,
/player/sokolovs/,Sokolovs K.,1280.1,17,1339.1,3.0,1380.0,10.0,1435.2,1.0,,
/player/jorniak-64fbf/,Jorniak P.,1280.0,7,,,,,,,,
/player/baumgartner-1b8cf/,Baumgartner O.,1280.0,6,1434.3,1.0,1330.7,4.0,1434.3,1.0,,
/player/condeco/,Condeco R.,1279.8,5,1384.7,2.0,1401.1,2.0,,,,
/player/schaefer-ed12a/,Schaefer P.,1279.7,10,,,,,,,,
/player/syrovatskiy/,Syrovatskiy O.,1279.7,12,1434.3,1.0,1301.5,10.0,,,,
/player/dai-75127/,Dai S.,1279.6,13,1383.8,5.0,1235.9,6.0,1434.3,1.0,,
/player/mateva/,Mateva A.,1279.5,21,1316.9,11.0,1345.0,10.0,,,,
/player/yan-cd768/,Yan J.,1279.4,5,1358.2,3.0,1434.3,1.0,,,1434.3,1.0
/player/zikic/,Zikic A.,1279.1,13,1442.1,3.0,1349.0,4.0,1466.6,3.0,,
/player/cheng-e0faa/,Cheng Y.,1278.8,4,1430.7,1.0,1397.6,2.0,1434.3,1.0,,
/player/aregger/,Aregger L.,1278.5,20,1420.9,7.0,1406.7,9.0,1434.3,1.0,,
/player/charalampopoulos/,Charalampopoulos D.,1278.5,6,,,1360.0,3.0,,,,
/player/snoussi/,Snoussi I.,1278.2,7,1483.2,2.0,1270.1,5.0,,,,
/player/czapulak/,Czapulak E.,1278.1,8,,,1318.8,3.0,,,,
/player/mendoza-9661b/,Mendoza I.,1278.0,11,1493.2,2.0,1331.1,7.0,1404.0,2.0,,
/player/mintz/,Mintz Z.,1277.7,15,1406.2,4.0,1261.3,9.0,,,,
/player/byers/,Byers L.,1277.4,4,,,,,,,,
/player/haidarian/,Haidarian J.,1277.4,11,1433.5,1.0,1426.6,8.0,,,,
/player/torres-fernandez/,Torres Fernandez B.,1277.2,5,1385.7,2.0,1434.3,1.0,,,,
/player/chizhuk/,Chizhuk D.,1277.1,5,,,1434.3,1.0,,,,
/player/ilic-2db7c/,Ilic G.,1277.1,7,,,1277.7,7.0,,,,
/player/celic-56a5f/,Celic I.,1277.0,7,,,1265.7,7.0,,,,
/player/pivnik/,Pivnik O.,1277.0,19,1434.3,1.0,1313.3,9.0,1561.2,3.0,,
/player/moradibajestani/,Moradibajestani S.,1277.0,4,1279.0,4.0,,,,,,
/player/chestovaliev/,Chestovaliev S.,1276.9,11,1350.6,3.0,1312.1,8.0,,,,
/player/sun-b8f34/,Sun J.,1276.8,24,1318.8,20.0,1434.3,1.0,,,1356.9,3.0
/player/zarski-03196/,Zarski M.,1276.7,4,,,1351.6,2.0,1434.3,1.0,,
/player/barbiero-ac51f/,Barbiero A.,1276.6,4,,,1374.5,2.0,1434.3,1.0,,
/player/cossu-floris/,Cossu Floris P.,1276.4,5,1374.5,2.0,1357.5,2.0,,,,
/player/zhou-9a8cc/,Zhou Y.,1276.2,4,1307.8,3.0,1458.9,1.0,,,,
/player/koffi-ae808/,Koffi M.,1276.1,14,1320.3,3.0,1453.3,3.0,1384.7,2.0,,
/player/simeonova-26fa8/,Simeonova K.,1275.8,4,,,1298.2,4.0,,,,
/player/dadoun/,Dadoun N.,1275.4,3,,,,,,,,
/player/romer/,Romer K.,1275.4,3,1413.3,1.0,1417.5,1.0,,,,
/player/ito-49336/,Ito K.,1275.2,4,1283.1,4.0,,,,,,
/player/bork/,Bork H.,1275.1,11,1434.3,1.0,1403.3,7.0,,,,
/player/de-carvalho/,De Carvalho V.,1275.0,21,1327.5,4.0,1387.8,13.0,1435.2,1.0,,
/player/hunt-6a34b/,Hunt A.,1274.9,8,1384.7,2.0,1386.0,5.0,1434.3,1.0,,
/player/gregoriou-e393d/,Gregoriou G.,1274.9,19,1254.3,6.0,1349.5,12.0,,,,
/player/russell-ab8c6/,Russell A.,1274.5,4,,,1434.3,1.0,,,,
/player/lozitskaya/,Lozitskaya E.,1274.5,4,1279.1,4.0,,,,,,
/player/wheeler-a3067/,Wheeler A.,1274.2,8,1257.2,8.0,,,,,,
/player/blackbeard-ad174/,Blackbeard R.,1274.1,11,1411.7,4.0,1305.5,7.0,,,,
/player/mozgaleva/,Mozgaleva A.,1273.9,19,1377.3,11.0,1298.8,8.0,,,,
/player/frissora/,Frissora E.,1273.9,8,,,1446.3,3.0,,,,
/player/ponomar/,Ponomar L.,1273.9,4,,,1274.1,4.0,,,,
/player/wang-343d3/,Wang Y.,1273.8,4,1294.2,3.0,,,,,1434.3,1.0
/player/nain/,Nain J.,1273.6,5,,,,,,,,
/player/bird-68ff4/,Bird S.,1273.6,5,1377.9,2.0,1345.2,3.0,,,,
/player/nweke-e0043/,Nweke F.,1273.4,5,1434.3,1.0,1295.0,4.0,,,,
/player/sanchez-bahamon-c47d6/,Sanchez Bahamon A.,1273.3,5,1341.1,3.0,1384.7,2.0,,,,
/player/triebe/,Triebe J.,1273.2,6,,,1263.0,6.0,,,,
/player/yoris/,Yoris B.,1273.0,4,,,,,,,,
/player/regalado-macias/,Regalado Macias F.,1273.0,8,1327.4,6.0,1378.7,2.0,,,,
/player/hess-d7693/,Hess S.,1272.9,5,,,,,,,,
/player/dwyer-04031/,Dwyer A.,1272.4,4,1275.9,4.0,,,,,,
/player/leisch/,Leisch M.,1272.4,5,,,1272.4,5.0,,,,
/player/moreno-650f6/,Moreno J.,1271.8,4,1422.1,1.0,1325.6,3.0,,,,
/player/katticaren/,Katticaren A.,1271.7,4,1368.6,2.0,1434.3,1.0,,,,
/player/mir-anglada/,Mir Anglada L.,1271.3,6,,,1275.8,5.0,1434.3,1.0,,
/player/afanasjevs/,Afanasjevs A.,1271.2,9,1504.6,2.0,1318.8,4.0,1504.6,2.0,,
/player/novcic-4f2e2/,Novcic N.,1271.2,5,1384.7,2.0,1365.7,2.0,,,,
/player/piasek/,Piasek I.,1271.1,5,1442.6,1.0,1334.4,3.0,,,,
/player/tsion/,Tsion Y.,1271.1,6,1358.5,4.0,1371.9,2.0,,,,
/player/veljacic/,Veljacic Z.,1271.0,24,,,1417.5,3.0,,,,
/player/durham-3fca0/,Durham N.,1270.8,5,,,,,,,,
/player/rakki/,Rakki S.,1270.7,4,1322.4,4.0,,,,,,
/player/wang-da8e7/,Wang Y.,1270.4,8,1439.4,3.0,1253.6,5.0,,,,
/player/shaya/,Shaya P.,1270.3,4,,,1434.3,1.0,,,,
/player/gore-c8221/,Gore N.,1270.3,6,1401.4,1.0,,,,,,
/player/brom/,Brom A.,1270.2,7,1382.7,2.0,1447.3,3.0,,,,
/player/huggins/,Huggins S.,1270.1,19,1287.5,5.0,1339.1,13.0,,,,
/player/bertolini-a3a1e/,Bertolini C.,1270.0,5,,,1317.0,4.0,,,1434.3,1.0
/player/bill-3bc87/,Bill C.,1270.0,7,,,1258.9,7.0,,,,
/player/rebai-1ba0d/,Rebai H.,1270.0,9,1273.5,9.0,,,,,,
/player/wei-e6a66/,Wei H.,1269.8,9,1404.1,2.0,1373.5,5.0,1434.3,1.0,,
/player/malmygin/,Malmygin R.,1269.8,4,,,,,,,,
/player/willman-09b79/,Willman F.,1269.5,7,,,1401.6,2.0,1457.3,1.0,,
/player/moroi-7f7bc/,Moroi V.,1269.2,5,1376.1,2.0,1387.0,2.0,1434.3,1.0,,
/player/shamlian/,Shamlian E.,1269.1,15,,,,,,,,
/player/khairy-868de/,Khairy F.,1269.0,7,1279.6,7.0,,,,,,
/player/sharygin/,Sharygin E.,1268.9,9,,,,,,,,
/player/kistanov/,Kistanov K.,1268.7,14,,,,,,,,
/player/macchione/,Macchione S.,1268.7,13,1418.9,5.0,1298.6,7.0,,,,
/player/roussopoulou/,Roussopoulou S.,1268.6,10,,,1422.9,1.0,,,,
/player/jinar/,Jinar L.,1268.5,9,1358.0,2.0,1287.4,5.0,1434.3,1.0,,
/player/brun-11c6b/,Brun T.,1268.3,18,1326.7,3.0,1404.3,12.0,1435.2,1.0,,
/player/koppova/,Koppova N.,1267.9,4,,,1434.3,1.0,,,,
/player/bonilla-e5896/,Bonilla L.,1267.9,15,,,,,,,,
/player/baraniakova/,Baraniakova T.,1267.9,4,,,,,,,,
/player/cirpanli/,Cirpanli D.,1267.8,18,1433.4,6.0,1267.5,12.0,,,,
/player/carbis/,Carbis J.,1267.3,8,1299.1,7.0,,,,,1422.1,1.0
/player/stojanovic-28807/,Stojanovic B.,1267.2,13,1373.3,2.0,1290.6,9.0,1565.7,1.0,,
/player/lim-5e203/,Lim S.,1266.9,6,,,,,,,,
/player/yuan-9338d/,Yuan Y.,1266.9,8,1298.5,4.0,1391.8,4.0,,,,
/player/pedersen-lozano/,Pedersen Lozano I.,1266.8,7,1392.4,2.0,1287.0,5.0,,,,
/player/himeno-b8ffd/,Himeno N.,1266.2,5,1272.5,5.0,,,,,,
/player/bonaiuti/,Bonaiuti G.,1266.0,5,,,,,,,,
/player/lis-61a1a/,Lis M.,1265.7,5,1429.6,1.0,1384.7,2.0,,,,
/player/lai-san/,Lai San H.,1265.6,6,1405.8,2.0,1317.6,3.0,1434.3,1.0,,
/player/tambelli/,Tambelli A.,1265.5,5,,,1258.6,5.0,,,,
/player/cassidy-4e903/,Cassidy L.,1265.5,15,1305.5,4.0,,,,,,
/player/ortega-redondo-edb61/,Ortega Redondo M.,1265.3,5,1438.7,1.0,1313.1,3.0,,,,
/player/gregorczyk/,Gregorczyk G.,1265.1,7,1422.1,1.0,1306.2,6.0,,,,
/player/dattatray-kurale/,Dattatray Kurale S.,1264.5,5,,,,,,,,
/player/matta-94b93/,Matta A.,1264.4,10,1438.8,3.0,1292.4,7.0,,,,
/player/fehr/,Fehr N.,1263.9,16,1356.6,9.0,1288.5,7.0,,,,
/player/bahgat/,Bahgat B.,1263.6,5,1384.7,2.0,1328.7,3.0,,,,
/player/abdul-hakim/,Abdul Hakim K.,1263.5,10,1526.8,2.0,1349.4,3.0,,,,
/player/degelow/,Degelow T.,1263.0,5,1434.3,1.0,1285.5,4.0,,,,
/player/gula/,Gula P.,1262.8,11,,,1330.4,6.0,1457.3,1.0,,
/player/martins-a6b93/,Martins A.,1262.5,3,1422.1,1.0,1420.8,1.0,,,,
/player/golda/,Golda K.,1262.4,12,1437.6,1.0,1410.7,3.0,,,,
/player/rao-25a04/,Rao A.,1262.0,7,1353.9,3.0,1314.0,4.0,,,,
/player/chistiakov/,Chistiakov A.,1262.0,13,1437.3,4.0,1279.2,9.0,,,,
/player/pavel-2559f/,Pavel A.,1261.8,13,1373.3,2.0,1304.2,11.0,,,,
/player/busquets-brau/,Busquets Brau G.,1261.5,14,,,1278.2,9.0,1435.8,3.0,,
/player/hitt-b13d7/,Hitt Z.,1261.0,12,1437.4,3.0,1324.3,6.0,,,,
/player/garcia-alonso-b05d1/,Garcia Alonso C.,1261.0,13,1393.2,4.0,1298.3,9.0,,,,
/player/nithithananont/,Nithithananont N.,1260.9,10,1383.2,2.0,1329.6,4.0,1506.8,2.0,,
/player/salim-5fb2d/,Salim R.,1260.8,11,1434.3,1.0,1386.0,7.0,,,,
/player/bosman-ae289/,Bosman P.,1260.7,26,1606.3,9.0,1362.8,5.0,,,,
/player/zivkovic-2c067/,Zivkovic U.,1260.2,14,1448.9,3.0,1242.6,9.0,1422.1,1.0,,
/player/martinez-nohales/,Martinez Nohales J.,1260.0,4,1434.3,1.0,1373.3,2.0,,,,
/player/patibandla/,Patibandla S.,1259.5,7,1285.1,7.0,,,,,,
/player/garcia-patron-canals/,Garcia-Patrón Canals A.,1259.4,12,1270.1,7.0,1400.1,5.0,,,,
/player/zhu-e8de3/,Zhu L.,1259.2,6,,,1256.3,6.0,,,,
/player/komnenic/,Komnenic A.,1259.1,6,1398.7,2.0,1345.7,3.0,1434.3,1.0,,
/player/ye-b18c9/,Ye Z.,1259.0,8,1392.8,2.0,1368.6,3.0,1384.7,2.0,,
/player/haida-lamrani/,Haida-lamrani M.,1258.9,5,,,1434.3,1.0,,,,
/player/xu-3eb29/,Xu E.,1258.6,7,1413.1,1.0,,,,,,
/player/nikodijevic/,Nikodijevic L.,1258.5,7,1384.7,2.0,1303.5,5.0,,,,
/player/raso-montes/,Raso Montes A.,1258.4,4,,,1259.9,4.0,,,,
/player/che-18649/,Che S.,1258.1,5,1294.8,4.0,1434.3,1.0,,,,
/player/mdlulwa/,Mdlulwa W.,1258.0,15,1328.8,10.0,1300.6,5.0,,,,
/player/tsapenko/,Tsapenko M.,1257.8,13,1444.4,3.0,1276.5,9.0,1434.3,1.0,,
/player/price-b7682/,Price C.,1257.5,6,1356.3,2.0,1398.1,2.0,1434.3,1.0,,
/player/mukic/,Mukic A.,1257.2,5,,,1254.4,5.0,,,,
/player/almeida-junior/,Almeida Junior E.,1257.1,13,1440.7,4.0,1295.6,7.0,,,,
/player/kannan-9d7d6/,Kannan A.,1256.4,18,1371.3,2.0,1339.5,8.0,,,,
/player/maunupau/,Maunupau O.,1256.4,15,1434.3,1.0,1434.3,1.0,,,,
/player/matthew-a40ce/,Matthew S.,1255.6,4,1267.0,4.0,,,,,,
/player/mocanu-b9864/,Mocanu A.,1255.6,20,,,1267.2,20.0,,,,
/player/muzyka-1deec/,Muzyka V.,1255.3,7,1254.7,7.0,,,,,,
/player/gemuhluoglu/,Gemuhluoglu A.,1255.3,5,1373.3,2.0,1434.3,1.0,1373.3,2.0,,
/player/ghorbanzadeh/,Ghorbanzadeh A.,1255.1,5,1360.8,2.0,1330.3,3.0,,,,
/player/rimoli/,Rimoli E.,1254.9,6,1443.7,1.0,,,,,,
/player/arai-e282e/,Arai A.,1254.8,8,,,,,,,,
/player/youssef-879ed/,Youssef L.,1254.8,5,1259.4,5.0,,,,,,
/player/ziteng/,Ziteng W.,1253.5,4,1384.7,2.0,1408.1,1.0,,,,
/player/hanke/,Hanke K.,1253.4,4,,,,,,,,
/player/coe/,Coe R.,1253.0,4,,,,,,,,
/player/popoaca/,Popoaca M.,1252.9,8,1459.1,1.0,1273.5,5.0,1504.6,2.0,,
/player/popovic-d0ea1/,Popovic M.,1252.9,11,1351.7,5.0,1357.9,6.0,,,,
/player/jakubcova/,Jakubcova K.,1252.3,6,1345.8,3.0,1345.9,3.0,,,,
/player/melicharova-56757/,Melicharova K.,1252.3,9,,,,,,,,
/player/kovalov/,Kovalov M.,1251.9,12,1428.7,3.0,1313.1,8.0,,,,
/player/schumann-3ebb7/,Schumann A.,1251.8,5,1245.3,5.0,,,,,,
/player/yang-20905/,Yang Z.,1251.1,10,1434.3,1.0,1361.6,6.0,,,,
/player/ringangaonkar/,Ringangaonkar N.,1251.1,5,1373.3,2.0,1325.8,3.0,,,,
/player/montes-khaghani/,Montes Khaghani A.,1251.1,14,1242.5,11.0,1431.4,1.0,,,,
/player/qi-c0209/,Qi N.,1250.3,8,1385.8,2.0,1367.9,4.0,,,,
/player/braga-1d9dd/,Braga V.,1249.7,21,1465.9,7.0,1226.6,13.0,,,,
/player/simao/,Simao M.,1249.7,6,1374.5,2.0,1324.3,4.0,,,,
/player/barlow-68990/,Barlow H.,1248.2,4,,,,,,,,
/player/jacobs-7c741/,Jacobs L.,1247.7,7,1296.1,5.0,1400.6,2.0,,,,
/player/liu-c75ce/,Liu Y.,1247.6,10,1287.6,8.0,1446.6,1.0,,,1434.3,1.0
/player/pinggera/,Pinggera C.,1247.5,6,,,1245.1,6.0,,,,
/player/katpelly/,Katpelly R.,1247.3,5,,,,,,,,
/player/pilipovic/,Pilipovic A.,1247.2,5,,,1335.7,3.0,,,,
/player/hernandez-7fbef/,Hernandez I.,1246.7,5,,,,,,,,
/player/yemshanova/,Yemshanova M.,1246.4,26,,,1283.8,22.0,,,,
/player/gonzalez-fitzmaurice/,Gonzalez Fitzmaurice E.,1246.0,7,1429.9,1.0,1401.9,1.0,1434.3,1.0,,
/player/arangio/,Arangio G.,1245.9,27,1268.3,4.0,,,,,,
/player/kobayashi-0331d/,Kobayashi M.,1245.8,7,1343.5,3.0,1312.8,4.0,,,,
/player/singh-86227/,Singh J.,1245.8,4,,,1298.9,3.0,,,,
/player/becerra-dce83/,Becerra P.,1245.7,7,1298.6,5.0,1373.3,2.0,,,,
/player/lupo/,Lupo A.,1245.4,6,1338.6,3.0,1335.7,3.0,,,,
/player/ferrer-6baca/,Ferrer A.,1245.1,5,,,,,,,,
/player/kepadkho/,Kepadkho A.,1244.9,6,1384.7,2.0,1346.1,3.0,1422.1,1.0,,
/player/kuwata/,Kuwata H.,1244.8,11,1292.2,8.0,1430.1,1.0,1435.8,1.0,1458.7,1.0
/player/esteves-bc4a0/,Esteves I.,1244.6,6,1245.6,6.0,,,,,,
/player/gonzalez-3f996/,Gonzalez J.,1244.4,7,1422.3,1.0,1316.0,4.0,,,,
/player/popoaca-7fa82/,Popoaca P.,1244.1,12,1395.3,2.0,1298.6,8.0,1504.6,2.0,,
/player/luboldt/,Luboldt L.,1244.0,10,,,,,,,,
/player/munim/,Munim D.,1244.0,9,1424.3,1.0,1427.1,1.0,,,,
/player/kornieieva/,Kornieieva A.,1243.8,16,,,1407.9,4.0,,,,
/player/patil-779ac/,Patil S.,1243.8,12,1339.3,8.0,1281.6,4.0,,,,
/player/saulino/,Saulino F.,1243.0,7,1434.3,1.0,1282.9,5.0,,,,
/player/mitrea-gerocz/,Mitrea Gerocz N.,1242.9,7,,,1232.3,7.0,,,,
/player/bergen-7d724/,Bergen H.,1242.4,6,1453.8,1.0,1327.3,3.0,1434.3,1.0,,
/player/van-poppel/,Van Poppel E.,1242.0,22,1338.0,12.0,1423.8,6.0,1434.3,1.0,,
/player/pasiut/,Pasiut J.,1242.0,13,1384.7,2.0,1276.2,11.0,,,,
/player/ayllon-prado/,Ayllon Prado A.,1241.9,11,,,,,,,,
/player/gadoiu/,Gadoiu A.,1241.6,15,1396.8,6.0,1263.4,8.0,,,,
/player/stojovic/,Stojovic D.,1241.4,5,1376.4,2.0,1384.1,2.0,,,,
/player/markovic-ed56e/,Markovic L.,1241.4,6,,,1257.6,6.0,,,,
/player/jakupi-2b255/,Jakupi J.,1241.2,6,,,1375.3,2.0,,,,
/player/loiter/,Loiter L.,1241.1,9,1383.7,4.0,1318.0,3.0,,,1384.7,2.0
/player/corte-36bd7/,Corte C.,1240.6,22,1245.2,14.0,1357.3,8.0,,,,
/player/kleege/,Kleege W.,1240.6,8,,,1317.7,4.0,1434.3,1.0,,
/player/joubert-c0f1c/,Joubert R.,1240.4,5,1373.3,2.0,1317.5,3.0,,,,
/player/pliushcheva/,Pliushcheva A.,1240.2,10,1219.6,7.0,1455.6,3.0,,,,
/player/zheng-4deb4/,Zheng B.,1239.4,15,1343.5,5.0,1302.2,9.0,,,,
/player/bharathy/,Bharathy N.,1239.4,7,,,,,,,,
/player/krupina-5bded/,Krupina Y.,1239.3,15,1253.0,14.0,1453.8,1.0,,,,
/player/cimarra-munoz/,Cimarra Munoz C.,1239.1,10,1359.7,5.0,1264.6,5.0,,,,
/player/prodan/,Prodan G.,1238.4,12,1416.8,4.0,1240.6,8.0,,,,
/player/shtiwe/,Shtiwe I.,1238.1,8,1386.4,2.0,1344.4,5.0,,,,
/player/bult-9caf3/,Bult F.,1237.1,8,1469.2,1.0,1287.3,5.0,,,,
/player/agarwal-1cf5f/,Agarwal D.,1237.1,11,1437.0,3.0,1225.2,8.0,,,,
/player/abukusumo/,Abukusumo A.,1236.8,4,1420.8,1.0,1410.2,1.0,,,,
/player/gvozdenovic/,Gvozdenovic S.,1236.5,12,,,,,,,,
/player/nizetic/,Nizetic L.,1235.8,21,,,,,,,,
/player/lesterhuis/,Lesterhuis A.,1235.8,9,,,,,,,,
/player/kaur-218e4/,Kaur B.,1235.8,9,1331.1,4.0,1279.1,5.0,,,,
/player/georgescu-f816d/,Georgescu M.,1235.0,7,1434.3,1.0,1330.2,4.0,1434.3,1.0,,
/player/higashi-236d5/,Higashi R.,1234.8,8,,,1478.5,2.0,,,,
/player/maalderink/,Maalderink A.,1234.2,5,,,,,,,,
/player/popovic-660c1/,Popovic M.,1233.7,7,1434.3,1.0,1386.3,2.0,1404.0,2.0,,
/player/murariu/,Murariu J.,1233.7,41,1448.7,3.0,1541.3,1.0,,,,
/player/biyan/,Biyan A.,1233.0,8,1434.3,1.0,1242.2,5.0,,,,
/player/rasshchupkin/,Rasshchupkin D.,1232.9,11,1319.5,4.0,1259.6,5.0,1434.3,1.0,,
/player/pereira-de-aguiar/,Pereira De Aguiar G.,1232.8,11,1231.3,11.0,,,,,,
/player/sevald/,Sevald N.,1232.6,9,,,1296.0,4.0,,,,
/player/prutean/,Prutean S.,1232.2,10,,,1220.5,10.0,,,,
/player/skrabalova-63833/,Skrabalova G.,1231.7,6,,,1428.6,1.0,,,,
/player/ambler/,Ambler C.,1231.5,22,1326.0,17.0,,,,,,
/player/revak/,Revak L.,1231.1,6,,,,,,,,
/player/kusy-alzugaray/,Kusy Alzugaray J.,1230.9,17,1338.6,3.0,1389.6,5.0,,,,
/player/chukhas/,Chukhas Z.,1230.8,6,1251.9,6.0,,,,,,
/player/pirohova/,Pirohova D.,1230.7,12,1397.3,2.0,1254.6,9.0,,,,
/player/kajtazi/,Kajtazi L.,1230.4,6,,,1238.4,6.0,,,,
/player/kolodziejska/,Kolodziejska J.,1230.4,12,1405.1,1.0,1449.1,3.0,,,,
/player/nawa/,Nawa M.,1230.2,6,1347.9,2.0,1368.4,2.0,,,,
/player/myers-434b0/,Myers E.,1229.5,10,1417.4,2.0,,,,,,
/player/gordon-95c75/,Gordon A.,1228.6,8,,,,,,,,
/player/germani/,Germani S.,1228.4,6,1230.7,6.0,,,,,,
/player/mar-a6397/,Mar T.,1228.4,23,,,,,,,,
/player/monteleone/,Monteleone G.,1228.3,18,1304.2,13.0,1325.1,4.0,1434.3,1.0,,
/player/mcintosh/,Mcintosh E.,1228.2,7,,,,,,,,
/player/subramanian-9d365/,Subramanian A.,1227.9,6,1437.2,1.0,1297.3,4.0,,,,
/player/rose-6b041/,Rose M.,1227.1,12,1255.3,8.0,1437.1,1.0,1493.2,2.0,1434.3,1.0
/player/almenar-zabala/,Almenar Zabala A.,1226.5,8,1296.7,3.0,1357.3,5.0,,,,
/player/mckenzie-7e71f/,Mckenzie J.,1226.5,7,1384.7,2.0,1280.9,5.0,,,,
/player/hsu-39fbc/,Hsu A.,1226.4,7,1291.4,5.0,1369.6,2.0,,,,
/player/cislo/,Cislo M.,1226.3,9,1428.8,1.0,1270.6,5.0,,,,
/player/tarshish/,Tarshish H.,1226.0,6,1421.8,1.0,1239.8,5.0,,,,
/player/ferguson-8af9f/,Ferguson W.,1225.6,12,1293.7,5.0,1320.4,6.0,,,,
/player/bouwman/,Bouwman B.,1225.5,13,,,,,,,,
/player/losaberidze/,Losaberidze V.,1224.0,15,1332.8,4.0,1226.1,9.0,,,,
/player/iantosca-1326c/,Iantosca N.,1223.6,8,,,,,,,,
/player/eto/,Eto N.,1223.1,13,1350.2,3.0,1256.8,9.0,1434.3,1.0,,
/player/ukaegbu/,Ukaegbu A.,1222.9,8,1277.7,7.0,,,1434.3,1.0,,
/player/giovannini-f1798/,Giovannini F.,1222.5,10,1426.3,1.0,1309.6,6.0,,,,
/player/saharia/,Saharia O.,1222.2,10,1403.5,1.0,1272.3,8.0,,,,
/player/basenko/,Basenko T.,1222.0,8,,,1271.4,7.0,,,,
/player/biiata/,Biiata A.,1221.1,6,1357.7,2.0,1329.0,3.0,1434.3,1.0,,
/player/leon-nestler/,Leon-Nestler J.,1220.9,12,1408.6,4.0,1230.4,6.0,,,,
/player/shroff-482fc/,Shroff S.,1219.4,20,1369.6,2.0,1258.9,15.0,,,1435.8,3.0
/player/mihulka/,Mihulka B.,1219.0,10,1281.3,6.0,,,,,,
/player/ortega-redondo/,Ortega Redondo P.,1218.9,19,1255.8,13.0,1350.5,6.0,,,,
/player/marcon-85e6e/,Marcon M.,1218.4,6,,,1374.5,2.0,,,,
/player/gruber-3ead9/,Gruber L.,1217.0,8,,,1255.6,8.0,,,,
/player/hou-04813/,Hou Y.,1216.9,12,1409.5,4.0,1261.3,6.0,1422.1,1.0,,
/player/hu-71cd5/,Hu S.,1215.7,8,1389.0,2.0,1307.1,4.0,,,,
/player/liu-94943/,Liu P.,1215.1,8,1434.3,1.0,1252.2,5.0,1384.7,2.0,,
/player/hockl/,Hockl V.,1214.9,7,,,1212.8,7.0,,,,
/player/chen-efe70/,Chen J.,1214.8,5,1403.0,1.0,1329.2,3.0,,,,
/player/ribnikar/,Ribnikar M.,1214.7,13,1439.4,3.0,1299.6,7.0,,,,
/player/vasylieva/,Vasylieva S.,1214.7,8,1217.2,8.0,,,,,,
/player/torbica/,Torbica E.,1214.6,12,1371.1,4.0,1234.6,8.0,,,,
/player/khadzakos/,Khadzakos M.,1213.2,8,1339.0,3.0,1395.9,2.0,1385.5,2.0,,
/player/albertini-d7000/,Albertini N.,1212.8,7,1403.8,2.0,1286.0,4.0,,,,
/player/dorokhov-28db2/,Dorokhov F.,1212.1,19,1370.8,6.0,1240.7,9.0,1565.7,1.0,,
/player/davoodi/,Davoodi N.,1211.8,9,1345.2,5.0,,,,,,
/player/seversen/,Seversen M.,1211.7,7,,,,,,,,
/player/necula-24216/,Necula A.,1211.1,9,,,1203.8,9.0,,,,
/player/dinoto-fernandez/,Dinoto Fernandez L.,1210.7,8,1434.3,1.0,1375.0,4.0,,,,
/player/duda-789a7/,Duda E.,1210.4,10,,,1225.6,10.0,,,,
/player/choi-00fe3/,Choi M.,1210.3,8,1223.2,8.0,,,,,,
/player/camarda/,Camarda C.,1209.9,8,1391.9,2.0,1239.7,6.0,,,,
/player/schmitz-81fb6/,Schmitz S.,1208.5,8,,,,,,,,
/player/soares-guerra-maio-ribeiro/,Soares Guerra Maio Ribeiro L.,1208.3,13,1495.3,2.0,1221.3,8.0,,,,
/player/szamborski/,Szamborski J.,1207.3,5,1440.9,1.0,1350.9,2.0,,,,
/player/wang-93eae/,Wang S.,1206.9,11,1354.0,3.0,1309.7,7.0,1434.3,1.0,,
/player/balascak/,Balascak D.,1206.4,9,1434.3,1.0,1426.0,1.0,1434.3,1.0,,
/player/nield-5a27e/,Nield M.,1206.4,8,1207.5,8.0,,,,,,
/player/easwaramurthi/,Easwaramurthi A.,1205.2,13,1231.1,10.0,1432.7,1.0,1395.3,2.0,,
/player/loureiro-e31db/,Loureiro M.,1204.7,13,,,,,,,,
/player/heutschi/,Heutschi L.,1203.4,9,1215.1,8.0,1433.1,1.0,,,,
/player/schaer-98cbe/,Schaer J.,1203.3,10,,,1203.2,10.0,,,,
/player/insfran/,Insfran G.,1202.7,7,1237.6,6.0,1420.0,1.0,,,,
/player/sasko/,Sasko W.,1199.3,13,1354.9,3.0,1271.0,8.0,1373.3,2.0,,
/player/vujosevic-richardson/,Vujosevic-Richardson S.,1198.6,6,1411.0,1.0,1246.9,5.0,,,,
/player/kijima-b6ed5/,Kijima M.,1198.2,13,1212.1,7.0,1340.2,6.0,,,,
/player/svetlakou/,Svetlakou U.,1196.9,9,1384.7,2.0,1279.0,6.0,,,,
/player/amiri-e44e1/,Amiri F.,1196.1,8,1383.6,2.0,1248.7,6.0,,,,
/player/makarski/,Makarski D.,1193.8,13,1353.7,5.0,1240.8,8.0,,,,
/player/vos-2c2cc/,Vos M.,1193.5,9,,,1434.3,1.0,,,,
/player/kubo-24924/,Kubo T.,1193.1,12,1340.5,5.0,1255.1,6.0,1434.3,1.0,,
/player/colic-3156b/,Colic A.,1190.8,11,,,1179.8,11.0,,,,
/player/anhelov/,Anhelov I.,1190.4,13,1300.2,4.0,1250.0,8.0,,,,
/player/durrels-rojo/,Durrels Rojo B.,1188.7,7,,,,,,,,
/player/ramirez-f3804/,Ramirez K.,1188.0,16,1434.3,1.0,1204.0,15.0,,,,
/player/hu-89dda/,Hu H.,1185.9,13,1349.5,3.0,1287.9,5.0,1434.3,1.0,,
/player/ai-574d9/,Ai H.,1184.7,11,1376.3,2.0,1273.3,5.0,1434.3,1.0,,
/player/bennasar-motilla/,Bennasar Motilla K.,1184.6,11,1236.1,9.0,1384.7,2.0,,,,
/player/poulka/,Poulka M.,1184.6,12,1362.3,3.0,1203.1,9.0,,,,
/player/toman-1314a/,Toman P.,1183.8,9,1408.8,2.0,1259.2,6.0,1434.3,1.0,,
/player/ltaief/,Ltaief A.,1183.6,9,1345.7,3.0,1281.9,5.0,1434.3,1.0,,
/player/zolotukhina/,Zolotukhina M.,1183.5,9,1196.7,9.0,,,,,,
/player/zheng-6616a/,Zheng W.,1181.6,18,1234.5,15.0,1434.3,1.0,,,1384.4,2.0
/player/zavacky/,Zavacky P.,1181.5,13,1318.1,4.0,1317.0,7.0,1434.3,1.0,,
/player/veskovic/,Veskovic E.,1181.0,8,,,1200.6,8.0,,,,
/player/he-f578d/,He J.,1178.4,8,1373.3,2.0,1303.4,4.0,1434.3,1.0,,
/player/samson-69911/,Samson A.,1177.4,21,1417.3,3.0,1188.4,14.0,1504.6,2.0,,
/player/vilar/,Vilar G.,1176.8,11,,,1159.6,11.0,,,,
/player/idzikowski/,Idzikowski E.,1174.8,7,1434.3,1.0,,,,,,
/player/kamalov-72f91/,Kamalov A.,1172.0,11,,,,,,,,
/player/rathi-ee754/,Rathi S.,1171.4,9,1369.0,2.0,1255.9,6.0,1422.1,1.0,,
/player/jaramillo-e0c95/,Jaramillo J.,1169.1,8,1434.3,1.0,1206.1,6.0,,,,
/player/petrovic-9016e/,Petrovic V.,1168.4,11,1392.2,2.0,1209.2,7.0,1373.3,2.0,,
/player/gomez-osorio/,Gomez Osorio A.,1168.2,11,1404.0,2.0,1337.5,3.0,,,,
/player/ichikawa-03af5/,Ichikawa S.,1165.8,11,1327.1,4.0,1235.6,7.0,,,,
/player/outcalt/,Outcalt N.,1165.7,9,,,,,,,,
/player/jokinen-b2db9/,Jokinen N.,1165.6,10,1366.3,2.0,,,,,,
/player/gabor-3c6c6/,Gabor D.,1158.2,11,1384.7,2.0,1245.4,7.0,1434.3,1.0,,
/player/tawdrws/,Tawdrws M.,1156.5,8,1240.3,6.0,1319.3,2.0,,,,
/player/verma-ff5c5/,Verma S.,1151.9,11,1161.3,11.0,,,,,,
/player/vidunov/,Vidunov A.,1145.0,12,1312.0,4.0,1231.2,6.0,,,,
/player/sousou/,Sousou C.,1136.0,11,1327.3,3.0,1262.9,6.0,,,,
/player/cheikh-fredj/,Cheikh Fredj S.,1126.9,10,1137.4,10.0,,,,,,
/player/rsovac-d1e68/,Rsovac D.,1119.6,10,1136.1,10.0,,,,,,
/player/lambert-ec9f4/,Lambert M.,1107.7,14,,,,,,,,
/player/khan-81def/,Khan M.,1106.5,14,1278.5,5.0,1211.0,7.0,1434.3,1.0,,
/player/fu-0a91f/,Fu J.,1067.3,17,1275.9,5.0,1204.4,9.0,1434.3,1.0,,
